root_id,hemisphere,type,column_id,x,y,p,q
720575940604525792,left,L1,490,-0.5555555555555556,0.18644067796610164,8,-2
720575940604585662,left,L3,357,0.5,0.5593220338983051,4,13
720575940604624096,left,L3,343,-0.2777777777777778,0.8983050847457628,16,11
720575940604635616,left,L1,223,-0.22222222222222232,0.8644067796610169,15,11
720575940604661472,left,L2,313,0.8333333333333333,0.0847457627118644,-6,9
720575940604738016,left,L1,353,0.22222222222222232,0.7966101694915255,10,14
720575940604940716,left,L2,80,0.5,0.423728813559322,2,11
720575940604962528,left,L3,263,-0.33333333333333337,0.11864406779661008,5,-1
720575940604963552,left,L2,188,-0.5,0.5593220338983051,13,4
720575940604992480,left,L2,26,0.16666666666666674,-0.11864406779661019,-3,0
720575940605046188,left,L3,289,-0.05555555555555558,0.35593220338983045,6,5
720575940605064364,left,L2,159,0.8333333333333333,0.22033898305084754,-4,11
720575940605197740,left,L3,762,0.0,0.4576271186440677,7,7
720575940605287852,left,L1,327,0.6111111111111112,0.0847457627118644,-4,7
720575940605418668,left,L2,122,-0.5,0.2881355932203389,9,0
720575940605659872,left,L3,94,0.5555555555555554,0.5932203389830508,4,14
720575940605762016,left,L2,284,0.05555555555555558,0.8305084745762712,12,13
720575940605783008,left,L1,158,0.38888888888888906,-0.18644067796610164,-6,1
720575940605788849,left,L3,639,-0.38888888888888895,0.6271186440677967,13,6
720575940605842780,left,L3,624,0.16666666666666674,-0.5932203389830508,-10,-7
720575940605882470,left,L3,318,0.5,-0.6610169491525424,-14,-5
720575940605882796,left,L3,507,-0.5555555555555556,-0.423728813559322,-1,-11
720575940605887968,left,L2,710,0.5,-0.864406779661017,-17,-8
720575940605971116,left,L2,158,0.38888888888888906,-0.18644067796610164,-6,1
720575940605977516,left,L2,320,-0.16666666666666674,-0.18644067796610164,-1,-4
720575940605994924,left,L1,65,-0.11111111111111105,0.9322033898305084,15,13
720575940606004396,left,L3,538,-0.38888888888888895,0.016949152542372836,4,-3
720575940606027808,left,L1,227,-0.7222222222222222,0.15254237288135597,9,-4
720575940606072748,left,L3,78,0.22222222222222232,0.6610169491525424,8,12
720575940606073534,left,L3,747,0.0,0.05084745762711873,1,1
720575940606110641,left,L2,489,-0.33333333333333337,0.3220338983050848,8,2
720575940606117804,left,L3,102,0.38888888888888906,0.423728813559322,3,10
720575940606126782,left,L2,211,-0.7222222222222222,-0.05084745762711862,6,-7
720575940606128318,left,L3,216,0.2777777777777777,0.6271186440677967,7,12
720575940606139820,left,L2,254,0.3333333333333335,-0.8305084745762712,-15,-9
720575940606140337,left,L3,476,-0.05555555555555558,0.4915254237288136,8,7
720575940606140862,left,L3,202,-0.05555555555555558,0.8983050847457628,14,13
720575940606172593,left,L2,50,-0.16666666666666674,0.6949152542372881,12,9
720575940606194622,left,L3,752,-0.16666666666666674,0.22033898305084754,5,2
720575940606304102,left,L2,205,0.5555555555555554,-0.22033898305084743,-8,2
720575940606332350,left,L2,596,-0.4444444444444444,-0.5593220338983051,-4,-12
720575940606420657,left,L1,509,-0.4444444444444444,0.3220338983050848,9,1
720575940606444478,left,L2,330,0.38888888888888906,0.0847457627118644,-2,5
720575940606445489,left,L3,700,0.6111111111111112,0.4915254237288136,2,13
720575940606471102,left,L3,620,0.8333333333333333,0.016949152542372836,-7,8
720575940606523424,left,L1,459,0.6111111111111112,-0.11864406779661019,-7,4
720575940606575462,left,L1,73,0.22222222222222232,0.05084745762711873,-1,3
720575940606612670,left,L1,552,0.5,-0.05084745762711862,-5,4
720575940606645862,left,L3,247,-0.38888888888888895,-0.5254237288135593,-4,-11
720575940606654654,left,L1,596,-0.4444444444444444,-0.5593220338983051,-4,-12
720575940606664126,left,L1,184,-0.6111111111111112,-0.18644067796610164,3,-8
720575940606672230,left,L2,23,-0.33333333333333337,-0.5593220338983051,-5,-11
720575940606675646,left,L2,424,-0.33333333333333337,-0.0847457627118644,2,-4
720575940606693566,left,L1,100,0.22222222222222232,-0.35593220338983056,-7,-3
720575940606721201,left,L1,381,0.5555555555555554,-0.8983050847457628,-18,-8
720575940606747081,left,L1,38,0.0,-0.0847457627118644,-1,-1
720575940606777278,left,L2,104,-0.05555555555555558,-0.9322033898305084,-13,-14
720575940606779484,left,L1,616,-0.2777777777777778,0.4915254237288136,10,5
720575940606781873,left,L3,113,-0.22222222222222232,0.11864406779661008,4,0
720575940606838283,left,L1,694,0.5,0.0847457627118644,-3,6
720575940606845873,left,L3,279,-0.4444444444444444,0.2542372881355932,8,0
720575940606877897,left,L2,755,0.5,0.6271186440677967,5,14
720575940606879409,left,L2,444,0.4444444444444444,-0.35593220338983056,-9,-1
720575940606909617,left,L1,366,0.2777777777777777,-1.0,-17,-12
720575940606918953,left,L2,674,-0.4444444444444444,-0.4915254237288136,-3,-11
720575940607002313,left,L1,609,-0.22222222222222232,-0.016949152542372836,2,-2
720575940607059753,left,L3,134,-0.5555555555555556,-0.6271186440677966,-4,-14
720575940607107970,left,L2,764,0.8333333333333333,0.35593220338983045,-2,13
720575940607126962,left,L1,375,-0.6111111111111112,0.22033898305084754,9,-2
720575940607149257,left,L2,6,-0.22222222222222232,-0.15254237288135597,0,-4
720575940607233666,left,L1,130,0.22222222222222232,0.38983050847457634,4,8
720575940607240393,left,L1,598,0.22222222222222232,-0.6271186440677966,-11,-7
720575940607332297,left,L1,284,0.05555555555555558,0.8305084745762712,12,13
720575940607645397,left,L2,321,0.8888888888888888,0.11864406779661008,-6,10
720575940607751113,left,L1,379,0.38888888888888906,-0.5932203389830508,-12,-5
720575940607756930,left,L2,66,0.2777777777777777,0.4915254237288136,5,10
720575940607774898,left,L3,91,-0.11111111111111105,0.18644067796610164,4,2
720575940607821001,left,L2,48,-0.4444444444444444,-0.7627118644067796,-7,-15
720575940607847042,left,L1,651,-0.38888888888888895,-0.18644067796610164,1,-6
720575940607901641,left,L2,585,-0.05555555555555558,-0.7966101694915254,-11,-12
720575940608042114,left,L2,38,0.0,-0.0847457627118644,-1,-1
720575940608144514,left,L1,29,-0.05555555555555558,-0.11864406779661019,-1,-2
720575940608185218,left,L2,1,-0.6111111111111112,0.423728813559322,12,1
720575940608217010,left,L3,660,0.22222222222222232,0.9322033898305084,12,16
720575940608242354,left,L2,116,-0.11111111111111105,-0.288135593220339,-3,-5
720575940608265564,left,L1,178,0.2777777777777777,0.35593220338983045,3,8
720575940608330882,left,L1,512,0.666666666666667,-0.016949152542372836,-6,6
720575940608340060,left,L1,590,0.16666666666666674,0.2881355932203389,3,6
720575940608386140,left,L1,731,-0.6111111111111112,0.2881355932203389,10,-1
720575940608513372,left,L2,22,-0.05555555555555558,0.0847457627118644,2,1
720575940608700117,left,L3,15,0.2777777777777777,-0.11864406779661019,-4,1
720575940608816651,left,L2,528,0.2777777777777777,0.22033898305084754,1,6
720575940608857355,left,L2,12,-0.7222222222222222,0.2881355932203389,11,-2
720575940608999177,left,L3,273,-0.6111111111111112,0.7627118644067796,17,6
720575940609042244,left,L3,353,0.22222222222222232,0.7966101694915255,10,14
720575940609043804,left,L3,651,-0.38888888888888895,-0.18644067796610164,1,-6
720575940609113948,left,L1,262,0.16666666666666674,-0.38983050847457623,-7,-4
720575940609140949,left,L2,118,0.38888888888888906,0.016949152542372836,-3,4
720575940609236060,left,L1,138,0.05555555555555558,0.8983050847457628,13,14
720575940609242204,left,L1,193,-0.5555555555555556,0.11864406779661008,7,-3
720575940609256540,left,L2,484,0.38888888888888906,-0.3220338983050848,-8,-1
720575940609274307,left,L3,746,-0.2777777777777778,0.0847457627118644,4,-1
720575940609283523,left,L1,45,-0.5,-0.05084745762711862,4,-5
720575940609295964,left,L1,537,0.05555555555555558,-0.7966101694915254,-12,-11
720575940609309451,left,L2,348,0.3333333333333335,0.4576271186440677,4,10
720575940609347779,left,L3,495,0.5,0.15254237288135597,-2,7
720575940609434210,left,L1,649,-0.05555555555555558,0.15254237288135597,3,2
720575940609448899,left,L3,68,0.3333333333333335,0.5254237288135593,5,11
720575940609453013,left,L2,266,-0.05555555555555558,-0.864406779661017,-12,-13
720575940609653513,left,L2,431,-0.22222222222222232,-0.35593220338983056,-3,-7
720575940609718084,left,L3,680,-0.05555555555555558,0.8305084745762712,13,12
720575940609720073,left,L1,286,0.0,-0.8305084745762712,-12,-12
720575940609744323,left,L3,106,-0.7222222222222222,0.35593220338983045,12,-1
720575940609769483,left,L2,81,0.666666666666667,-0.0847457627118644,-7,5
720575940609769739,left,L2,109,0.5,-0.18644067796610164,-7,2
720575940609771019,left,L2,742,-0.38888888888888895,0.35593220338983045,9,2
720575940609802197,left,L2,178,0.2777777777777777,0.35593220338983045,3,8
720575940609805835,left,L2,380,-0.05555555555555558,0.9661016949152543,15,14
720575940609818339,left,L1,633,-0.11111111111111105,-0.8305084745762712,-11,-13
720575940609819619,left,L1,709,-0.22222222222222232,-0.8305084745762712,-10,-14
720575940609844451,left,L3,603,-0.2777777777777778,-0.7966101694915254,-9,-14
720575940609982403,left,L2,36,0.666666666666667,0.2542372881355932,-2,10
720575940610020035,left,L1,566,0.5555555555555554,-0.288135593220339,-9,1
720575940610103765,left,L2,47,-0.9444444444444445,-0.05084745762711862,8,-9
720575940610123989,left,L3,691,0.7222222222222221,-0.728813559322034,-17,-4
720575940610124757,left,L1,571,0.0,-0.4915254237288136,-7,-7
720575940610217155,left,L3,253,0.5555555555555554,0.5254237288135593,3,13
720575940610231253,left,L3,526,0.0,-0.35593220338983056,-5,-5
720575940610232533,left,L2,373,0.16666666666666674,-0.728813559322034,-12,-9
720575940610234325,left,L2,723,-0.16666666666666674,-0.38983050847457623,-4,-7
720575940610299587,left,L1,147,0.16666666666666674,0.6949152542372881,9,12
720575940610301764,left,L2,298,-0.5,0.15254237288135597,7,-2
720575940610315715,left,L1,582,-0.05555555555555558,0.7627118644067796,12,11
720575940610324163,left,L1,58,0.3333333333333335,0.38983050847457634,3,9
720575940610327491,left,L1,12,-0.7222222222222222,0.2881355932203389,11,-2
720575940610340035,left,L1,122,-0.5,0.2881355932203389,9,0
720575940610343236,left,L1,311,-0.7222222222222222,0.4915254237288136,14,1
720575940610345155,left,L1,267,-0.6666666666666667,0.05084745762711873,7,-5
720575940610369987,left,L3,459,0.6111111111111112,-0.11864406779661019,-7,4
720575940610418883,left,L2,282,0.0,0.8644067796610169,13,13
720575940610419139,left,L2,93,-0.6111111111111112,0.0847457627118644,7,-4
720575940610419395,left,L2,238,-0.8333333333333333,-0.11864406779661019,6,-9
720575940610419651,left,L2,651,-0.38888888888888895,-0.18644067796610164,1,-6
720575940610425902,left,L3,363,0.7777777777777779,-0.15254237288135597,-9,5
720575940610642734,left,L3,694,0.5,0.0847457627118644,-3,6
720575940610820654,left,L2,107,0.8888888888888888,-0.0847457627118644,-9,7
720575940610903620,left,L1,714,0.5555555555555554,0.38983050847457634,1,11
720575940610968132,left,L1,194,0.05555555555555558,-0.18644067796610164,-3,-2
720575940610990916,left,L2,267,-0.6666666666666667,0.05084745762711873,7,-5
720575940611040046,left,L3,501,0.11111111111111116,0.05084745762711873,0,2
720575940611105400,left,L2,520,-0.22222222222222232,-0.7627118644067796,-9,-13
720575940611216226,left,L2,479,-0.22222222222222232,0.3220338983050848,7,3
720575940611220116,left,L3,757,0.0,-0.22033898305084743,-3,-3
720575940611236910,left,L3,545,0.6111111111111112,0.35593220338983045,0,11
720575940611282222,left,L3,215,0.7222222222222221,0.22033898305084754,-3,10
720575940611391694,left,L3,53,0.5555555555555554,0.4576271186440677,2,12
720575940611415854,left,L3,463,0.6111111111111112,0.5593220338983051,3,14
720575940611420974,left,L1,289,-0.05555555555555558,0.35593220338983045,6,5
720575940611437518,left,L3,704,-0.7777777777777778,0.2542372881355932,11,-3
720575940611452462,left,L2,527,-0.4444444444444444,-0.288135593220339,0,-8
720575940611454510,left,L3,566,0.5555555555555554,-0.288135593220339,-9,1
720575940611457070,left,L3,743,0.7222222222222221,-0.6610169491525424,-16,-3
720575940611463214,left,L1,664,0.16666666666666674,-0.9322033898305084,-15,-12
720575940611473710,left,L3,485,-0.2777777777777778,-0.11864406779661019,1,-4
720575940611476270,left,L1,474,-0.2777777777777778,-0.5932203389830508,-6,-11
720575940611508526,left,L2,736,-0.8333333333333333,0.016949152542372836,8,-7
720575940611541454,left,L2,623,0.16666666666666674,0.423728813559322,5,8
720575940611542392,left,L3,98,-0.11111111111111105,-0.423728813559322,-5,-7
720575940611637141,left,L3,486,0.05555555555555558,0.016949152542372836,0,1
720575940611736014,left,L2,374,0.2777777777777777,0.423728813559322,4,9
720575940611809234,left,L3,365,0.5,0.22033898305084754,-1,8
720575940611826530,left,L1,695,-0.6666666666666667,0.3220338983050848,11,-1
720575940611827298,left,L2,342,0.2777777777777777,-0.5254237288135593,-10,-5
720575940611868882,left,L1,455,0.8333333333333333,-0.2542372881355932,-11,4
720575940611870613,left,L1,602,0.4444444444444444,-0.0847457627118644,-5,3
720575940611947482,left,L3,693,-0.2777777777777778,0.8305084745762712,15,10
720575940611968722,left,L1,35,0.11111111111111116,-0.8305084745762712,-13,-11
720575940611991409,left,L1,548,0.11111111111111116,-0.5593220338983051,-9,-7
720575940612103010,left,L1,542,0.7222222222222221,-0.4576271186440678,-13,0
720575940612106082,left,L1,55,-0.38888888888888895,-0.38983050847457623,-2,-9
720575940612108642,left,L1,780,-0.16666666666666674,-0.9322033898305084,-12,-15
720575940612122210,left,L2,106,-0.7222222222222222,0.35593220338983045,12,-1
720575940612122978,left,L2,573,0.4444444444444444,0.4576271186440677,3,11
720575940612129378,left,L2,465,0.3333333333333335,-0.016949152542372836,-3,3
720575940612138338,left,L2,522,-0.4444444444444444,-0.016949152542372836,4,-4
720575940612179093,left,L3,126,0.38888888888888906,0.35593220338983045,2,9
720575940612208533,left,L2,512,0.666666666666667,-0.016949152542372836,-6,6
720575940612211635,left,L1,60,-0.888888888888889,0.2542372881355932,12,-4
720575940612216549,left,L3,721,0.6111111111111112,0.423728813559322,1,12
720575940612246990,left,L2,409,0.05555555555555558,-0.11864406779661019,-2,-1
720575940612259733,left,L2,558,-0.38888888888888895,-0.728813559322034,-7,-14
720575940612299214,left,L3,196,-0.11111111111111105,0.2542372881355932,5,3
720575940612337102,left,L1,354,-0.22222222222222232,-0.8983050847457628,-11,-15
720575940612340430,left,L3,47,-0.9444444444444445,-0.05084745762711862,8,-9
720575940612344418,left,L1,624,0.16666666666666674,-0.5932203389830508,-10,-7
720575940612393395,left,L2,521,0.7222222222222221,-0.3220338983050848,-11,2
720575940612499442,left,L2,510,-0.16666666666666674,0.35593220338983045,7,4
720575940612545010,left,L1,746,-0.2777777777777778,0.0847457627118644,4,-1
720575940612566385,left,L3,20,0.38888888888888906,-0.38983050847457623,-9,-2
720575940612629477,left,L3,250,-0.05555555555555558,0.016949152542372836,1,0
720575940612637669,left,L2,662,0.2777777777777777,-0.05084745762711862,-3,2
720575940612658858,left,L1,450,0.2777777777777777,-0.3220338983050848,-7,-2
720575940612740850,left,L3,88,0.7777777777777779,0.11864406779661008,-5,9
720575940612742642,left,L2,360,-0.5,0.6271186440677967,14,5
720575940612743922,left,L2,110,-0.7777777777777778,-0.016949152542372836,7,-7
720575940612744085,left,L2,775,0.5555555555555554,0.728813559322034,6,16
720575940612775061,left,L1,332,0.4444444444444444,-0.8983050847457628,-17,-9
720575940612787370,left,L3,711,-0.05555555555555558,0.6271186440677967,10,9
720575940612807829,left,L2,417,-0.6666666666666667,-0.35593220338983056,1,-11
720575940612843634,left,L3,310,0.22222222222222232,0.728813559322034,9,13
720575940612844401,left,L3,120,-0.05555555555555558,-0.05084745762711862,0,-1
720575940612869093,left,L3,66,0.2777777777777777,0.4915254237288136,5,10
720575940612911638,left,L1,1,-0.6111111111111112,0.423728813559322,12,1
720575940612911765,left,L1,62,-0.16666666666666674,-1.0,-13,-16
720575940612912150,left,L2,747,0.0,0.05084745762711873,1,1
720575940612918195,left,L2,317,-0.5555555555555556,-0.15254237288135597,3,-7
720575940612922646,left,L2,515,-0.8333333333333333,-0.2542372881355932,4,-11
720575940612927706,left,L2,751,0.11111111111111116,0.18644067796610164,2,4
720575940612932325,left,L3,779,0.8888888888888888,0.18644067796610164,-5,11
720575940612956322,left,L3,654,-0.33333333333333337,0.2542372881355932,7,1
720575940612959857,left,L2,442,-0.5,0.8305084745762712,17,8
720575940612960674,left,L3,39,0.0,0.6610169491525424,10,10
720575940613013466,left,L2,394,-0.7777777777777778,-0.288135593220339,3,-11
720575940613029605,left,L2,372,0.11111111111111116,-0.0847457627118644,-2,0
720575940613058010,left,L1,416,0.3333333333333335,-0.288135593220339,-7,-1
720575940613059290,left,L1,233,0.5,-0.4576271186440678,-11,-2
720575940613060058,left,L1,640,-0.11111111111111105,-0.5593220338983051,-7,-9
720575940613061082,left,L1,697,0.11111111111111116,-0.7627118644067796,-12,-10
720575940613063642,left,L1,681,-0.16666666666666674,-0.728813559322034,-9,-12
720575940613081258,left,L2,499,0.5555555555555554,0.3220338983050848,0,10
720575940613117667,left,L3,261,-0.05555555555555558,0.423728813559322,7,6
720575940613151667,left,L1,604,-0.05555555555555558,-1.0,-14,-15
720575940613154730,left,L1,192,0.7777777777777779,0.3220338983050848,-2,12
720575940613249010,left,L1,621,0.11111111111111116,0.7966101694915255,11,13
720575940613252082,left,L2,724,0.4444444444444444,0.05084745762711873,-3,5
720575940613275762,left,L1,8,-0.4444444444444444,0.8644067796610169,17,9
720575940613324003,left,L2,712,-0.7777777777777778,0.38983050847457634,13,-1
720575940613351141,left,L2,707,-0.16666666666666674,0.8305084745762712,14,11
720575940613354393,left,L2,112,-0.6111111111111112,0.016949152542372836,6,-5
720575940613354467,left,L3,276,0.2777777777777777,0.0847457627118644,-1,4
720575940613354979,left,L3,636,0.0,0.18644067796610164,3,3
720575940613372586,left,L2,34,0.666666666666667,0.5932203389830508,3,15
720575940613400293,left,L1,420,0.7222222222222221,-0.11864406779661019,-8,5
720575940613409763,left,L2,718,-0.5555555555555556,0.7966101694915255,17,7
720575940613410019,left,L3,145,0.0,0.11864406779661008,2,2
720575940613428377,left,L1,6,-0.22222222222222232,-0.15254237288135597,0,-4
720575940613429989,left,L1,408,-0.6666666666666667,-0.15254237288135597,4,-8
720575940613432985,left,L1,781,0.8888888888888888,0.05084745762711873,-7,9
720575940613440754,left,L3,416,0.3333333333333335,-0.288135593220339,-7,-1
720575940613503981,left,L1,92,0.05555555555555558,0.2881355932203389,4,5
720575940613504739,left,L2,490,-0.5555555555555556,0.18644067796610164,8,-2
720575940613593581,left,L1,715,0.4444444444444444,0.3220338983050848,1,9
720575940613596397,left,L2,140,0.3333333333333335,0.2542372881355932,1,7
720575940613618915,left,L3,325,0.6111111111111112,0.016949152542372836,-5,6
720575940613630617,left,L2,761,-0.4444444444444444,-0.6271186440677966,-5,-13
720575940613658605,left,L3,87,0.16666666666666674,0.35593220338983045,4,7
720575940613673187,left,L1,280,-0.6666666666666667,-0.4915254237288136,-1,-13
720575940613686765,left,L3,110,-0.7777777777777778,-0.016949152542372836,7,-7
720575940613692994,left,L3,508,-0.5,0.35593220338983045,10,1
720575940613707286,left,L1,499,0.5555555555555554,0.3220338983050848,0,10
720575940613769322,left,L3,576,0.0,0.9322033898305084,14,14
720575940613772310,left,L1,708,-0.38888888888888895,-0.864406779661017,-9,-16
720575940613789411,left,L3,79,0.2777777777777777,0.016949152542372836,-2,3
720575940613798637,left,L2,648,0.16666666666666674,0.22033898305084754,2,5
720575940613826674,left,L3,536,0.3333333333333335,0.11864406779661008,-1,5
720575940613855346,left,L2,647,-0.38888888888888895,-0.2542372881355932,0,-7
720575940613888227,left,L1,269,0.2777777777777777,-0.6610169491525424,-12,-7
720575940613990111,left,L3,493,-0.2777777777777778,0.7627118644067796,14,9
720575940614061608,left,L2,477,-0.33333333333333337,0.05084745762711873,4,-2
720575940614068776,left,L1,680,-0.05555555555555558,0.8305084745762712,13,12
720575940614095843,left,L1,96,0.11111111111111116,-0.35593220338983056,-6,-4
720575940614100655,left,L2,131,-0.6666666666666667,0.6610169491525424,16,4
720575940614113036,left,L3,475,-0.38888888888888895,-0.05084745762711862,3,-4
720575940614158819,left,L2,451,0.4444444444444444,0.6610169491525424,6,14
720575940614176483,left,L3,397,-0.2777777777777778,-0.6610169491525424,-7,-12
720575940614183651,left,L2,91,-0.11111111111111105,0.18644067796610164,4,2
720575940614191023,left,L1,784,-0.38888888888888895,0.9661016949152543,18,11
720575940614239795,left,L1,696,-0.22222222222222232,0.5254237288135593,10,6
720575940614354413,left,L3,662,0.2777777777777777,-0.05084745762711862,-3,2
720575940614464721,left,L3,418,-0.16666666666666674,0.4915254237288136,9,6
720575940614474386,left,L3,165,0.4444444444444444,0.5254237288135593,4,12
720575940614485544,left,L1,326,0.22222222222222232,0.5254237288135593,6,10
720575940614519021,left,L1,132,0.22222222222222232,0.11864406779661008,0,4
720575940614549229,left,L1,272,0.3333333333333335,-0.0847457627118644,-4,2
720575940614571682,left,L3,767,0.11111111111111116,0.9322033898305084,13,15
720575940614575527,left,L3,234,0.16666666666666674,0.0847457627118644,0,3
720575940614582253,left,L1,238,-0.8333333333333333,-0.11864406779661019,6,-9
720575940614586287,left,L3,758,0.6111111111111112,-0.05084745762711862,-6,5
720575940614589933,left,L2,270,0.11111111111111116,-0.288135593220339,-5,-3
720575940614592552,left,L3,593,0.3333333333333335,-0.4915254237288136,-10,-4
720575940614597101,left,L3,558,-0.38888888888888895,-0.728813559322034,-7,-14
720575940614615714,left,L3,292,-0.4444444444444444,0.5932203389830508,13,5
720575940614625587,left,L3,163,0.4444444444444444,0.8644067796610169,9,17
720575940614634989,left,L2,407,-0.5555555555555556,-0.35593220338983056,0,-10
720575940614668339,left,L1,120,-0.05555555555555558,-0.05084745762711862,0,-1
720575940614678225,left,L3,609,-0.22222222222222232,-0.016949152542372836,2,-2
720575940614688563,left,L1,185,0.2777777777777777,-0.38983050847457623,-8,-3
720575940614734751,left,L2,473,-0.38888888888888895,0.7627118644067796,15,8
720575940614749334,left,L1,66,0.2777777777777777,0.4915254237288136,5,10
720575940614751230,left,L2,546,0.3333333333333335,0.18644067796610164,0,6
720575940614754344,left,L3,84,-0.22222222222222232,0.38983050847457634,8,4
720575940614784977,left,L2,161,0.4444444444444444,-0.4915254237288136,-11,-3
720575940614817447,left,L2,560,-0.7777777777777778,0.4576271186440677,14,0
720575940614830888,left,L3,406,0.16666666666666674,-0.864406779661017,-14,-11
720575940614837544,left,L3,268,0.7777777777777779,-0.22033898305084743,-10,4
720575940614846119,left,L2,233,0.5,-0.4576271186440678,-11,-2
720575940614869544,left,L2,633,-0.11111111111111105,-0.8305084745762712,-11,-13
720575940615005103,left,L1,667,0.11111111111111116,-0.9661016949152542,-15,-13
720575940615012015,left,L3,220,0.22222222222222232,-0.22033898305084743,-5,-1
720575940615030634,left,L3,236,-0.11111111111111105,0.11864406779661008,3,1
720575940615037480,left,L2,726,0.22222222222222232,-0.9661016949152542,-16,-12
720575940615057327,left,L1,13,-0.11111111111111105,-0.8983050847457628,-12,-14
720575940615072051,left,L1,49,0.4444444444444444,-0.15254237288135597,-6,2
720575940615072307,left,L1,109,0.5,-0.18644067796610164,-7,2
720575940615083571,left,L1,74,-0.05555555555555558,-0.3220338983050848,-4,-5
720575940615094678,left,L3,544,0.38888888888888906,-0.4576271186440678,-10,-3
720575940615124630,left,L1,7,-0.6666666666666667,-0.22033898305084743,3,-9
720575940615125246,left,L1,764,0.8333333333333333,0.35593220338983045,-2,13
720575940615129450,left,L2,243,-0.05555555555555558,-0.728813559322034,-10,-11
720575940615140202,left,L1,37,0.16666666666666674,0.15254237288135597,1,4
720575940615162031,left,L3,708,-0.38888888888888895,-0.864406779661017,-9,-16
720575940615167663,left,L2,706,0.6111111111111112,-0.9322033898305084,-19,-8
720575940615179094,left,L2,677,0.05555555555555558,0.35593220338983045,5,6
720575940615191207,left,L1,612,-0.33333333333333337,-0.8983050847457628,-10,-16
720575940615244083,left,L2,548,0.11111111111111116,-0.5593220338983051,-9,-7
720575940615259955,left,L2,470,0.5,-0.3220338983050848,-9,0
720575940615276511,left,L1,159,0.8333333333333333,0.22033898305084754,-4,11
720575940615327711,left,L1,468,-0.2777777777777778,0.35593220338983045,8,3
720575940615371370,left,L3,282,0.0,0.8644067796610169,13,13
720575940615395326,left,L2,540,-0.16666666666666674,-0.3220338983050848,-3,-6
720575940615398910,left,L3,471,0.3333333333333335,-0.8983050847457628,-16,-10
720575940615446014,left,L1,617,-0.16666666666666674,-0.5932203389830508,-7,-10
720575940615460350,left,L1,522,-0.4444444444444444,-0.016949152542372836,4,-4
720575940615472290,left,L2,401,-0.16666666666666674,-0.6610169491525424,-8,-11
720575940615490983,left,L3,305,-0.7777777777777778,0.11864406779661008,9,-5
720575940615495079,left,L1,40,-0.22222222222222232,-0.22033898305084743,-1,-5
720575940615511719,left,L2,652,-0.6111111111111112,-0.38983050847457623,0,-11
720575940615515134,left,L2,544,0.38888888888888906,-0.4576271186440678,-10,-3
720575940615515202,left,L2,655,0.7222222222222221,-0.05084745762711862,-7,6
720575940615515807,left,L1,324,0.3333333333333335,0.7966101694915255,9,15
720575940615516926,left,L2,577,0.5555555555555554,-0.4915254237288136,-12,-2
720575940615523239,left,L1,240,-0.38888888888888895,-0.11864406779661019,2,-5
720575940615530390,left,L2,354,-0.22222222222222232,-0.8983050847457628,-11,-15
720575940615533471,left,L1,425,0.3333333333333335,0.6610169491525424,7,13
720575940615557343,left,L3,513,-0.38888888888888895,-0.4576271186440678,-3,-10
720575940615571618,left,L1,488,0.8333333333333333,0.15254237288135597,-5,10
720575940615572703,left,L2,762,0.0,0.4576271186440677,7,7
720575940615585951,left,L1,308,-0.5555555555555556,0.2542372881355932,9,-1
720575940615608482,left,L1,341,0.7222222222222221,-0.5932203389830508,-15,-2
720575940615622306,left,L1,585,-0.05555555555555558,-0.7966101694915254,-11,-12
720575940615628967,left,L2,173,0.2777777777777777,-0.864406779661017,-15,-10
720575940615639714,left,L3,592,0.3333333333333335,-0.9661016949152542,-17,-11
720575940615719391,left,L1,562,-0.5555555555555556,-0.0847457627118644,4,-6
720575940615722658,left,L3,498,0.666666666666667,0.3220338983050848,-1,11
720575940615734338,left,L1,186,-0.11111111111111105,0.8644067796610169,14,12
720575940615746466,left,L1,690,-0.7222222222222222,-0.11864406779661019,5,-8
720575940615748511,left,L3,45,-0.5,-0.05084745762711862,4,-5
720575940615769154,left,L2,37,0.16666666666666674,0.15254237288135597,1,4
720575940615771458,left,L2,581,0.38888888888888906,0.2881355932203389,1,8
720575940615802527,left,L2,463,0.6111111111111112,0.5593220338983051,3,14
720575940615812025,left,L3,462,-0.11111111111111105,0.5932203389830508,10,8
720575940615812246,left,L1,47,-0.9444444444444445,-0.05084745762711862,8,-9
720575940615812281,left,L1,160,-0.22222222222222232,0.6610169491525424,12,8
720575940615825558,left,L2,485,-0.2777777777777778,-0.11864406779661019,1,-4
720575940615852182,left,L1,544,0.38888888888888906,-0.4576271186440678,-10,-3
720575940615872780,left,L2,60,-0.888888888888889,0.2542372881355932,12,-4
720575940615894934,left,L1,554,-0.2777777777777778,-0.9322033898305084,-11,-16
720575940615936662,left,L2,530,-0.2777777777777778,-0.4576271186440678,-4,-9
720575940615959446,left,L2,255,-0.6111111111111112,-0.4576271186440678,-1,-12
720575940615973186,left,L1,270,0.11111111111111116,-0.288135593220339,-5,-3
720575940615997343,left,L3,38,0.0,-0.0847457627118644,-1,-1
720575940616000066,left,L2,117,-0.888888888888889,-0.0847457627118644,7,-9
720575940616000106,left,L3,643,0.666666666666667,0.4576271186440677,1,13
720575940616002154,left,L1,164,-0.11111111111111105,-0.0847457627118644,0,-2
720575940616012182,left,L2,598,0.22222222222222232,-0.6271186440677966,-11,-7
720575940616017514,left,L1,673,0.2777777777777777,0.15254237288135597,0,5
720575940616019050,left,L1,207,0.16666666666666674,0.9661016949152543,13,16
720575940616033346,left,L2,9,0.5,0.2881355932203389,0,9
720575940616035946,left,L3,598,0.22222222222222232,-0.6271186440677966,-11,-7
720575940616040298,left,L3,51,0.05555555555555558,-0.6610169491525424,-10,-9
720575940616055402,left,L1,333,0.05555555555555558,-0.728813559322034,-11,-10
720575940616107423,left,L2,653,-0.6666666666666667,-0.423728813559322,0,-12
720575940616109254,left,L2,358,-0.2777777777777778,0.5593220338983051,11,6
720575940616134843,left,L1,17,0.16666666666666674,-0.18644067796610164,-4,-1
720575940616140486,left,L2,275,-0.8333333333333333,-0.05084745762711862,7,-8
720575940616150971,left,L1,356,0.0,0.728813559322034,11,11
720575940616163394,left,L2,346,-0.7222222222222222,-0.3220338983050848,2,-11
720575940616261087,left,L1,209,-0.33333333333333337,-0.288135593220339,-1,-7
720575940616270815,left,L2,276,0.2777777777777777,0.0847457627118644,-1,4
720575940616274655,left,L3,262,0.16666666666666674,-0.38983050847457623,-7,-4
720575940616283615,left,L1,726,0.22222222222222232,-0.9661016949152542,-16,-12
720575940616299935,left,L2,545,0.6111111111111112,0.35593220338983045,0,11
720575940616302521,left,L3,287,-0.5,0.423728813559322,11,2
720575940616315615,left,L3,181,0.11111111111111116,-0.15254237288135597,-3,-1
720575940616376251,left,L2,201,-0.8333333333333333,0.2881355932203389,12,-3
720575940616449695,left,L1,728,0.7777777777777779,0.38983050847457634,-1,13
720575940616461215,left,L1,328,0.6111111111111112,-0.3220338983050848,-10,1
720575940616469151,left,L2,351,-0.05555555555555558,-0.5932203389830508,-8,-9
720575940616470389,left,L3,499,0.5555555555555554,0.3220338983050848,0,10
720575940616490306,left,L1,283,-0.4444444444444444,0.11864406779661008,6,-2
720575940616491330,left,L3,509,-0.4444444444444444,0.3220338983050848,9,1
720575940616512927,left,L2,269,0.2777777777777777,-0.6610169491525424,-12,-7
720575940616558130,left,L2,427,0.5555555555555554,-0.6271186440677966,-14,-4
720575940616572482,left,L2,497,0.7222222222222221,0.016949152542372836,-6,7
720575940616661004,left,L1,520,-0.22222222222222232,-0.7627118644067796,-9,-13
720575940616690363,left,L3,759,0.7777777777777779,0.4576271186440677,0,14
720575940616738165,left,L2,638,-0.05555555555555558,0.22033898305084754,4,3
720575940616739122,left,L2,234,0.16666666666666674,0.0847457627118644,0,3
720575940616750130,left,L1,410,-0.22222222222222232,-0.0847457627118644,1,-3
720575940616750965,left,L2,468,-0.2777777777777778,0.35593220338983045,8,3
720575940616775508,left,L3,688,-0.7777777777777778,0.3220338983050848,12,-2
720575940616798002,left,L1,222,-0.33333333333333337,0.8644067796610169,16,10
720575940616802246,left,L2,184,-0.6111111111111112,-0.18644067796610164,3,-8
720575940616899270,left,L1,782,-0.11111111111111105,-0.9661016949152542,-13,-15
720575940616930187,left,L3,712,-0.7777777777777778,0.38983050847457634,13,-1
720575940616949516,left,L1,305,-0.7777777777777778,0.11864406779661008,9,-5
720575940616957494,left,L1,752,-0.16666666666666674,0.22033898305084754,5,2
720575940616962098,left,L3,150,-0.8333333333333333,0.15254237288135597,10,-5
720575940616976396,left,L2,429,-0.22222222222222232,0.4576271186440677,9,5
720575940616981643,left,L2,552,0.5,-0.05084745762711862,-5,4
720575940616986162,left,L1,161,0.4444444444444444,-0.4915254237288136,-11,-3
720575940617011506,left,L2,95,0.5,-0.728813559322034,-15,-6
720575940617022406,left,L3,173,0.2777777777777777,-0.864406779661017,-15,-10
720575940617068683,left,L1,506,0.11111111111111116,-0.423728813559322,-7,-5
720575940617076748,left,L1,529,0.22222222222222232,-0.0847457627118644,-3,1
720575940617097867,left,L2,179,-0.5555555555555556,-0.5593220338983051,-3,-13
720575940617109298,left,L2,288,-0.11111111111111105,1.0,16,14
720575940617111308,left,L2,709,-0.22222222222222232,-0.8305084745762712,-10,-14
720575940617113275,left,L1,359,0.2777777777777777,0.7627118644067796,9,14
720575940617138827,left,L2,341,0.7222222222222221,-0.5932203389830508,-15,-2
720575940617176977,left,L1,216,0.2777777777777777,0.6271186440677967,7,12
720575940617283131,left,L3,487,0.16666666666666674,-0.05084745762711862,-2,1
720575940617293910,left,L1,260,-0.2777777777777778,0.6271186440677967,12,7
720575940617301435,left,L3,128,0.3333333333333335,-0.7627118644067796,-14,-8
720575940617341652,left,L2,402,0.3333333333333335,0.8644067796610169,10,16
720575940617362107,left,L3,233,0.5,-0.4576271186440678,-11,-2
720575940617392726,left,L2,163,0.4444444444444444,0.8644067796610169,9,17
720575940617405835,left,L1,86,-0.5,-0.2542372881355932,1,-8
720575940617409937,left,L1,456,0.05555555555555558,0.6949152542372881,10,11
720575940617424192,left,L3,122,-0.5,0.2881355932203389,9,0
720575940617427412,left,L1,553,-0.33333333333333337,0.5254237288135593,11,5
720575940617473629,left,L3,559,-0.6666666666666667,0.728813559322034,17,5
720575940617500633,left,L2,549,0.05555555555555558,-0.3220338983050848,-5,-4
720575940617501557,left,L1,783,-0.4444444444444444,0.9322033898305084,18,10
720575940617526161,left,L1,75,-0.6666666666666667,0.4576271186440677,13,1
720575940617558870,left,L2,503,0.38888888888888906,0.5593220338983051,5,12
720575940617589721,left,L3,277,0.8333333333333333,-0.11864406779661019,-9,6
720575940617601622,left,L3,615,-0.7222222222222222,-0.2542372881355932,3,-10
720575940617630347,left,L1,90,-0.38888888888888895,0.15254237288135597,6,-1
720575940617642897,left,L2,25,-0.9444444444444445,0.0847457627118644,10,-7
720575940617658710,left,L2,592,0.3333333333333335,-0.9661016949152542,-17,-11
720575940617667445,left,L2,296,0.11111111111111116,-0.6271186440677966,-10,-8
720575940617672565,left,L3,240,-0.38888888888888895,-0.11864406779661019,2,-5
720575940617676637,left,L3,338,-0.11111111111111105,-0.016949152542372836,1,-1
720575940617677173,left,L3,180,0.2777777777777777,-0.9322033898305084,-16,-11
720575940617683924,left,L2,628,0.0,-0.016949152542372836,0,0
720575940617691860,left,L2,210,-0.6666666666666667,0.2542372881355932,10,-2
720575940617702033,left,L2,421,-0.11111111111111105,0.38983050847457634,7,5
720575940617709451,left,L1,650,-0.2777777777777778,-0.864406779661017,-10,-15
720575940617711499,left,L1,226,0.6111111111111112,0.6271186440677967,4,15
720575940617715542,left,L3,366,0.2777777777777777,-1.0,-17,-12
720575940617736081,left,L2,774,-0.888888888888889,0.18644067796610164,11,-5
720575940617754342,left,L2,349,-0.5555555555555556,-0.4915254237288136,-2,-12
720575940617776313,left,L1,154,-0.888888888888889,-0.016949152542372836,8,-8
720575940617818598,left,L2,616,-0.2777777777777778,0.4915254237288136,10,5
720575940617824395,left,L3,294,0.11111111111111116,-0.6949152542372881,-11,-9
720575940617850909,left,L1,545,0.6111111111111112,0.35593220338983045,0,11
720575940617881017,left,L2,412,-0.6111111111111112,0.6949152542372881,16,5
720575940617916445,left,L1,102,0.38888888888888906,0.423728813559322,3,10
720575940617918347,left,L2,701,0.0,-0.15254237288135597,-2,-2
720575940617943041,left,L2,714,0.5555555555555554,0.38983050847457634,1,11
720575940617943323,left,L3,638,-0.05555555555555558,0.22033898305084754,4,3
720575940617976793,left,L2,641,-0.8333333333333333,-0.18644067796610164,5,-10
720575940617977883,left,L2,456,0.05555555555555558,0.6949152542372881,10,11
720575940617986644,left,L1,242,-0.4444444444444444,0.18644067796610164,7,-1
720575940617987362,left,L2,130,0.22222222222222232,0.38983050847457634,4,8
720575940617996957,left,L1,751,0.11111111111111116,0.18644067796610164,2,4
720575940618005787,left,L1,510,-0.16666666666666674,0.35593220338983045,7,4
720575940618038785,left,L1,26,0.16666666666666674,-0.11864406779661019,-3,0
720575940618087398,left,L2,73,0.22222222222222232,0.05084745762711873,-1,3
720575940618102843,left,L1,317,-0.5555555555555556,-0.15254237288135597,3,-7
720575940618118612,left,L2,326,0.22222222222222232,0.5254237288135593,6,10
720575940618122013,left,L1,747,0.0,0.05084745762711873,1,1
720575940618131515,left,L2,457,-0.16666666666666674,0.5593220338983051,10,7
720575940618131771,left,L2,87,0.16666666666666674,0.35593220338983045,4,7
720575940618132027,left,L2,76,-0.33333333333333337,-0.15254237288135597,1,-5
720575940618144827,left,L2,639,-0.38888888888888895,0.6271186440677967,13,6
720575940618146461,left,L2,136,0.05555555555555558,0.0847457627118644,1,2
720575940618174292,left,L2,31,0.0,0.5254237288135593,8,8
720575940618178587,left,L2,273,-0.6111111111111112,0.7627118644067796,17,6
720575940618202658,left,L2,773,0.6111111111111112,-0.6610169491525424,-15,-4
720575940618205474,left,L3,34,0.666666666666667,0.5932203389830508,3,15
720575940618219067,left,L2,138,0.05555555555555558,0.8983050847457628,13,14
720575940618235451,left,L2,436,0.05555555555555558,-0.5254237288135593,-8,-7
720575940618236731,left,L2,183,-0.5,-0.5254237288135593,-3,-12
720575940618237908,left,L1,527,-0.4444444444444444,-0.288135593220339,0,-8
720575940618248221,left,L3,692,-0.4444444444444444,0.7966101694915255,16,8
720575940618268445,left,L3,221,-0.7222222222222222,0.0847457627118644,8,-5
720575940618277147,left,L2,261,-0.05555555555555558,0.423728813559322,7,6
720575940618280404,left,L1,777,0.666666666666667,0.6610169491525424,4,16
720575940618285529,left,L2,419,-0.2777777777777778,-0.38983050847457623,-3,-8
720575940618294050,left,L1,536,0.3333333333333335,0.11864406779661008,-1,5
720575940618307141,left,L3,719,0.16666666666666674,0.8983050847457628,12,15
720575940618313617,left,L1,277,0.8333333333333333,-0.11864406779661019,-9,6
720575940618319060,left,L3,600,0.3333333333333335,-0.35593220338983056,-8,-2
720575940618321245,left,L3,783,-0.4444444444444444,0.9322033898305084,18,10
720575940618323741,left,L1,98,-0.11111111111111105,-0.423728813559322,-5,-7
720575940618385954,left,L2,311,-0.7222222222222222,0.4915254237288136,14,1
720575940618396706,left,L2,471,0.3333333333333335,-0.8983050847457628,-16,-10
720575940618399005,left,L3,514,-0.4444444444444444,-0.35593220338983056,-1,-9
720575940618405147,left,L2,226,0.6111111111111112,0.6271186440677967,4,15
720575940618407609,left,L1,441,0.3333333333333335,-0.5593220338983051,-11,-5
720575940618428305,left,L1,436,0.05555555555555558,-0.5254237288135593,-8,-7
720575940618437917,left,L2,438,0.2777777777777777,0.8983050847457628,11,16
720575940618441245,left,L2,242,-0.4444444444444444,0.18644067796610164,7,-1
720575940618474726,left,L2,516,0.7777777777777779,-0.6271186440677966,-16,-2
720575940618498909,left,L2,454,0.5555555555555554,-0.423728813559322,-11,-1
720575940618502329,left,L2,422,-0.7777777777777778,-0.15254237288135597,5,-9
720575940618519941,left,L3,317,-0.5555555555555556,-0.15254237288135597,3,-7
720575940618565666,left,L3,54,-0.38888888888888895,0.0847457627118644,5,-2
720575940618575133,left,L2,69,0.11111111111111116,0.2542372881355932,3,5
720575940618607680,left,L3,303,-0.5555555555555556,0.728813559322034,16,6
720575940618608448,left,L2,491,0.8333333333333333,-0.05084745762711862,-8,7
720575940618634945,left,L1,234,0.16666666666666674,0.0847457627118644,0,3
720575940618636373,left,L3,155,-0.8333333333333333,0.423728813559322,14,-1
720575940618640418,left,L2,89,0.16666666666666674,-0.6610169491525424,-11,-8
720575940618655296,left,L3,738,-0.2777777777777778,0.423728813559322,9,4
720575940618656518,left,L2,370,-0.2777777777777778,0.6949152542372881,13,8
720575940618671650,left,L2,5,-0.11111111111111105,0.5254237288135593,9,7
720575940618684422,left,L3,748,-0.4444444444444444,0.6610169491525424,14,6
720575940618703424,left,L1,350,0.16666666666666674,0.4915254237288136,6,9
720575940618754843,left,L3,670,0.6111111111111112,0.15254237288135597,-3,8
720575940618764096,left,L3,673,0.2777777777777777,0.15254237288135597,0,5
720575940618780706,left,L2,564,0.38888888888888906,-0.7966101694915254,-15,-8
720575940618791237,left,L3,689,-0.22222222222222232,0.5932203389830508,11,7
720575940618796701,left,L3,775,0.5555555555555554,0.728813559322034,6,16
720575940618814977,left,L2,719,0.16666666666666674,0.8983050847457628,12,15
720575940618835201,left,L1,198,0.666666666666667,0.05084745762711873,-5,7
720575940618850644,left,L2,61,-0.4444444444444444,-0.15254237288135597,2,-6
720575940618872833,left,L1,518,-0.4444444444444444,0.728813559322034,15,7
720575940618874369,left,L1,155,-0.8333333333333333,0.423728813559322,14,-1
720575940618878209,left,L1,508,-0.5,0.35593220338983045,10,1
720575940618891805,left,L1,428,-0.16666666666666674,0.7627118644067796,13,10
720575940618898043,left,L3,665,0.7777777777777779,-0.0847457627118644,-8,6
720575940618921473,left,L1,36,0.666666666666667,0.2542372881355932,-2,10
720575940618925435,left,L3,60,-0.888888888888889,0.2542372881355932,12,-4
720575940618927617,left,L1,559,-0.6666666666666667,0.728813559322034,17,5
720575940618930004,left,L2,681,-0.16666666666666674,-0.728813559322034,-9,-12
720575940618937654,left,L3,33,0.3333333333333335,0.5932203389830508,6,12
720575940618944084,left,L1,388,0.38888888888888906,0.6271186440677967,6,13
720575940618947382,left,L1,81,0.666666666666667,-0.0847457627118644,-7,5
720575940618951508,left,L1,486,0.05555555555555558,0.016949152542372836,0,1
720575940618951581,left,L2,624,0.16666666666666674,-0.5932203389830508,-10,-7
720575940618957140,left,L1,703,-0.2777777777777778,0.016949152542372836,3,-2
720575940618957396,left,L1,477,-0.33333333333333337,0.05084745762711873,4,-2
720575940618972673,left,L3,424,-0.33333333333333337,-0.0847457627118644,2,-4
720575940618979924,left,L3,577,0.5555555555555554,-0.4915254237288136,-12,-2
720575940618988829,left,L1,717,0.22222222222222232,-0.7627118644067796,-13,-9
720575940618990365,left,L1,395,0.0,-0.7627118644067796,-11,-11
720575940618991389,left,L1,584,0.5,0.7627118644067796,7,16
720575940618993437,left,L3,13,-0.11111111111111105,-0.8983050847457628,-12,-14
720575940618994299,left,L3,246,-0.38888888888888895,0.4915254237288136,11,4
720575940619009108,left,L2,135,-0.33333333333333337,-0.7627118644067796,-8,-14
720575940619012637,left,L3,452,0.16666666666666674,-0.3220338983050848,-6,-3
720575940619020573,left,L2,441,0.3333333333333335,-0.5593220338983051,-11,-5
720575940619026715,left,L1,677,0.05555555555555558,0.35593220338983045,5,6
720575940619027520,left,L2,753,-0.33333333333333337,0.7966101694915255,15,9
720575940619055643,left,L3,717,0.22222222222222232,-0.7627118644067796,-13,-9
720575940619064443,left,L3,392,-0.38888888888888895,0.22033898305084754,7,0
720575940619070465,left,L3,686,0.5555555555555554,-0.7627118644067796,-16,-6
720575940619110779,left,L3,550,-0.16666666666666674,0.0847457627118644,3,0
720575940619157662,left,L3,90,-0.38888888888888895,0.15254237288135597,6,-1
720575940619165725,left,L1,578,0.5,-0.38983050847457623,-10,-1
720575940619176000,left,L2,285,0.666666666666667,-0.6271186440677966,-15,-3
720575940619178107,left,L2,458,0.5555555555555554,-0.016949152542372836,-5,5
720575940619185462,left,L2,310,0.22222222222222232,0.728813559322034,9,13
720575940619192901,left,L3,375,-0.6111111111111112,0.22033898305084754,9,-2
720575940619227072,left,L2,426,-0.33333333333333337,-0.016949152542372836,3,-3
720575940619236421,left,L3,114,0.2777777777777777,-0.4576271186440678,-9,-4
720575940619240005,left,L3,496,0.7777777777777779,0.2542372881355932,-3,11
720575940619249728,left,L2,239,-0.6666666666666667,0.18644067796610164,9,-3
720575940619270302,left,L2,661,-0.33333333333333337,0.4576271186440677,10,4
720575940619276446,left,L3,637,0.38888888888888906,-0.728813559322034,-14,-7
720575940619286597,left,L2,445,-0.22222222222222232,0.2542372881355932,6,2
720575940619287365,left,L2,680,-0.05555555555555558,0.8305084745762712,13,12
720575940619294277,left,L2,397,-0.2777777777777778,-0.6610169491525424,-7,-12
720575940619315614,left,L2,627,0.05555555555555558,-0.05084745762711862,-1,0
720575940619346273,left,L2,760,0.05555555555555558,0.5593220338983051,8,9
720575940619346529,left,L1,127,0.05555555555555558,0.4915254237288136,7,8
720575940619371840,left,L2,327,0.6111111111111112,0.0847457627118644,-4,7
720575940619418270,left,L3,429,-0.22222222222222232,0.4576271186440677,9,5
720575940619420726,left,L3,321,0.8888888888888888,0.11864406779661008,-6,10
720575940619434142,left,L3,224,0.05555555555555558,0.15254237288135597,2,3
720575940619434304,left,L2,582,-0.05555555555555558,0.7627118644067796,12,11
720575940619458112,left,L1,669,0.4444444444444444,-0.5593220338983051,-12,-4
720575940619500248,left,L1,668,0.16666666666666674,0.6271186440677967,8,11
720575940619501958,left,L3,629,0.4444444444444444,0.7966101694915255,8,16
720575940619502144,left,L1,144,0.8333333333333333,-0.38983050847457623,-13,2
720575940619530048,left,L1,660,0.22222222222222232,0.9322033898305084,12,16
720575940619531072,left,L1,266,-0.05555555555555558,-0.864406779661017,-12,-13
720575940619552576,left,L3,295,-0.16666666666666674,0.9661016949152543,16,13
720575940619567483,left,L3,188,-0.5,0.5593220338983051,13,4
720575940619607350,left,L3,89,0.16666666666666674,-0.6610169491525424,-11,-8
720575940619612120,left,L2,18,0.5555555555555554,-0.5593220338983051,-13,-3
720575940619621440,left,L2,676,-0.2777777777777778,-0.728813559322034,-8,-13
720575940619623990,left,L3,257,0.2777777777777777,0.6949152542372881,8,13
720575940619628532,left,L3,439,-0.2777777777777778,-0.3220338983050848,-2,-7
720575940619664344,left,L1,487,0.16666666666666674,-0.05084745762711862,-2,1
720575940619670336,left,L2,614,-0.22222222222222232,-0.288135593220339,-2,-6
720575940619709622,left,L1,501,0.11111111111111116,0.05084745762711873,0,2
720575940619747633,left,L3,556,0.0,0.3220338983050848,5,5
720575940619757016,left,L2,713,-0.6666666666666667,0.5254237288135593,14,2
720575940619826993,left,L3,488,0.8333333333333333,0.15254237288135597,-5,10
720575940619847729,left,L2,687,-0.6111111111111112,-0.11864406779661019,4,-7
720575940619859928,left,L2,517,0.7222222222222221,0.0847457627118644,-5,8
720575940619863632,left,L3,646,0.666666666666667,-0.8305084745762712,-18,-6
720575940619889355,left,L1,68,0.3333333333333335,0.5254237288135593,5,11
720575940619890005,left,L3,616,-0.2777777777777778,0.4915254237288136,10,5
720575940619920251,left,L1,478,-0.7777777777777778,0.5254237288135593,15,1
720575940619929680,left,L1,489,-0.33333333333333337,0.3220338983050848,8,2
720575940619947062,left,L3,170,-0.5,0.016949152542372836,5,-4
720575940619947600,left,L1,32,0.0,0.38983050847457634,6,6
720575940619953718,left,L3,35,0.11111111111111116,-0.8305084745762712,-13,-11
720575940619953799,left,L3,631,0.11111111111111116,0.8644067796610169,12,14
720575940619955067,left,L1,733,-0.5,-0.5932203389830508,-4,-13
720575940619955792,left,L3,707,-0.16666666666666674,0.8305084745762712,14,11
720575940619964982,left,L3,777,0.666666666666667,0.6610169491525424,4,16
720575940619966587,left,L2,574,-0.6111111111111112,0.15254237288135597,8,-3
720575940619969403,left,L2,340,-0.38888888888888895,0.5593220338983051,12,5
720575940619970427,left,L2,673,0.2777777777777777,0.15254237288135597,0,5
720575940619985232,left,L3,434,-0.2777777777777778,0.22033898305084754,6,1
720575940620002206,left,L2,246,-0.38888888888888895,0.4915254237288136,11,4
720575940620012935,left,L1,87,0.16666666666666674,0.35593220338983045,4,7
720575940620033846,left,L2,141,0.6111111111111112,-0.7966101694915254,-17,-6
720575940620035382,left,L2,400,0.16666666666666674,-1.0,-16,-13
720575940620042443,left,L2,572,-0.8333333333333333,0.0847457627118644,9,-6
720575940620054174,left,L2,776,0.6111111111111112,0.6949152542372881,5,16
720575940620095367,left,L1,106,-0.7222222222222222,0.35593220338983045,12,-1
720575940620110151,left,L3,209,-0.33333333333333337,-0.288135593220339,-1,-7
720575940620127809,left,L3,162,-0.4444444444444444,-0.0847457627118644,3,-5
720575940620136059,left,L3,230,0.2777777777777777,0.2881355932203389,2,7
720575940620153735,left,L3,159,0.8333333333333333,0.22033898305084754,-4,11
720575940620160903,left,L2,727,0.7777777777777779,0.18644067796610164,-4,10
720575940620224561,left,L2,49,0.4444444444444444,-0.15254237288135597,-6,2
720575940620245952,left,L3,227,-0.7222222222222222,0.15254237288135597,9,-4
720575940620266801,left,L1,51,0.05555555555555558,-0.6610169491525424,-10,-9
720575940620294639,left,L2,717,0.22222222222222232,-0.7627118644067796,-13,-9
720575940620326535,left,L1,469,-0.7222222222222222,0.423728813559322,13,0
720575940620361131,left,L3,156,-0.9444444444444445,0.016949152542372836,9,-8
720575940620410533,left,L3,136,0.05555555555555558,0.0847457627118644,1,2
720575940620412608,left,L1,50,-0.16666666666666674,0.6949152542372881,12,9
720575940620413679,left,L1,31,0.0,0.5254237288135593,8,8
720575940620435803,left,L2,464,0.4444444444444444,-0.016949152542372836,-4,4
720575940620441876,left,L2,309,-0.6666666666666667,0.38983050847457634,12,0
720575940620447793,left,L1,535,0.8888888888888888,-0.15254237288135597,-10,6
720575940620450609,left,L1,716,0.4444444444444444,-0.22033898305084743,-7,1
720575940620455046,left,L3,715,0.4444444444444444,0.3220338983050848,1,9
720575940620457094,left,L2,679,0.4444444444444444,0.5932203389830508,5,13
720575940620457852,left,L3,200,-0.5555555555555556,0.38983050847457634,11,1
720575940620466368,left,L3,504,-0.16666666666666674,0.2881355932203389,6,3
720575940620563416,left,L1,688,-0.7777777777777778,0.3220338983050848,12,-2
720575940620571697,left,L1,399,-0.22222222222222232,-0.9661016949152542,-12,-16
720575940620597696,left,L1,547,-0.05555555555555558,0.6949152542372881,11,10
720575940620603739,left,L2,217,0.7222222222222221,0.4915254237288136,1,14
720575940620619270,left,L3,311,-0.7222222222222222,0.4915254237288136,14,1
720575940620620760,left,L2,162,-0.4444444444444444,-0.0847457627118644,3,-5
720575940620636632,left,L3,539,-0.6111111111111112,0.4915254237288136,13,2
720575940620640097,left,L3,518,-0.4444444444444444,0.728813559322034,15,7
720575940620642520,left,L3,85,0.4444444444444444,-0.7627118644067796,-15,-7
720575940620656262,left,L3,588,0.11111111111111116,0.11864406779661008,1,3
720575940620656549,left,L2,300,0.4444444444444444,-0.6271186440677966,-13,-5
720575940620663791,left,L1,429,-0.22222222222222232,0.4576271186440677,9,5
720575940620666630,left,L3,168,-0.05555555555555558,0.5593220338983051,9,8
720575940620668948,left,L3,540,-0.16666666666666674,-0.3220338983050848,-3,-6
720575940620684909,left,L3,133,-0.33333333333333337,0.6610169491525424,13,7
720575940620688856,left,L3,314,-0.9444444444444445,0.15254237288135597,11,-6
720575940620691951,left,L3,404,-0.11111111111111105,0.6610169491525424,11,9
720575940620693510,left,L2,46,-0.5,0.4915254237288136,12,3
720575940620698048,left,L2,398,-0.33333333333333337,0.728813559322034,14,8
720575940620704005,left,L3,469,-0.7222222222222222,0.423728813559322,13,0
720575940620705044,left,L2,765,-0.2777777777777778,0.2881355932203389,7,2
720575940620711640,left,L3,121,-0.888888888888889,0.11864406779661008,10,-6
720575940620715361,left,L1,597,0.5,0.016949152542372836,-4,5
720575940620731585,left,L2,423,0.3333333333333335,-0.6271186440677966,-12,-6
720575940620733716,left,L2,576,0.0,0.9322033898305084,14,14
720575940620743046,left,L2,443,-0.6666666666666667,0.11864406779661008,8,-4
720575940620746349,left,L3,131,-0.6666666666666667,0.6610169491525424,16,4
720575940620752731,left,L2,672,-0.8333333333333333,0.35593220338983045,13,-2
720575940620762758,left,L2,216,0.2777777777777777,0.6271186440677967,7,12
720575940620764436,left,L1,339,0.7222222222222221,0.35593220338983045,-1,12
720575940620776070,left,L2,732,-0.33333333333333337,0.18644067796610164,6,0
720575940620784075,left,L2,82,-0.7222222222222222,0.22033898305084754,10,-3
720575940620784321,left,L2,245,-0.5,-0.11864406779661019,3,-6
720575940620793680,left,L3,667,0.11111111111111116,-0.9661016949152542,-15,-13
720575940620796630,left,L1,457,-0.16666666666666674,0.5593220338983051,10,7
720575940620818017,left,L2,155,-0.8333333333333333,0.423728813559322,14,-1
720575940620825035,left,L2,613,0.7222222222222221,-0.7966101694915254,-18,-5
720575940620856144,left,L2,390,-0.6111111111111112,-0.3220338983050848,1,-10
720575940620857424,left,L1,23,-0.33333333333333337,-0.5593220338983051,-5,-11
720575940620860752,left,L1,626,-0.5555555555555556,-0.288135593220339,1,-9
720575940620908491,left,L2,493,-0.2777777777777778,0.7627118644067796,14,9
720575940620909483,left,L3,41,-0.33333333333333337,0.9322033898305084,17,11
720575940620909550,left,L2,177,-0.16666666666666674,-0.05084745762711862,1,-2
720575940620942062,left,L2,486,0.05555555555555558,0.016949152542372836,0,1
720575940620947541,left,L1,505,0.666666666666667,-0.7627118644067796,-17,-5
720575940620949333,left,L1,653,-0.6666666666666667,-0.423728813559322,0,-12
720575940620950949,left,L3,699,-0.5555555555555556,-0.016949152542372836,5,-5
720575940620959061,left,L1,334,0.11111111111111116,-0.8983050847457628,-14,-12
720575940620973551,left,L2,236,-0.11111111111111105,0.11864406779661008,3,1
720575940620976007,left,L1,279,-0.4444444444444444,0.2542372881355932,8,0
720575940620976299,left,L1,385,-0.33333333333333337,-0.6271186440677966,-6,-12
720575940621005702,left,L3,510,-0.16666666666666674,0.35593220338983045,7,4
720575940621009249,left,L3,258,-0.38888888888888895,-0.5932203389830508,-5,-12
720575940621029030,left,L3,555,-0.38888888888888895,0.2881355932203389,8,1
720575940621032784,left,L3,344,-0.16666666666666674,-0.5254237288135593,-6,-9
720575940621035088,left,L2,293,0.5,-0.5932203389830508,-13,-4
720575940621036308,left,L1,654,-0.33333333333333337,0.2542372881355932,7,1
720575940621037921,left,L1,99,0.5,0.4915254237288136,3,12
720575940621060523,left,L2,366,0.2777777777777777,-1.0,-17,-12
720575940621065153,left,L2,357,0.5,0.5593220338983051,4,13
720575940621073903,left,L1,523,0.22222222222222232,0.4576271186440677,5,9
720575940621076500,left,L3,260,-0.2777777777777778,0.6271186440677967,12,7
720575940621089109,left,L3,341,0.7222222222222221,-0.5932203389830508,-15,-2
720575940621097095,left,L2,55,-0.38888888888888895,-0.38983050847457623,-2,-9
720575940621099617,left,L1,276,0.2777777777777777,0.0847457627118644,-1,4
720575940621107553,left,L1,421,-0.11111111111111105,0.38983050847457634,7,5
720575940621111943,left,L3,304,0.7222222222222221,0.15254237288135597,-4,9
720575940621120192,left,L3,674,-0.4444444444444444,-0.4915254237288136,-3,-11
720575940621121729,left,L2,247,-0.38888888888888895,-0.5254237288135593,-4,-11
720575940621122901,left,L3,27,0.05555555555555558,-0.864406779661017,-13,-12
720575940621124958,left,L1,730,0.7777777777777779,-0.016949152542372836,-7,7
720575940621149679,left,L2,403,-0.22222222222222232,-0.423728813559322,-4,-8
720575940621149793,left,L3,1,-0.6111111111111112,0.423728813559322,12,1
720575940621156267,left,L2,345,0.3333333333333335,-0.423728813559322,-9,-3
720575940621161920,left,L3,467,-0.22222222222222232,-0.6949152542372881,-8,-12
720575940621168449,left,L3,608,0.11111111111111116,0.3220338983050848,4,6
720575940621173339,left,L2,224,0.05555555555555558,0.15254237288135597,2,3
720575940621187681,left,L1,298,-0.5,0.15254237288135597,7,-2
720575940621207022,left,L1,531,0.11111111111111116,-0.016949152542372836,-1,1
720575940621238036,left,L1,643,0.666666666666667,0.4576271186440677,1,13
720575940621240229,left,L3,389,0.4444444444444444,-0.9661016949152542,-18,-10
720575940621253590,left,L1,188,-0.5,0.5593220338983051,13,4
720575940621258149,left,L1,721,0.6111111111111112,0.423728813559322,1,12
720575940621274689,left,L3,132,0.22222222222222232,0.11864406779661008,0,4
720575940621283163,left,L2,42,-0.11111111111111105,0.4576271186440677,8,6
720575940621291636,left,L2,53,0.5555555555555554,0.4576271186440677,2,12
720575940621293477,left,L1,231,0.4444444444444444,-0.423728813559322,-10,-2
720575940621294501,left,L2,96,0.11111111111111116,-0.35593220338983056,-6,-4
720575940621307312,left,L1,550,-0.16666666666666674,0.0847457627118644,3,0
720575940621315750,left,L1,622,-0.5555555555555556,0.6610169491525424,15,5
720575940621337665,left,L2,120,-0.05555555555555558,-0.05084745762711862,0,-1
720575940621364912,left,L3,714,0.5555555555555554,0.38983050847457634,1,11
720575940621372069,left,L2,671,-0.38888888888888895,-0.7966101694915254,-8,-15
720575940621382420,left,L2,430,-0.2777777777777778,-0.2542372881355932,-1,-6
720575940621387429,left,L2,331,0.16666666666666674,-0.5254237288135593,-9,-6
720575940621400929,left,L1,329,0.0,0.7966101694915255,12,12
720575940621401771,left,L2,67,-0.16666666666666674,-0.4576271186440678,-5,-8
720575940621406228,left,L3,244,-0.4444444444444444,-0.423728813559322,-2,-10
720575940621435201,left,L2,195,-0.2777777777777778,-0.05084745762711862,2,-3
720575940621447796,left,L2,728,0.7777777777777779,0.38983050847457634,-1,13
720575940621455552,left,L1,320,-0.16666666666666674,-0.18644067796610164,-1,-4
720575940621481094,left,L1,482,0.16666666666666674,0.5593220338983051,7,10
720575940621481606,left,L2,607,0.11111111111111116,0.5932203389830508,8,10
720575940621498795,left,L1,173,0.2777777777777777,-0.864406779661017,-15,-10
720575940621547190,left,L2,127,0.05555555555555558,0.4915254237288136,7,8
720575940621548166,left,L1,241,0.2777777777777777,-0.5932203389830508,-11,-6
720575940621549702,left,L1,568,-0.6666666666666667,-0.288135593220339,2,-10
720575940621550726,left,L1,454,0.5555555555555554,-0.423728813559322,-11,-1
720575940621551238,left,L1,296,0.11111111111111116,-0.6271186440677966,-10,-8
720575940621554347,left,L2,367,-0.6111111111111112,-0.5254237288135593,-2,-13
720575940621561478,left,L2,308,-0.5555555555555556,0.2542372881355932,9,-1
720575940621588416,left,L2,72,0.0,-0.9661016949152542,-14,-14
720575940621588672,left,L2,408,-0.6666666666666667,-0.15254237288135597,4,-8
720575940621598708,left,L2,699,-0.5555555555555556,-0.016949152542372836,5,-5
720575940621606753,left,L2,328,0.6111111111111112,-0.3220338983050848,-10,1
720575940621610734,left,L3,22,-0.05555555555555558,0.0847457627118644,2,1
720575940621614017,left,L1,321,0.8888888888888888,0.11864406779661008,-6,10
720575940621625515,left,L2,27,0.05555555555555558,-0.864406779661017,-13,-12
720575940621649499,left,L1,754,-0.05555555555555558,-0.4576271186440678,-6,-7
720575940621670382,left,L3,423,0.3333333333333335,-0.6271186440677966,-12,-6
720575940621686150,left,L2,13,-0.11111111111111105,-0.8983050847457628,-12,-14
720575940621702593,left,L2,785,0.9444444444444444,0.0847457627118644,-7,10
720575940621736027,left,L1,435,0.6111111111111112,-0.5932203389830508,-14,-3
720575940621739713,left,L1,447,-0.11111111111111105,0.05084745762711873,2,0
720575940621754177,left,L2,324,0.3333333333333335,0.7966101694915255,9,15
720575940621767551,left,L3,765,-0.2777777777777778,0.2881355932203389,7,2
720575940621776929,left,L3,210,-0.6666666666666667,0.2542372881355932,10,-2
720575940621781670,left,L3,735,0.16666666666666674,-0.7966101694915254,-13,-10
720575940621783924,left,L1,313,0.8333333333333333,0.0847457627118644,-6,9
720575940621792950,left,L2,301,-0.5555555555555556,0.5254237288135593,13,3
720575940621810047,left,L1,599,-0.05555555555555558,0.2881355932203389,5,4
720575940621811745,left,L1,302,0.2777777777777777,0.5593220338983051,6,11
720575940621823341,left,L1,757,0.0,-0.22033898305084743,-3,-3
720575940621823853,left,L1,243,-0.05555555555555558,-0.728813559322034,-10,-11
720575940621828973,left,L1,483,0.2777777777777777,-0.2542372881355932,-6,-1
720575940621830509,left,L1,524,0.4444444444444444,-0.6949152542372881,-14,-6
720575940621831406,left,L3,334,0.11111111111111116,-0.8983050847457628,-14,-12
720575940621838701,left,L1,318,0.5,-0.6610169491525424,-14,-5
720575940621839469,left,L1,526,0.0,-0.35593220338983056,-5,-5
720575940621849965,left,L1,140,0.3333333333333335,0.2542372881355932,1,7
720575940621859572,left,L3,684,-0.6111111111111112,0.5593220338983051,14,3
720575940621881861,left,L3,43,-0.5555555555555556,0.5932203389830508,14,4
720575940621888895,left,L2,783,-0.4444444444444444,0.9322033898305084,18,10
720575940621896176,left,L2,336,0.05555555555555558,0.7627118644067796,11,12
720575940621904222,left,L3,658,0.11111111111111116,0.6610169491525424,9,11
720575940621916144,left,L2,21,-0.16666666666666674,0.6271186440677967,11,8
720575940621920892,left,L3,569,0.666666666666667,0.18644067796610164,-3,9
720575940621936225,left,L1,394,-0.7777777777777778,-0.288135593220339,3,-11
720575940621938017,left,L1,323,-0.38888888888888895,-0.9322033898305084,-10,-17
720575940621943649,left,L3,409,0.05555555555555558,-0.11864406779661019,-2,-1
720575940621947233,left,L1,77,0.2777777777777777,-0.18644067796610164,-5,0
720575940621959201,left,L3,479,-0.22222222222222232,0.3220338983050848,7,3
720575940622000038,left,L2,387,-0.05555555555555558,-0.5254237288135593,-7,-8
720575940622000822,left,L3,396,-0.11111111111111105,0.3220338983050848,6,4
720575940622003848,left,L3,445,-0.22222222222222232,0.2542372881355932,6,2
720575940622039261,left,L2,600,0.3333333333333335,-0.35593220338983056,-8,-2
720575940622059297,left,L3,489,-0.33333333333333337,0.3220338983050848,8,2
720575940622071813,left,L3,648,0.16666666666666674,0.22033898305084754,2,5
720575940622082428,left,L3,713,-0.6666666666666667,0.5254237288135593,14,2
720575940622086753,left,L1,539,-0.6111111111111112,0.4915254237288136,13,2
720575940622087350,left,L2,137,0.6111111111111112,-0.2542372881355932,-9,2
720575940622110529,left,L1,615,-0.7222222222222222,-0.2542372881355932,3,-10
720575940622111585,left,L3,157,-0.05555555555555558,-0.2542372881355932,-3,-4
720575940622111920,left,L2,754,-0.05555555555555558,-0.4576271186440678,-6,-7
720575940622113886,left,L3,546,0.3333333333333335,0.18644067796610164,0,6
720575940622114913,left,L3,444,0.4444444444444444,-0.35593220338983056,-9,-1
720575940622117921,left,L1,759,0.7777777777777779,0.4576271186440677,0,14
720575940622122849,left,L3,524,0.4444444444444444,-0.6949152542372881,-14,-6
720575940622124129,left,L3,413,-0.16666666666666674,-0.2542372881355932,-2,-5
720575940622133942,left,L2,740,0.22222222222222232,-0.288135593220339,-6,-2
720575940622139302,left,L2,20,0.38888888888888906,-0.38983050847457623,-9,-2
720575940622146032,left,L2,228,-0.7222222222222222,0.016949152542372836,7,-6
720575940622158145,left,L2,593,0.3333333333333335,-0.4915254237288136,-10,-4
720575940622164001,left,L1,205,0.5555555555555554,-0.22033898305084743,-8,2
720575940622164662,left,L1,772,0.11111111111111116,0.38983050847457634,5,7
720575940622174902,left,L1,196,-0.11111111111111105,0.2542372881355932,5,3
720575940622180784,left,L3,407,-0.5555555555555556,-0.35593220338983056,0,-10
720575940622182832,left,L3,632,0.3333333333333335,-0.6949152542372881,-13,-7
720575940622188726,left,L3,332,0.4444444444444444,-0.8983050847457628,-17,-9
720575940622191798,left,L1,674,-0.4444444444444444,-0.4915254237288136,-3,-11
720575940622193652,left,L2,449,0.666666666666667,-0.5593220338983051,-14,-2
720575940622195382,left,L3,251,-0.11111111111111105,-0.4915254237288136,-6,-8
720575940622200308,left,L3,529,0.22222222222222232,-0.0847457627118644,-3,1
720575940622232090,left,L3,402,0.3333333333333335,0.8644067796610169,10,16
720575940622249385,left,L3,195,-0.2777777777777778,-0.05084745762711862,2,-3
720575940622255137,left,L3,477,-0.33333333333333337,0.05084745762711873,4,-2
720575940622257985,left,L3,494,0.05555555555555558,0.9661016949152543,14,15
720575940622258812,left,L2,759,0.7777777777777779,0.4576271186440677,0,14
720575940622331574,left,L3,772,0.11111111111111116,0.38983050847457634,5,7
720575940622331909,left,L3,218,0.22222222222222232,0.3220338983050848,3,7
720575940622368639,left,L2,467,-0.22222222222222232,-0.6949152542372881,-8,-12
720575940622369396,left,L3,2,-0.888888888888889,0.05084745762711873,9,-7
720575940622378620,left,L2,505,0.666666666666667,-0.7627118644067796,-17,-5
720575940622391834,left,L1,675,-0.7222222222222222,0.6271186440677967,16,3
720575940622395062,left,L2,664,0.16666666666666674,-0.9322033898305084,-15,-12
720575940622396028,left,L2,208,0.6111111111111112,-0.728813559322034,-16,-5
720575940622397790,left,L3,352,-0.22222222222222232,0.9322033898305084,16,12
720575940622399564,left,L2,605,0.38888888888888906,0.4915254237288136,4,11
720575940622403766,left,L2,249,0.22222222222222232,-0.423728813559322,-8,-4
720575940622444020,left,L3,138,0.05555555555555558,0.8983050847457628,13,14
720575940622455420,left,L2,529,0.22222222222222232,-0.0847457627118644,-3,1
720575940622455796,left,L2,550,-0.16666666666666674,0.0847457627118644,3,0
720575940622458657,left,L1,42,-0.11111111111111105,0.4576271186440677,8,6
720575940622467452,left,L3,270,0.11111111111111116,-0.288135593220339,-5,-3
720575940622471540,left,L3,676,-0.2777777777777778,-0.728813559322034,-8,-13
720575940622476660,left,L3,480,0.38888888888888906,-0.6610169491525424,-13,-6
720575940622486388,left,L3,647,-0.38888888888888895,-0.2542372881355932,0,-7
720575940622499148,left,L2,272,0.3333333333333335,-0.0847457627118644,-4,2
720575940622509594,left,L1,767,0.11111111111111116,0.9322033898305084,13,15
720575940622536662,left,L3,398,-0.33333333333333337,0.728813559322034,14,8
720575940622562081,left,L2,559,-0.6666666666666667,0.728813559322034,17,5
720575940622610676,left,L2,319,-0.16666666666666674,0.15254237288135597,4,1
720575940622618537,left,L2,752,-0.16666666666666674,0.22033898305084754,5,2
720575940622633430,left,L2,720,-0.5,0.6949152542372881,15,6
720575940622638324,left,L2,215,0.7222222222222221,0.22033898305084754,-3,10
720575940622647766,left,L3,458,0.5555555555555554,-0.016949152542372836,-5,5
720575940622665200,left,L1,397,-0.2777777777777778,-0.6610169491525424,-7,-12
720575940622667525,left,L1,638,-0.05555555555555558,0.22033898305084754,4,3
720575940622693289,left,L1,686,0.5555555555555554,-0.7627118644067796,-16,-6
720575940622704133,left,L3,141,0.6111111111111112,-0.7966101694915254,-17,-6
720575940622708485,left,L3,753,-0.33333333333333337,0.7966101694915255,15,9
720575940622726664,left,L3,358,-0.2777777777777778,0.5593220338983051,11,6
720575940622733183,left,L2,589,-0.05555555555555558,-0.18644067796610164,-2,-3
720575940622746608,left,L2,83,0.2777777777777777,-0.728813559322034,-13,-8
720575940622767053,left,L3,5,-0.11111111111111105,0.5254237288135593,9,7
720575940622789158,left,L3,521,0.7222222222222221,-0.3220338983050848,-11,2
720575940622795990,left,L1,19,-0.7222222222222222,0.5593220338983051,15,2
720575940622808581,left,L2,258,-0.38888888888888895,-0.5932203389830508,-5,-12
720575940622815965,left,L2,43,-0.5555555555555556,0.5932203389830508,14,4
720575940622829132,left,L3,586,0.22222222222222232,0.5932203389830508,7,11
720575940622835926,left,L3,77,0.2777777777777777,-0.18644067796610164,-5,0
720575940622858205,left,L2,369,0.6111111111111112,-0.18644067796610164,-8,3
720575940622861317,left,L1,357,0.5,0.5593220338983051,4,13
720575940622896389,left,L1,698,0.7222222222222221,-0.2542372881355932,-10,3
720575940622898181,left,L3,74,-0.05555555555555558,-0.3220338983050848,-4,-5
720575940622929697,left,L2,289,-0.05555555555555558,0.35593220338983045,6,5
720575940622933236,left,L1,27,0.05555555555555558,-0.864406779661017,-13,-12
720575940622953229,left,L1,172,0.11111111111111116,0.728813559322034,10,12
720575940622979845,left,L2,565,0.0,-0.8983050847457628,-13,-13
720575940622983804,left,L2,197,0.0,-0.6949152542372881,-10,-10
720575940622987536,left,L3,737,0.05555555555555558,0.6271186440677967,9,10
720575940622994970,left,L1,256,0.5555555555555554,-0.6949152542372881,-15,-5
720575940622996762,left,L1,634,-0.2777777777777778,-0.5254237288135593,-5,-10
720575940622999578,left,L1,564,0.38888888888888906,-0.7966101694915254,-15,-8
720575940623009818,left,L1,376,-0.7777777777777778,-0.35593220338983056,2,-12
720575940623017054,left,L2,103,0.8333333333333333,0.2881355932203389,-3,12
720575940623017181,left,L1,97,-0.5555555555555556,0.05084745762711873,6,-4
720575940623017498,left,L1,514,-0.4444444444444444,-0.35593220338983056,-1,-9
720575940623018778,left,L1,142,-0.22222222222222232,-0.6271186440677966,-7,-11
720575940623042849,left,L1,342,0.2777777777777777,-0.5254237288135593,-10,-5
720575940623050078,left,L1,745,0.05555555555555558,0.423728813559322,6,7
720575940623052894,left,L1,704,-0.7777777777777778,0.2542372881355932,11,-3
720575940623060769,left,L1,691,0.7222222222222221,-0.728813559322034,-17,-4
720575940623061281,left,L1,480,0.38888888888888906,-0.6610169491525424,-13,-6
720575940623062049,left,L1,259,-0.7222222222222222,-0.18644067796610164,4,-9
720575940623063576,left,L2,41,-0.33333333333333337,0.9322033898305084,17,11
720575940623064865,left,L1,595,0.7777777777777779,-0.423728813559322,-13,1
720575940623065121,left,L1,146,0.11111111111111116,-0.22033898305084743,-4,-2
720575940623067169,left,L1,225,0.22222222222222232,-0.8983050847457628,-15,-11
720575940623082078,left,L2,702,-0.5,0.7627118644067796,16,7
720575940623097046,left,L1,150,-0.8333333333333333,0.15254237288135597,10,-5
720575940623099772,left,L2,462,-0.11111111111111105,0.5932203389830508,10,8
720575940623112397,left,L1,275,-0.8333333333333333,-0.05084745762711862,7,-8
720575940623116765,left,L1,727,0.7777777777777779,0.18644067796610164,-4,10
720575940623127757,left,L1,82,-0.7222222222222222,0.22033898305084754,10,-3
720575940623142499,left,L2,534,0.3333333333333335,0.05084745762711873,-2,4
720575940623166413,left,L2,218,0.22222222222222232,0.3220338983050848,3,7
720575940623189025,left,L2,690,-0.7222222222222222,-0.11864406779661019,5,-8
720575940623197278,left,L2,580,-0.16666666666666674,-0.7966101694915254,-10,-13
720575940623222697,left,L2,362,0.22222222222222232,-0.6949152542372881,-12,-8
720575940623223209,left,L3,515,-0.8333333333333333,-0.2542372881355932,4,-11
720575940623223721,left,L2,385,-0.33333333333333337,-0.6271186440677966,-6,-12
720575940623281613,left,L2,469,-0.7222222222222222,0.423728813559322,13,0
720575940623309517,left,L1,591,0.38888888888888906,-0.11864406779661019,-5,2
720575940623312845,left,L2,697,0.11111111111111116,-0.7627118644067796,-12,-10
720575940623314300,left,L3,578,0.5,-0.38983050847457623,-10,-1
720575940623319164,left,L2,433,0.0,-0.288135593220339,-4,-4
720575940623332732,left,L2,609,-0.22222222222222232,-0.016949152542372836,2,-2
720575940623340668,left,L2,361,0.05555555555555558,-0.2542372881355932,-4,-3
720575940623344204,left,L1,204,0.5555555555555554,-0.0847457627118644,-6,4
720575940623345020,left,L2,312,0.5,-0.2542372881355932,-8,1
720575940623351944,left,L2,134,-0.5555555555555556,-0.6271186440677966,-4,-14
720575940623354406,left,L3,451,0.4444444444444444,0.6610169491525424,6,14
720575940623359820,left,L2,448,0.0,1.0,15,15
720575940623364573,left,L2,290,0.5555555555555554,-0.8305084745762712,-17,-7
720575940623366220,left,L1,167,0.05555555555555558,-0.5932203389830508,-9,-8
720575940623390028,left,L2,643,0.666666666666667,0.4576271186440677,1,13
720575940623397002,left,L1,541,-0.4444444444444444,0.4576271186440677,11,3
720575940623397929,left,L2,395,0.0,-0.7627118644067796,-11,-11
720575940623401983,left,L2,318,0.5,-0.6610169491525424,-14,-5
720575940623423270,left,L3,97,-0.5555555555555556,0.05084745762711873,6,-4
720575940623425267,left,L2,265,-0.6111111111111112,-0.05084745762711862,5,-6
720575940623452159,left,L2,202,-0.05555555555555558,0.8983050847457628,14,13
720575940623484118,left,L3,333,0.05555555555555558,-0.728813559322034,-11,-10
720575940623501350,left,L2,526,0.0,-0.35593220338983056,-5,-5
720575940623504086,left,L3,729,-0.2777777777777778,0.9661016949152543,17,12
720575940623504764,left,L2,650,-0.2777777777777778,-0.864406779661017,-10,-15
720575940623508438,left,L3,579,-0.33333333333333337,-0.35593220338983056,-2,-8
720575940623530973,left,L3,701,0.0,-0.15254237288135597,-2,-2
720575940623558035,left,L2,353,0.22222222222222232,0.7966101694915255,10,14
720575940623559523,left,L1,48,-0.4444444444444444,-0.7627118644067796,-7,-15
720575940623607443,left,L3,123,-0.888888888888889,0.3220338983050848,13,-3
720575940623622694,left,L2,287,-0.5,0.423728813559322,11,2
720575940623638419,left,L1,203,0.38888888888888906,-0.05084745762711862,-4,3
720575940623639434,left,L2,222,-0.33333333333333337,0.8644067796610169,16,10
720575940623657693,left,L3,264,-0.11111111111111105,-0.22033898305084743,-2,-4
720575940623661277,left,L2,514,-0.4444444444444444,-0.35593220338983056,-1,-9
720575940623664422,left,L2,734,0.22222222222222232,-0.016949152542372836,-2,2
720575940623675647,left,L2,123,-0.888888888888889,0.3220338983050848,13,-3
720575940623681160,left,L3,770,0.5555555555555554,0.11864406779661008,-3,7
720575940623681321,left,L2,314,-0.9444444444444445,0.15254237288135597,11,-6
720575940623682047,left,L3,259,-0.7222222222222222,-0.18644067796610164,4,-9
720575940623693764,left,L2,343,-0.2777777777777778,0.8983050847457628,16,11
720575940623698410,left,L1,53,0.5555555555555554,0.4576271186440677,2,12
720575940623734541,left,L3,192,0.7777777777777779,0.3220338983050848,-2,12
720575940623762189,left,L1,292,-0.4444444444444444,0.5932203389830508,13,5
720575940623824227,left,L1,34,0.666666666666667,0.5932203389830508,3,15
720575940623826579,left,L2,121,-0.888888888888889,0.11864406779661008,10,-6
720575940623833357,left,L1,246,-0.38888888888888895,0.4915254237288136,11,4
720575940623833869,left,L2,253,0.5555555555555554,0.5254237288135593,3,13
720575940623847373,left,L1,770,0.5555555555555554,0.11864406779661008,-3,7
720575940623849997,left,L1,549,0.05555555555555558,-0.3220338983050848,-5,-4
720575940623850595,left,L1,580,-0.16666666666666674,-0.7966101694915254,-10,-13
720575940623855401,left,L2,601,0.11111111111111116,0.5254237288135593,7,9
720575940623862791,left,L1,250,-0.05555555555555558,0.016949152542372836,1,0
720575940623880984,left,L2,292,-0.4444444444444444,0.5932203389830508,13,5
720575940623882692,left,L2,325,0.6111111111111112,0.016949152542372836,-5,6
720575940623937318,left,L2,780,-0.16666666666666674,-0.9322033898305084,-12,-15
720575940623961738,left,L3,695,-0.6666666666666667,0.3220338983050848,11,-1
720575940623962111,left,L3,81,0.666666666666667,-0.0847457627118644,-7,5
720575940623973158,left,L2,695,-0.6666666666666667,0.3220338983050848,11,-1
720575940623991757,left,L2,733,-0.5,-0.5932203389830508,-4,-13
720575940624013239,left,L1,581,0.38888888888888906,0.2881355932203389,1,8
720575940624014872,left,L1,415,0.666666666666667,0.38983050847457634,0,12
720575940624018871,left,L3,575,0.7222222222222221,0.2881355932203389,-2,11
720575940624027672,left,L1,44,0.5555555555555554,-0.35593220338983056,-10,0
720575940624043445,left,L1,762,0.0,0.4576271186440677,7,7
720575940624060696,left,L1,417,-0.6666666666666667,-0.35593220338983056,1,-11
720575940624060952,left,L1,685,-0.5,-0.3220338983050848,0,-9
720575940624061720,left,L1,778,0.8333333333333333,-0.5254237288135593,-15,0
720575940624061843,left,L2,244,-0.4444444444444444,-0.423728813559322,-2,-10
720575940624062232,left,L1,593,0.3333333333333335,-0.4915254237288136,-10,-4
720575940624062413,left,L3,361,0.05555555555555558,-0.2542372881355932,-4,-3
720575940624076168,left,L1,409,0.05555555555555558,-0.11864406779661019,-2,-1
720575940624093645,left,L1,346,-0.7222222222222222,-0.3220338983050848,2,-11
720575940624101267,left,L2,658,0.11111111111111116,0.6610169491525424,9,11
720575940624116991,left,L1,255,-0.6111111111111112,-0.4576271186440678,-1,-12
720575940624168885,left,L1,614,-0.22222222222222232,-0.288135593220339,-2,-6
720575940624175029,left,L2,70,-0.38888888888888895,0.6949152542372881,14,7
720575940624202899,left,L3,383,-0.6111111111111112,0.35593220338983045,11,0
720575940624212221,left,L2,339,0.7222222222222221,0.35593220338983045,-1,12
720575940624217235,left,L3,29,-0.05555555555555558,-0.11864406779661019,-1,-2
720575940624219597,left,L1,2,-0.888888888888889,0.05084745762711873,9,-7
720575940624235305,left,L2,124,0.16666666666666674,-0.2542372881355932,-5,-2
720575940624246013,left,L3,541,-0.4444444444444444,0.4576271186440677,11,3
720575940624252167,left,L2,584,0.5,0.7627118644067796,7,16
720575940624280319,left,L2,612,-0.33333333333333337,-0.8983050847457628,-10,-16
720575940624282623,left,L3,256,0.5555555555555554,-0.6949152542372881,-15,-5
720575940624282879,left,L2,323,-0.38888888888888895,-0.9322033898305084,-10,-17
720575940624284296,left,L3,379,0.38888888888888906,-0.5932203389830508,-12,-5
720575940624295304,left,L3,678,0.38888888888888906,-0.2542372881355932,-7,0
720575940624302315,left,L1,392,-0.38888888888888895,0.22033898305084754,7,0
720575940624305544,left,L3,57,0.7222222222222221,-0.38983050847457623,-12,1
720575940624327818,left,L3,725,-0.33333333333333337,-0.8305084745762712,-9,-15
720575940624337927,left,L3,415,0.666666666666667,0.38983050847457634,0,12
720575940624339720,left,L2,620,0.8333333333333333,0.016949152542372836,-7,8
720575940624361195,left,L2,730,0.7777777777777779,-0.016949152542372836,-7,7
720575940624377015,left,L3,552,0.5,-0.05084745762711862,-5,4
720575940624386954,left,L2,657,-0.16666666666666674,-0.864406779661017,-11,-14
720575940624396424,left,L2,579,-0.33333333333333337,-0.35593220338983056,-2,-8
720575940624405941,left,L3,214,-0.5,0.0847457627118644,6,-3
720575940624421875,left,L3,175,-0.6111111111111112,-0.2542372881355932,2,-9
720575940624429606,left,L1,199,0.0,-0.423728813559322,-6,-6
720575940624431654,left,L1,565,0.0,-0.8983050847457628,-13,-13
720575940624451878,left,L2,583,0.38888888888888906,-0.864406779661017,-16,-9
720575940624456340,left,L1,760,0.05555555555555558,0.5593220338983051,8,9
720575940624460484,left,L1,264,-0.11111111111111105,-0.22033898305084743,-2,-4
720575940624528166,left,L1,448,0.0,1.0,15,15
720575940624549100,left,L1,647,-0.38888888888888895,-0.2542372881355932,0,-7
720575940624562173,left,L2,511,0.6111111111111112,-0.38983050847457623,-11,0
720575940624579511,left,L3,299,-0.4444444444444444,0.38983050847457634,10,2
720575940624586220,left,L3,252,0.38888888888888906,0.7627118644067796,8,15
720575940624593416,left,L1,52,-0.11111111111111105,-0.7627118644067796,-10,-12
720575940624640748,left,L3,523,0.22222222222222232,0.4576271186440677,5,9
720575940624669212,left,L1,588,0.11111111111111116,0.11864406779661008,1,3
720575940624678292,left,L1,755,0.5,0.6271186440677967,5,14
720575940624696368,left,L2,748,-0.4444444444444444,0.6610169491525424,14,6
720575940624703210,left,L2,543,-0.11111111111111105,-0.15254237288135597,-1,-3
720575940624712682,left,L3,76,-0.33333333333333337,-0.15254237288135597,1,-5
720575940624713767,left,L3,457,-0.16666666666666674,0.5593220338983051,10,7
720575940624725396,left,L3,235,0.5,0.35593220338983045,1,10
720575940624739511,left,L3,417,-0.6666666666666667,-0.35593220338983056,1,-11
720575940624749031,left,L1,69,0.11111111111111116,0.2542372881355932,3,5
720575940624755436,left,L3,502,0.5555555555555554,0.2542372881355932,-1,9
720575940624780988,left,L1,658,0.11111111111111116,0.6610169491525424,9,11
720575940624789031,left,L1,310,0.22222222222222232,0.728813559322034,9,13
720575940624850108,left,L3,744,-0.38888888888888895,0.8305084745762712,16,9
720575940624852372,left,L3,306,0.38888888888888906,0.22033898305084754,0,7
720575940624859399,left,L2,632,0.3333333333333335,-0.6949152542372881,-13,-7
720575940624863207,left,L1,534,0.3333333333333335,0.05084745762711873,-2,4
720575940624865463,left,L1,516,0.7777777777777779,-0.6271186440677966,-16,-2
720575940624867767,left,L1,261,-0.05555555555555558,0.423728813559322,7,6
720575940624872375,left,L2,220,0.22222222222222232,-0.22033898305084743,-5,-1
720575940624873479,left,L1,652,-0.6111111111111112,-0.38983050847457623,0,-11
720575940624884488,left,L1,629,0.4444444444444444,0.7966101694915255,8,16
720575940624885006,left,L1,396,-0.11111111111111105,0.3220338983050848,6,4
720575940624885255,left,L2,160,-0.22222222222222232,0.6610169491525424,12,8
720575940624887019,left,L3,288,-0.11111111111111105,1.0,16,14
720575940624888503,left,L2,466,0.11111111111111116,0.4576271186440677,6,8
720575940624891367,left,L1,43,-0.5555555555555556,0.5932203389830508,14,4
720575940624896841,left,L1,64,0.5,-0.7966101694915254,-16,-7
720575940624900535,left,L1,645,-0.38888888888888895,0.8983050847457628,17,10
720575940624904373,left,L1,230,0.2777777777777777,0.2881355932203389,2,7
720575940624904887,left,L1,473,-0.38888888888888895,0.7627118644067796,15,8
720575940624910007,left,L1,303,-0.5555555555555556,0.728813559322034,16,6
720575940624910519,left,L1,46,-0.5,0.4915254237288136,12,3
720575940624910775,left,L1,466,0.11111111111111116,0.4576271186440677,6,8
720575940624911031,left,L1,623,0.16666666666666674,0.423728813559322,5,8
720575940624911543,left,L1,165,0.4444444444444444,0.5254237288135593,4,12
720575940624912055,left,L1,94,0.5555555555555554,0.5932203389830508,4,14
720575940624912567,left,L1,201,-0.8333333333333333,0.2881355932203389,12,-3
720575940624912823,left,L1,123,-0.888888888888889,0.3220338983050848,13,-3
720575940624913847,left,L1,217,0.7222222222222221,0.4915254237288136,1,14
720575940624921271,left,L1,504,-0.16666666666666674,0.2881355932203389,6,3
720575940624923319,left,L1,432,-0.5,0.22033898305084754,8,-1
720575940624924343,left,L1,532,-0.8333333333333333,0.22033898305084754,11,-4
720575940624924711,left,L2,274,0.666666666666667,0.11864406779661008,-4,8
720575940624950199,left,L1,465,0.3333333333333335,-0.016949152542372836,-3,3
720575940624950455,left,L1,330,0.38888888888888906,0.0847457627118644,-2,5
720575940624951223,left,L1,304,0.7222222222222221,0.15254237288135597,-4,9
720575940624958537,left,L2,63,0.4444444444444444,0.38983050847457634,2,10
720575940624968189,left,L1,684,-0.6111111111111112,0.5593220338983051,14,3
720575940624974572,left,L1,718,-0.5555555555555556,0.7966101694915255,17,7
720575940624976821,left,L1,135,-0.33333333333333337,-0.7627118644067796,-8,-14
720575940624981431,left,L1,678,0.38888888888888906,-0.2542372881355932,-7,0
720575940624985700,left,L3,178,0.2777777777777777,0.35593220338983045,3,8
720575940624987319,left,L1,110,-0.7777777777777778,-0.016949152542372836,7,-7
720575940624989966,left,L1,253,0.5555555555555554,0.5254237288135593,3,13
720575940624996681,left,L1,479,-0.22222222222222232,0.3220338983050848,7,3
720575940625000701,left,L2,508,-0.5,0.35593220338983045,10,1
720575940625029776,left,L1,263,-0.33333333333333337,0.11864406779661008,5,-1
720575940625042223,left,L2,86,-0.5,-0.2542372881355932,1,-8
720575940625047293,left,L3,653,-0.6666666666666667,-0.423728813559322,0,-12
720575940625054726,left,L3,601,0.11111111111111116,0.5254237288135593,7,9
720575940625063659,left,L2,420,0.7222222222222221,-0.11864406779661019,-8,5
720575940625067773,left,L3,83,0.2777777777777777,-0.728813559322034,-13,-8
720575940625071689,left,L2,604,-0.05555555555555558,-1.0,-14,-15
720575940625094141,left,L3,448,0.0,1.0,15,15
720575940625098727,left,L2,542,0.7222222222222221,-0.4576271186440678,-13,0
720575940625106876,left,L1,393,-0.11111111111111105,0.728813559322034,12,10
720575940625113527,left,L2,568,-0.6666666666666667,-0.288135593220339,2,-10
720575940625113783,left,L2,413,-0.16666666666666674,-0.2542372881355932,-2,-5
720575940625142972,left,L2,113,-0.22222222222222232,0.11864406779661008,4,0
720575940625170215,left,L3,739,-0.7777777777777778,0.05084745762711873,8,-6
720575940625209614,left,L3,56,0.16666666666666674,-0.4576271186440678,-8,-5
720575940625214986,left,L3,522,-0.4444444444444444,-0.016949152542372836,4,-4
720575940625225549,left,L3,622,-0.5555555555555556,0.6610169491525424,15,5
720575940625229838,left,L2,260,-0.2777777777777778,0.6271186440677967,12,7
720575940625266446,left,L2,745,0.05555555555555558,0.423728813559322,6,7
720575940625267464,left,L1,72,0.0,-0.9661016949152542,-14,-14
720575940625267976,left,L1,710,0.5,-0.864406779661017,-17,-8
720575940625278216,left,L1,212,0.22222222222222232,-0.5593220338983051,-10,-6
720575940625298505,left,L3,199,0.0,-0.423728813559322,-6,-6
720575940625300519,left,L3,393,-0.11111111111111105,0.728813559322034,12,10
720575940625308424,left,L3,370,-0.2777777777777778,0.6949152542372881,13,8
720575940625311240,left,L1,637,0.38888888888888906,-0.728813559322034,-14,-7
720575940625312264,left,L3,75,-0.6666666666666667,0.4576271186440677,13,1
720575940625328371,left,L3,28,0.5555555555555554,0.18644067796610164,-2,8
720575940625336307,left,L3,442,-0.5,0.8305084745762712,17,8
720575940625342652,left,L2,435,0.6111111111111112,-0.5932203389830508,-14,-3
720575940625347145,left,L3,723,-0.16666666666666674,-0.38983050847457623,-4,-7
720575940625349193,left,L2,741,-0.22222222222222232,-0.4915254237288136,-5,-9
720575940625356365,left,L1,336,0.05555555555555558,0.7627118644067796,11,12
720575940625357058,left,L3,621,0.11111111111111116,0.7966101694915255,11,13
720575940625361229,left,L3,364,0.4444444444444444,0.11864406779661008,-2,6
720575940625365577,left,L1,411,-0.5,-0.6610169491525424,-5,-14
720575940625382217,left,L2,634,-0.2777777777777778,-0.5254237288135593,-5,-10
720575940625384476,left,L1,464,0.4444444444444444,-0.016949152542372836,-4,4
720575940625400300,left,L3,491,0.8333333333333333,-0.05084745762711862,-8,7
720575940625411367,left,L2,333,0.05555555555555558,-0.728813559322034,-11,-10
720575940625413268,left,L3,604,-0.05555555555555558,-1.0,-14,-15
720575940625432846,left,L3,212,0.22222222222222232,-0.5593220338983051,-10,-6
720575940625441772,left,L3,581,0.38888888888888906,0.2881355932203389,1,8
720575940625463816,left,L1,453,0.38888888888888906,0.8305084745762712,9,16
720575940625475307,left,L2,635,0.666666666666667,-0.22033898305084743,-9,3
720575940625475673,left,L2,777,0.666666666666667,0.6610169491525424,4,16
720575940625476647,left,L3,497,0.7222222222222221,0.016949152542372836,-6,7
720575940625504956,left,L3,535,0.8888888888888888,-0.15254237288135597,-10,6
720575940625588884,left,L3,411,-0.5,-0.6610169491525424,-5,-14
720575940625591885,left,L2,383,-0.6111111111111112,0.35593220338983045,11,0
720575940625594174,left,L2,191,-0.05555555555555558,-0.38983050847457623,-5,-6
720575940625594516,left,L2,388,0.38888888888888906,0.6271186440677967,6,13
720575940625604244,left,L1,558,-0.38888888888888895,-0.728813559322034,-7,-14
720575940625611924,left,L2,502,0.5555555555555554,0.2542372881355932,-1,9
720575940625615508,left,L2,590,0.16666666666666674,0.2881355932203389,3,6
720575940625616020,left,L2,547,-0.05555555555555558,0.6949152542372881,11,10
720575940625622164,left,L2,303,-0.5555555555555556,0.728813559322034,16,6
720575940625622420,left,L2,405,0.3333333333333335,0.3220338983050848,2,8
720575940625656846,left,L3,339,0.7222222222222221,0.35593220338983045,-1,12
720575940625690348,left,L2,452,0.16666666666666674,-0.3220338983050848,-6,-3
720575940625692903,left,L1,299,-0.4444444444444444,0.38983050847457634,10,2
720575940625702892,left,L2,659,-0.4444444444444444,-0.22033898305084743,1,-7
720575940625706800,left,L2,92,0.05555555555555558,0.2881355932203389,4,5
720575940625725927,left,L2,262,0.16666666666666674,-0.38983050847457623,-7,-4
720575940625733415,left,L3,269,0.2777777777777777,-0.6610169491525424,-12,-7
720575940625759719,left,L2,386,-0.6111111111111112,0.6271186440677967,15,4
720575940625778407,left,L1,769,0.5,-0.9322033898305084,-18,-9
720575940625784551,left,L2,772,0.11111111111111116,0.38983050847457634,5,7
720575940625785319,left,L2,599,-0.05555555555555558,0.2881355932203389,5,4
720575940625785831,left,L2,305,-0.7777777777777778,0.11864406779661008,9,-5
720575940625786554,left,L1,734,0.22222222222222232,-0.016949152542372836,-2,2
720575940625808371,left,L1,702,-0.5,0.7627118644067796,16,7
720575940625808627,left,L2,692,-0.4444444444444444,0.7966101694915255,16,8
720575940625817831,left,L3,44,0.5555555555555554,-0.35593220338983056,-10,0
720575940625840532,left,L2,167,0.05555555555555558,-0.5932203389830508,-9,-8
720575940625859086,left,L3,12,-0.7222222222222222,0.2881355932203389,11,-2
720575940625863608,left,L3,732,-0.33333333333333337,0.18644067796610164,6,0
720575940625870373,left,L1,133,-0.33333333333333337,0.6610169491525424,13,7
720575940625894899,left,L1,148,-0.7222222222222222,-0.38983050847457623,1,-12
720575940625895155,left,L1,600,0.3333333333333335,-0.35593220338983056,-8,-2
720575940625895923,left,L1,706,0.6111111111111112,-0.9322033898305084,-19,-8
720575940625903079,left,L2,563,0.6111111111111112,-0.4576271186440678,-12,-1
720575940625910823,left,L1,736,-0.8333333333333333,0.016949152542372836,8,-7
720575940625921210,left,L3,160,-0.22222222222222232,0.6610169491525424,12,8
720575940625936330,left,L3,441,0.3333333333333335,-0.5593220338983051,-11,-5
720575940625955274,left,L3,223,-0.22222222222222232,0.8644067796610169,15,11
720575940625956042,left,L3,763,-0.5555555555555556,0.4576271186440677,12,2
720575940625964046,left,L3,481,0.4444444444444444,-0.288135593220339,-8,0
720575940625976357,left,L3,103,0.8333333333333333,0.2881355932203389,-3,12
720575940625987000,left,L1,551,-0.38888888888888895,-0.3220338983050848,-1,-8
720575940625996019,left,L2,180,0.2777777777777777,-0.9322033898305084,-16,-11
720575940625998631,left,L1,729,-0.2777777777777778,0.9661016949152543,17,12
720575940626036170,left,L1,555,-0.38888888888888895,0.2881355932203389,8,1
720575940626041109,left,L3,675,-0.7222222222222222,0.6271186440677967,16,3
720575940626042314,left,L3,453,0.38888888888888906,0.8305084745762712,9,16
720575940626054183,left,L1,594,0.7777777777777779,-0.5593220338983051,-15,-1
720575940626060327,left,L1,765,-0.2777777777777778,0.2881355932203389,7,2
720575940626064423,left,L3,716,0.4444444444444444,-0.22033898305084743,-7,1
720575940626132154,left,L2,437,-0.33333333333333337,0.38983050847457634,9,3
720575940626134474,left,L3,112,-0.6111111111111112,0.016949152542372836,6,-5
720575940626170149,left,L3,751,0.11111111111111116,0.18644067796610164,2,4
720575940626192717,left,L2,518,-0.4444444444444444,0.728813559322034,15,7
720575940626217316,left,L3,663,0.0,0.2542372881355932,4,4
720575940626219706,left,L2,221,-0.7222222222222222,0.0847457627118644,8,-5
720575940626255132,left,L1,63,0.4444444444444444,0.38983050847457634,2,10
720575940626267394,left,L3,628,0.0,-0.016949152542372836,0,0
720575940626276196,left,L2,414,0.5,0.6949152542372881,6,15
720575940626290634,left,L2,2,-0.888888888888889,0.05084745762711873,9,-7
720575940626292798,left,L3,330,0.38888888888888906,0.0847457627118644,-2,5
720575940626296382,left,L1,208,0.6111111111111112,-0.728813559322034,-16,-5
720575940626312013,left,L1,515,-0.8333333333333333,-0.2542372881355932,4,-11
720575940626312525,left,L1,20,0.38888888888888906,-0.38983050847457623,-9,-2
720575940626313264,left,L3,296,0.11111111111111116,-0.6271186440677966,-10,-8
720575940626360316,left,L3,378,-0.33333333333333337,0.5932203389830508,12,6
720575940626366492,left,L1,22,-0.05555555555555558,0.0847457627118644,2,1
720575940626382467,left,L2,482,0.16666666666666674,0.5593220338983051,7,10
720575940626407610,left,L1,249,0.22222222222222232,-0.423728813559322,-8,-4
720575940626415290,left,L1,374,0.2777777777777777,0.423728813559322,4,9
720575940626417436,left,L1,445,-0.22222222222222232,0.2542372881355932,6,2
720575940626424397,left,L2,264,-0.11111111111111105,-0.22033898305084743,-2,-4
720575940626447972,left,L1,362,0.22222222222222232,-0.6949152542372881,-12,-8
720575940626454884,left,L2,475,-0.38888888888888895,-0.05084745762711862,3,-4
720575940626519050,left,L3,25,-0.9444444444444445,0.0847457627118644,10,-7
720575940626529052,left,L3,677,0.05555555555555558,0.35593220338983045,5,6
720575940626549276,left,L1,705,0.16666666666666674,0.016949152542372836,-1,2
720575940626568906,left,L3,590,0.16666666666666674,0.2881355932203389,3,6
720575940626586908,left,L1,152,0.38888888888888906,-0.5254237288135593,-11,-4
720575940626601218,left,L2,232,-0.38888888888888895,0.423728813559322,10,3
720575940626612784,left,L3,346,-0.7222222222222222,-0.3220338983050848,2,-11
720575940626622922,left,L1,605,0.38888888888888906,0.4915254237288136,4,11
720575940626698800,left,L1,24,-0.11111111111111105,-0.35593220338983056,-4,-6
720575940626701084,left,L3,372,0.11111111111111116,-0.0847457627118644,-2,0
720575940626701360,left,L1,116,-0.11111111111111105,-0.288135593220339,-3,-5
720575940626702640,left,L1,312,0.5,-0.2542372881355932,-8,1
720575940626703741,left,L3,187,0.38888888888888906,0.6949152542372881,7,14
720575940626704944,left,L1,406,0.16666666666666674,-0.864406779661017,-14,-11
720575940626707504,left,L1,563,0.6111111111111112,-0.4576271186440678,-12,-1
720575940626714416,left,L3,740,0.22222222222222232,-0.288135593220339,-6,-2
720575940626742168,left,L3,645,-0.38888888888888895,0.8983050847457628,17,10
720575940626755461,left,L1,619,-0.38888888888888895,-0.6610169491525424,-6,-13
720575940626772112,left,L2,299,-0.4444444444444444,0.38983050847457634,10,2
720575940626781221,left,L1,431,-0.22222222222222232,-0.35593220338983056,-3,-7
720575940626783024,left,L3,642,-0.5,-0.38983050847457623,-1,-10
720575940626789763,left,L2,608,0.11111111111111116,0.3220338983050848,4,6
720575940626791312,left,L1,635,0.666666666666667,-0.22033898305084743,-9,3
720575940626842405,left,L2,368,-0.4444444444444444,-0.6949152542372881,-6,-14
720575940626860336,left,L2,142,-0.22222222222222232,-0.6271186440677966,-7,-11
720575940626863141,left,L1,363,0.7777777777777779,-0.15254237288135597,-9,5
720575940626868773,left,L1,412,-0.6111111111111112,0.6949152542372881,16,5
720575940626870309,left,L1,712,-0.7777777777777778,0.38983050847457634,13,-1
720575940626901285,left,L1,561,0.6111111111111112,0.22033898305084754,-2,9
720575940626915018,left,L1,71,-0.16666666666666674,-0.11864406779661019,0,-3
720575940626920848,left,L3,431,-0.22222222222222232,-0.35593220338983056,-3,-7
720575940626927290,left,L1,692,-0.4444444444444444,0.7966101694915255,16,8
720575940626928570,left,L2,744,-0.38888888888888895,0.8305084745762712,16,9
720575940626929594,left,L1,402,0.3333333333333335,0.8644067796610169,10,16
720575940626939429,left,L1,182,0.7777777777777779,-0.35593220338983056,-12,2
720575940626959050,left,L2,355,-0.7777777777777778,-0.22033898305084743,4,-10
720575940626974906,left,L1,121,-0.888888888888889,0.11864406779661008,10,-6
720575940626978490,left,L1,774,-0.888888888888889,0.18644067796610164,11,-5
720575940626978746,left,L1,221,-0.7222222222222222,0.0847457627118644,8,-5
720575940626985305,left,L2,603,-0.2777777777777778,-0.7966101694915254,-9,-14
720575940626986329,left,L3,226,0.6111111111111112,0.6271186440677967,4,15
720575940627008531,left,L1,758,0.6111111111111112,-0.05084745762711862,-6,5
720575940627018268,left,L2,30,0.666666666666667,0.5254237288135593,2,14
720575940627029373,left,L3,9,0.5,0.2881355932203389,0,9
720575940627051194,left,L1,134,-0.5555555555555556,-0.6271186440677966,-4,-14
720575940627052218,left,L1,507,-0.5555555555555556,-0.423728813559322,-1,-11
720575940627054010,left,L1,285,0.666666666666667,-0.6271186440677966,-15,-3
720575940627054266,left,L1,3,0.666666666666667,-0.423728813559322,-12,0
720575940627059642,left,L1,293,0.5,-0.5932203389830508,-13,-4
720575940627063738,left,L1,722,0.7222222222222221,-0.5254237288135593,-14,-1
720575940627098749,left,L2,501,0.11111111111111116,0.05084745762711873,0,2
720575940627104857,left,L3,730,0.7777777777777779,-0.016949152542372836,-7,7
720575940627118778,left,L1,625,-0.22222222222222232,0.7966101694915255,14,10
720575940627132516,left,L2,669,0.4444444444444444,-0.5593220338983051,-12,-4
720575940627139390,left,L1,737,0.05555555555555558,0.6271186440677967,9,10
720575940627147530,left,L3,99,0.5,0.4915254237288136,3,12
720575940627166270,left,L3,456,0.05555555555555558,0.6949152542372881,10,11
720575940627172741,left,L3,473,-0.38888888888888895,0.7627118644067796,15,8
720575940627182522,left,L2,225,0.22222222222222232,-0.8983050847457628,-15,-11
720575940627188798,left,L1,742,-0.38888888888888895,0.35593220338983045,9,2
720575940627223689,left,L1,91,-0.11111111111111105,0.18644067796610164,4,2
720575940627223908,left,L2,338,-0.11111111111111105,-0.016949152542372836,1,-1
720575940627224932,left,L2,347,-0.5,-0.4576271186440678,-2,-11
720575940627229502,left,L3,443,-0.6666666666666667,0.11864406779661008,8,-4
720575940627264612,left,L2,494,0.05555555555555558,0.9661016949152543,14,15
720575940627287994,left,L2,85,0.4444444444444444,-0.7627118644067796,-15,-7
720575940627298323,left,L2,306,0.38888888888888906,0.22033898305084754,0,7
720575940627314569,left,L3,703,-0.2777777777777778,0.016949152542372836,3,-2
720575940627332485,left,L1,33,0.3333333333333335,0.5932203389830508,6,12
720575940627356170,left,L1,405,0.3333333333333335,0.3220338983050848,2,8
720575940627378760,left,L1,257,0.2777777777777777,0.6949152542372881,8,13
720575940627398940,left,L1,761,-0.4444444444444444,-0.6271186440677966,-5,-13
720575940627407749,left,L3,242,-0.4444444444444444,0.18644067796610164,7,-1
720575940627408954,left,L1,700,0.6111111111111112,0.4915254237288136,2,13
720575940627409692,left,L1,401,-0.16666666666666674,-0.6610169491525424,-8,-11
720575940627410716,left,L1,592,0.3333333333333335,-0.9661016949152542,-17,-11
720575940627414915,left,L1,672,-0.8333333333333333,0.35593220338983045,13,-2
720575940627422466,left,L2,416,0.3333333333333335,-0.288135593220339,-7,-1
720575940627423754,left,L3,166,0.0,0.5932203389830508,9,9
720575940627426588,left,L2,654,-0.33333333333333337,0.2542372881355932,7,1
720575940627438723,left,L1,57,0.7222222222222221,-0.38983050847457623,-12,1
720575940627444306,left,L1,768,0.38888888888888906,0.15254237288135597,-1,6
720575940627454595,left,L2,618,-0.11111111111111105,0.7966101694915255,13,11
720575940627462019,left,L1,18,0.5555555555555554,-0.5593220338983051,-13,-3
720575940627485336,left,L1,30,0.666666666666667,0.5254237288135593,2,14
720575940627499645,left,L2,649,-0.05555555555555558,0.15254237288135597,3,2
720575940627515032,left,L2,483,0.2777777777777777,-0.2542372881355932,-6,-1
720575940627523666,left,L3,528,0.2777777777777777,0.22033898305084754,1,6
720575940627551065,left,L2,460,-0.33333333333333337,-0.6949152542372881,-7,-13
720575940627557202,left,L3,32,0.0,0.38983050847457634,6,6
720575940627560835,left,L3,191,-0.05555555555555558,-0.38983050847457623,-5,-6
720575940627580232,left,L1,671,-0.38888888888888895,-0.7966101694915254,-8,-15
720575940627591506,left,L3,627,0.05555555555555558,-0.05084745762711862,-1,0
720575940627601234,left,L2,279,-0.4444444444444444,0.2542372881355932,8,0
720575940627609725,left,L3,193,-0.5555555555555556,0.11864406779661008,7,-3
720575940627611269,left,L2,90,-0.38888888888888895,0.15254237288135597,6,-1
720575940627612815,left,L2,404,-0.11111111111111105,0.6610169491525424,11,9
720575940627634777,left,L1,642,-0.5,-0.38983050847457623,-1,-10
720575940627635473,left,L2,570,0.2777777777777777,0.8305084745762712,10,15
720575940627636313,left,L1,124,0.16666666666666674,-0.2542372881355932,-5,-2
720575940627652371,left,L3,421,-0.11111111111111105,0.38983050847457634,7,5
720575940627654489,left,L2,703,-0.2777777777777778,0.016949152542372836,3,-2
720575940627663193,left,L2,781,0.8888888888888888,0.05084745762711873,-7,9
720575940627703122,left,L3,336,0.05555555555555558,0.7627118644067796,11,12
720575940627713149,left,L2,101,-0.7777777777777778,0.18644067796610164,10,-4
720575940627719301,left,L1,556,0.0,0.3220338983050848,5,5
720575940627719434,left,L3,466,0.11111111111111116,0.4576271186440677,6,8
720575940627754889,left,L2,434,-0.2777777777777778,0.22033898305084754,6,1
720575940627755865,left,L3,530,-0.2777777777777778,-0.4576271186440678,-4,-9
720575940627764873,left,L2,171,0.666666666666667,-0.6949152542372881,-16,-4
720575940627783293,left,L1,587,0.4444444444444444,0.728813559322034,7,15
720575940627788309,left,L1,93,-0.6111111111111112,0.0847457627118644,7,-4
720575940627815273,left,L3,644,-0.6666666666666667,0.5932203389830508,15,3
720575940627855390,left,L3,435,0.6111111111111112,-0.5932203389830508,-14,-3
720575940627878552,left,L2,447,-0.11111111111111105,0.05084745762711873,2,0
720575940627880088,left,L2,152,0.38888888888888906,-0.5254237288135593,-11,-4
720575940627889182,left,L1,245,-0.5,-0.11864406779661019,3,-6
720575940627914877,left,L1,713,-0.6666666666666667,0.5254237288135593,14,2
720575940627920466,left,L2,743,0.7222222222222221,-0.6610169491525424,-16,-3
720575940627921924,left,L1,112,-0.6111111111111112,0.016949152542372836,6,-5
720575940627925912,left,L3,72,0.0,-0.9661016949152542,-14,-14
720575940627927720,left,L3,104,-0.05555555555555558,-0.9322033898305084,-13,-14
720575940627932541,left,L1,498,0.666666666666667,0.3220338983050848,-1,11
720575940627942504,left,L2,337,-0.5555555555555556,-0.22033898305084743,2,-8
720575940627944329,left,L1,756,0.5555555555555554,0.6610169491525424,5,15
720575940627944700,left,L1,335,0.22222222222222232,0.2542372881355932,2,6
720575940627946312,left,L2,203,0.38888888888888906,-0.05084745762711862,-4,3
720575940627956093,left,L1,290,0.5555555555555554,-0.8305084745762712,-17,-7
720575940627960593,left,L2,715,0.4444444444444444,0.3220338983050848,1,9
720575940627978236,left,L3,340,-0.38888888888888895,0.5593220338983051,12,5
720575940628024207,left,L1,10,0.6111111111111112,-0.5254237288135593,-13,-2
720575940628029700,left,L2,263,-0.33333333333333337,0.11864406779661008,5,-1
720575940628050831,left,L2,237,-0.16666666666666674,0.8983050847457628,15,12
720575940628078056,left,L1,579,-0.33333333333333337,-0.35593220338983056,-2,-8
720575940628091908,left,L2,696,-0.22222222222222232,0.5254237288135593,10,6
720575940628112777,left,L2,626,-0.5555555555555556,-0.288135593220339,1,-9
720575940628115069,left,L2,17,0.16666666666666674,-0.18644067796610164,-4,-1
720575940628147337,left,L2,199,0.0,-0.423728813559322,-6,-6
720575940628166419,left,L2,769,0.5,-0.9322033898305084,-18,-9
720575940628180234,left,L1,463,0.6111111111111112,0.5593220338983051,3,14
720575940628181489,left,L1,166,0.0,0.5932203389830508,9,9
720575940628195850,left,L2,378,-0.33333333333333337,0.5932203389830508,12,6
720575940628203346,left,L2,472,0.16666666666666674,0.8305084745762712,11,14
720575940628204817,left,L1,9,0.5,0.2881355932203389,0,9
720575940628206346,left,L1,197,0.0,-0.6949152542372881,-10,-10
720575940628211944,left,L2,392,-0.38888888888888895,0.22033898305084754,7,0
720575940628223058,left,L3,185,0.2777777777777777,-0.38983050847457623,-8,-3
720575940628228434,left,L1,511,0.6111111111111112,-0.38983050847457623,-11,0
720575940628229617,left,L2,75,-0.6666666666666667,0.4576271186440677,13,1
720575940628230908,left,L3,146,0.11111111111111116,-0.22033898305084743,-4,-2
720575940628241863,left,L3,284,0.05555555555555558,0.8305084745762712,12,13
720575940628253266,left,L1,725,-0.33333333333333337,-0.8305084745762712,-9,-15
720575940628256905,left,L3,95,0.5,-0.728813559322034,-15,-6
720575940628266515,left,L1,572,-0.8333333333333333,0.0847457627118644,9,-6
720575940628284691,left,L1,446,0.22222222222222232,-0.4915254237288136,-9,-5
720575940628285700,left,L1,738,-0.2777777777777778,0.423728813559322,9,4
720575940628291603,left,L1,11,0.7777777777777779,-0.4915254237288136,-14,0
720575940628293737,left,L1,440,0.16666666666666674,0.7627118644067796,10,13
720575940628297237,left,L1,309,-0.6666666666666667,0.38983050847457634,12,0
720575940628306770,left,L2,708,-0.38888888888888895,-0.864406779661017,-9,-16
720575940628327557,left,L2,615,-0.7222222222222222,-0.2542372881355932,3,-10
720575940628359400,left,L2,686,0.5555555555555554,-0.7627118644067796,-16,-6
720575940628375122,left,L3,650,-0.2777777777777778,-0.864406779661017,-10,-15
720575940628389116,left,L3,271,0.4444444444444444,0.18644067796610164,-1,7
720575940628390994,left,L2,640,-0.11111111111111105,-0.5593220338983051,-7,-9
720575940628453361,left,L1,126,0.38888888888888906,0.35593220338983045,2,9
720575940628456250,left,L3,400,0.16666666666666674,-1.0,-16,-13
720575940628465393,left,L1,370,-0.2777777777777778,0.6949152542372881,13,8
720575940628470037,left,L2,784,-0.38888888888888895,0.9661016949152543,18,11
720575940628486728,left,L1,54,-0.38888888888888895,0.0847457627118644,5,-2
720575940628513768,left,L3,324,0.3333333333333335,0.7966101694915255,9,15
720575940628522257,left,L1,125,0.6111111111111112,0.2881355932203389,-1,10
720575940628528040,left,L2,11,0.7777777777777779,-0.4915254237288136,-14,0
720575940628548156,left,L1,639,-0.38888888888888895,0.6271186440677967,13,6
720575940628552903,left,L3,672,-0.8333333333333333,0.35593220338983045,13,-2
720575940628557052,left,L3,326,0.22222222222222232,0.5254237288135593,6,10
720575940628557329,left,L1,14,0.05555555555555558,-0.9322033898305084,-14,-13
720575940628558613,left,L3,420,0.7222222222222221,-0.11864406779661019,-8,5
720575940628565903,left,L2,644,-0.6666666666666667,0.5932203389830508,15,3
720575940628574225,left,L3,520,-0.22222222222222232,-0.7627118644067796,-9,-13
720575940628603925,left,L3,582,-0.05555555555555558,0.7627118644067796,12,11
720575940628636047,left,L3,291,0.7777777777777779,0.05084745762711873,-6,8
720575940628642378,left,L3,425,0.3333333333333335,0.6610169491525424,7,13
720575940628650517,left,L1,174,0.5,-0.5254237288135593,-12,-3
720575940628657095,left,L3,484,0.38888888888888906,-0.3220338983050848,-8,-1
720575940628661269,left,L2,194,0.05555555555555558,-0.18644067796610164,-3,-2
720575940628663829,left,L1,743,0.7222222222222221,-0.6610169491525424,-16,-3
720575940628682824,left,L2,725,-0.33333333333333337,-0.8305084745762712,-9,-15
720575940628717896,left,L1,300,0.4444444444444444,-0.6271186440677966,-13,-5
720575940628754436,left,L1,248,-0.6666666666666667,-0.016949152542372836,6,-6
720575940628761360,left,L1,287,-0.5,0.423728813559322,11,2
720575940628763816,left,L1,611,-0.11111111111111105,-0.6271186440677966,-8,-10
720575940628772849,left,L1,618,-0.11111111111111105,0.7966101694915255,13,11
720575940628798792,left,L3,401,-0.16666666666666674,-0.6610169491525424,-8,-11
720575940628801256,left,L1,744,-0.38888888888888895,0.8305084745762712,16,9
720575940628808391,left,L2,281,-1.0,0.05084745762711873,10,-8
720575940628818182,left,L1,720,-0.5,0.6949152542372881,15,6
720575940628821992,left,L1,4,-0.5,-0.728813559322034,-6,-15
720575940628822760,left,L1,632,0.3333333333333335,-0.6949152542372881,-13,-7
720575940628824336,left,L1,430,-0.2777777777777778,-0.2542372881355932,-1,-6
720575940628839400,left,L1,589,-0.05555555555555558,-0.18644067796610164,-2,-3
720575940628844231,left,L2,363,0.7777777777777779,-0.15254237288135597,-9,5
720575940628857092,left,L2,35,0.11111111111111116,-0.8305084745762712,-13,-11
720575940628904700,left,L2,646,0.666666666666667,-0.8305084745762712,-18,-6
720575940628924676,left,L2,40,-0.22222222222222232,-0.22033898305084743,-1,-5
720575940628974608,left,L3,232,-0.38888888888888895,0.423728813559322,10,3
720575940629013959,left,L3,474,-0.2777777777777778,-0.5932203389830508,-6,-11
720575940629019644,left,L3,207,0.16666666666666674,0.9661016949152543,13,16
720575940629063952,left,L2,476,-0.05555555555555558,0.4915254237288136,8,7
720575940629087275,left,L2,556,0.0,0.3220338983050848,5,5
720575940629123945,left,L2,156,-0.9444444444444445,0.016949152542372836,9,-8
720575940629136583,left,L1,750,0.4444444444444444,-0.8305084745762712,-16,-8
720575940629141244,left,L1,337,-0.5555555555555556,-0.22033898305084743,2,-8
720575940629152455,left,L1,413,-0.16666666666666674,-0.2542372881355932,-2,-5
720575940629152967,left,L1,149,0.666666666666667,-0.4915254237288136,-13,-1
720575940629155783,left,L1,294,0.11111111111111116,-0.6949152542372881,-11,-9
720575940629180419,left,L2,19,-0.7222222222222222,0.5593220338983051,15,2
720575940629196443,left,L3,630,0.4444444444444444,0.2542372881355932,0,8
720575940629202587,left,L1,187,0.38888888888888906,0.6949152542372881,7,14
720575940629203305,left,L2,425,0.3333333333333335,0.6610169491525424,7,13
720575940629211727,left,L1,423,0.3333333333333335,-0.6271186440677966,-12,-6
720575940629243591,left,L2,642,-0.5,-0.38983050847457623,-1,-10
720575940629245543,left,L3,727,0.7777777777777779,0.18644067796610164,-4,10
720575940629280330,left,L3,286,0.0,-0.8305084745762712,-12,-12
720575940629306411,left,L2,391,0.5,-0.11864406779661019,-6,3
720575940629317392,left,L3,776,0.6111111111111112,0.6949152542372881,5,16
720575940629319174,left,L1,254,0.3333333333333335,-0.8305084745762712,-15,-9
720575940629319939,left,L1,711,-0.05555555555555558,0.6271186440677967,10,9
720575940629334534,left,L1,380,-0.05555555555555558,0.9661016949152543,15,14
720575940629338983,left,L1,274,0.666666666666667,0.11864406779661008,-4,8
720575940629341339,left,L3,327,0.6111111111111112,0.0847457627118644,-4,7
720575940629359366,left,L3,231,0.4444444444444444,-0.423728813559322,-10,-2
720575940629385734,left,L2,611,-0.11111111111111105,-0.6271186440677966,-8,-10
720575940629400579,left,L1,433,0.0,-0.288135593220339,-4,-4
720575940629407387,left,L3,46,-0.5,0.4915254237288136,12,3
720575940629413635,left,L1,570,0.2777777777777777,0.8305084745762712,10,15
720575940629419526,left,L3,706,0.6111111111111112,-0.9322033898305084,-19,-8
720575940629454321,left,L3,225,0.22222222222222232,-0.8983050847457628,-15,-11
720575940629457905,left,L1,525,-0.11111111111111105,-0.6949152542372881,-9,-11
720575940629464817,left,L2,410,-0.22222222222222232,-0.0847457627118644,1,-3
720575940629465073,left,L2,283,-0.4444444444444444,0.11864406779661008,6,-2
720575940629485553,left,L2,52,-0.11111111111111105,-0.7627118644067796,-10,-12
720575940629491216,left,L2,44,0.5555555555555554,-0.35593220338983056,-10,0
720575940629495281,left,L1,345,0.3333333333333335,-0.423728813559322,-9,-3
720575940629504774,left,L2,667,0.11111111111111116,-0.9661016949152542,-15,-13
720575940629508081,left,L2,79,0.2777777777777777,0.016949152542372836,-2,3
720575940629518441,left,L3,313,0.8333333333333333,0.0847457627118644,-6,9
720575940629550441,left,L2,481,0.4444444444444444,-0.288135593220339,-8,0
720575940629582441,left,L3,213,0.3333333333333335,-0.15254237288135597,-5,1
720575940629589659,left,L2,230,0.2777777777777777,0.2881355932203389,2,7
720575940629598193,left,L3,697,0.11111111111111116,-0.7627118644067796,-12,-10
720575940629599081,left,L3,331,0.16666666666666674,-0.5254237288135593,-9,-6
720575940629627241,left,L3,649,-0.05555555555555558,0.15254237288135597,3,2
720575940629647977,left,L3,124,0.16666666666666674,-0.2542372881355932,-5,-2
720575940629652379,left,L3,69,0.11111111111111116,0.2542372881355932,3,5
720575940629675855,left,L2,28,0.5555555555555554,0.18644067796610164,-2,8
720575940629721687,left,L3,241,0.2777777777777777,-0.5932203389830508,-11,-6
720575940629723241,left,L2,569,0.666666666666667,0.18644067796610164,-3,9
720575940629739202,left,L3,8,-0.4444444444444444,0.8644067796610169,17,9
720575940629754667,left,L3,749,-0.16666666666666674,0.016949152542372836,2,-1
720575940629790507,left,L1,351,-0.05555555555555558,-0.5932203389830508,-8,-9
720575940629791019,left,L1,521,0.7222222222222221,-0.3220338983050848,-11,2
720575940629801598,left,L1,567,-0.22222222222222232,0.728813559322034,13,9
720575940629810219,left,L2,731,-0.6111111111111112,0.2881355932203389,10,-1
720575940629815056,left,L1,538,-0.38888888888888895,0.016949152542372836,4,-3
720575940629837355,left,L2,350,0.16666666666666674,0.4915254237288136,6,9
720575940629838123,left,L2,213,0.3333333333333335,-0.15254237288135597,-5,1
720575940629839888,left,L2,146,0.11111111111111116,-0.22033898305084743,-4,-2
720575940629845291,left,L2,746,-0.2777777777777778,0.0847457627118644,4,-1
720575940629846059,left,L2,418,-0.16666666666666674,0.4915254237288136,9,6
720575940629870096,left,L1,111,0.22222222222222232,-0.8305084745762712,-14,-10
720575940629874704,left,L1,67,-0.16666666666666674,-0.4576271186440678,-5,-8
720575940629875971,left,L2,756,0.5555555555555554,0.6610169491525424,5,15
720575940629875984,left,L1,606,-0.05555555555555558,-0.6610169491525424,-9,-10
720575940629880442,left,L2,375,-0.6111111111111112,0.22033898305084754,9,-2
720575940629909370,left,L2,750,0.4444444444444444,-0.8305084745762712,-16,-8
720575940629915770,left,L3,272,0.3333333333333335,-0.0847457627118644,-4,2
720575940629915983,left,L1,103,0.8333333333333333,0.2881355932203389,-3,12
720575940629921359,left,L1,361,0.05555555555555558,-0.2542372881355932,-4,-3
720575940629932879,left,L1,467,-0.22222222222222232,-0.6949152542372881,-8,-12
720575940629942571,left,L2,344,-0.16666666666666674,-0.5254237288135593,-6,-9
720575940629944363,left,L2,379,0.38888888888888906,-0.5932203389830508,-12,-5
720575940629949263,left,L2,32,0.0,0.38983050847457634,6,6
720575940629949519,left,L2,200,-0.5555555555555556,0.38983050847457634,11,1
720575940629952706,left,L3,101,-0.7777777777777778,0.18644067796610164,10,-4
720575940629959247,left,L2,625,-0.22222222222222232,0.7966101694915255,14,10
720575940629963011,left,L3,23,-0.33333333333333337,-0.5593220338983051,-5,-11
720575940629974683,left,L1,107,0.8888888888888888,-0.0847457627118644,-9,7
720575940629982711,left,L3,374,0.2777777777777777,0.423728813559322,4,9
720575940629996547,left,L3,641,-0.8333333333333333,-0.18644067796610164,5,-10
720575940630010172,left,L3,172,0.11111111111111116,0.728813559322034,10,12
720575940630023294,left,L2,495,0.5,0.15254237288135597,-2,7
720575940630055159,left,L3,302,0.2777777777777777,0.5593220338983051,6,11
720575940630072911,left,L2,757,0.0,-0.22033898305084743,-3,-3
720575940630077818,left,L1,314,-0.9444444444444445,0.15254237288135597,11,-6
720575940630083710,left,L2,488,0.8333333333333333,0.15254237288135597,-5,10
720575940630088183,left,L3,380,-0.05555555555555558,0.9661016949152543,15,14
720575940630090907,left,L1,352,-0.22222222222222232,0.9322033898305084,16,12
720575940630091163,left,L1,237,-0.16666666666666674,0.8983050847457628,15,12
720575940630102103,left,L3,591,0.38888888888888906,-0.11864406779661019,-5,2
720575940630103596,left,L2,143,-0.4444444444444444,0.5254237288135593,12,4
720575940630103799,left,L2,322,0.22222222222222232,0.8644067796610169,11,15
720575940630144634,left,L1,322,0.22222222222222232,0.8644067796610169,11,15
720575940630153719,left,L2,684,-0.6111111111111112,0.5593220338983051,14,3
720575940630156647,left,L3,161,0.4444444444444444,-0.4915254237288136,-11,-3
720575940630158636,left,L2,622,-0.5555555555555556,0.6610169491525424,15,5
720575940630171648,left,L1,699,-0.5555555555555556,-0.016949152542372836,5,-5
720575940630173799,left,L1,500,0.7777777777777779,-0.288135593220339,-11,3
720575940630176122,left,L1,608,0.11111111111111116,0.3220338983050848,4,6
720575940630200524,left,L1,358,-0.2777777777777778,0.5593220338983051,11,6
720575940630207703,left,L3,718,-0.5555555555555556,0.7966101694915255,17,7
720575940630211227,left,L1,449,0.666666666666667,-0.5593220338983051,-14,-2
720575940630221250,left,L3,405,0.3333333333333335,0.3220338983050848,2,8
720575940630230743,left,L3,437,-0.33333333333333337,0.38983050847457634,9,3
720575940630239614,left,L2,94,0.5555555555555554,0.5932203389830508,4,14
720575940630256027,left,L1,387,-0.05555555555555558,-0.5254237288135593,-7,-8
720575940630299897,left,L2,4,-0.5,-0.728813559322034,-6,-15
720575940630317671,left,L1,373,0.16666666666666674,-0.728813559322034,-12,-9
720575940630327040,left,L2,33,0.3333333333333335,0.5932203389830508,6,12
720575940630358906,left,L1,575,0.7222222222222221,0.2881355932203389,-2,11
720575940630388730,left,L2,645,-0.38888888888888895,0.8983050847457628,17,10
720575940630393722,left,L1,576,0.0,0.9322033898305084,14,14
720575940630408185,left,L3,587,0.4444444444444444,0.728813559322034,7,15
720575940630432382,left,L2,536,0.3333333333333335,0.11864406779661008,-1,5
720575940630466295,left,L3,267,-0.6666666666666667,0.05084745762711873,7,-5
720575940630492631,left,L1,689,-0.22222222222222232,0.5932203389830508,11,7
720575940630494023,left,L3,31,0.0,0.5254237288135593,8,8
720575940630499388,left,L1,131,-0.6666666666666667,0.6610169491525424,16,4
720575940630502876,left,L2,636,0.0,0.18644067796610164,3,3
720575940630529836,left,L1,493,-0.2777777777777778,0.7627118644067796,14,9
720575940630539898,left,L2,231,0.4444444444444444,-0.423728813559322,-10,-2
720575940630552570,left,L1,315,-0.33333333333333337,-0.22033898305084743,0,-6
720575940630554412,left,L3,130,0.22222222222222232,0.38983050847457634,4,8
720575940630570690,left,L2,8,-0.4444444444444444,0.8644067796610169,17,9
720575940630574839,left,L2,125,0.6111111111111112,0.2881355932203389,-1,10
720575940630575831,left,L2,150,-0.8333333333333333,0.15254237288135597,10,-5
720575940630576633,left,L1,503,0.38888888888888906,0.5593220338983051,5,12
720575940630590935,left,L1,574,-0.6111111111111112,0.15254237288135597,8,-3
720575940630591575,left,L2,496,0.7777777777777779,0.2542372881355932,-3,11
720575940630593084,left,L2,190,-0.2777777777777778,-0.18644067796610164,0,-5
720575940630610554,left,L1,211,-0.7222222222222222,-0.05084745762711862,6,-7
720575940630630906,left,L3,784,-0.38888888888888895,0.9661016949152543,18,11
720575940630632697,left,L3,359,0.2777777777777777,0.7627118644067796,9,14
720575940630649856,left,L3,283,-0.4444444444444444,0.11864406779661008,6,-2
720575940630655031,left,L3,203,0.38888888888888906,-0.05084745762711862,-4,3
720575940630676986,left,L3,419,-0.2777777777777778,-0.38983050847457623,-3,-8
720575940630678522,left,L2,259,-0.7222222222222222,-0.18644067796610164,4,-9
720575940630693376,left,L2,533,0.0,-0.5593220338983051,-8,-8
720575940630695806,left,L3,384,-0.6666666666666667,-0.0847457627118644,5,-7
720575940630721474,left,L1,191,-0.05555555555555558,-0.38983050847457623,-5,-6
720575940630726082,left,L2,376,-0.7777777777777778,-0.35593220338983056,2,-12
720575940630747387,left,L1,422,-0.7777777777777778,-0.15254237288135597,5,-9
720575940630753986,left,L3,414,0.5,0.6949152542372881,6,15
720575940630760314,left,L1,452,0.16666666666666674,-0.3220338983050848,-6,-3
720575940630764247,left,L1,497,0.7222222222222221,0.016949152542372836,-6,7
720575940630764922,left,L1,95,0.5,-0.728813559322034,-15,-6
720575940630766974,left,L2,735,0.16666666666666674,-0.7966101694915254,-13,-10
720575940630769022,left,L2,151,-0.33333333333333337,-0.4915254237288136,-4,-10
720575940630771671,left,L2,45,-0.5,-0.05084745762711862,4,-5
720575940630776119,left,L3,37,0.16666666666666674,0.15254237288135597,1,4
720575940630776438,left,L2,204,0.5555555555555554,-0.0847457627118644,-6,4
720575940630838519,left,L2,381,0.5555555555555554,-0.8983050847457628,-18,-8
720575940630839414,left,L2,453,0.38888888888888906,0.8305084745762712,9,16
720575940630848463,left,L3,574,-0.6111111111111112,0.15254237288135597,8,-3
720575940630870134,left,L2,384,-0.6666666666666667,-0.0847457627118644,5,-7
720575940630872825,left,L1,214,-0.5,0.0847457627118644,6,-3
720575940630890181,left,L1,644,-0.6666666666666667,0.5932203389830508,15,3
720575940630890447,left,L3,201,-0.8333333333333333,0.2881355932203389,12,-3
720575940630926908,left,L2,415,0.666666666666667,0.38983050847457634,0,12
720575940630927148,left,L1,170,-0.5,0.016949152542372836,5,-4
720575940630927311,left,L1,343,-0.2777777777777778,0.8983050847457628,16,11
720575940630939964,left,L1,273,-0.6111111111111112,0.7627118644067796,17,6
720575940630941381,left,L2,721,0.6111111111111112,0.423728813559322,1,12
720575940630958444,left,L1,156,-0.9444444444444445,0.016949152542372836,9,-8
720575940630984655,left,L3,731,-0.6111111111111112,0.2881355932203389,10,-1
720575940630992727,left,L2,700,0.6111111111111112,0.4915254237288136,2,13
720575940631006976,left,L2,252,0.38888888888888906,0.7627118644067796,8,15
720575940631016668,left,L2,59,-0.22222222222222232,0.05084745762711873,3,-1
720575940631024379,left,L3,584,0.5,0.7627118644067796,7,16
720575940631030124,left,L3,376,-0.7777777777777778,-0.35593220338983056,2,-12
720575940631039695,left,L3,764,0.8333333333333333,0.35593220338983045,-2,13
720575940631040476,left,L2,154,-0.888888888888889,-0.016949152542372836,8,-8
720575940631043884,left,L1,666,0.8333333333333333,-0.4576271186440678,-14,1
720575940631043958,left,L1,569,0.666666666666667,0.18644067796610164,-3,9
720575940631045888,left,L2,532,-0.8333333333333333,0.22033898305084754,11,-4
720575940631057664,left,L3,64,0.5,-0.7966101694915254,-16,-7
720575940631063296,left,L1,368,-0.4444444444444444,-0.6949152542372881,-6,-14
720575940631064320,left,L1,407,-0.5555555555555556,-0.35593220338983056,0,-10
720575940631065088,left,L1,367,-0.6111111111111112,-0.5254237288135593,-2,-13
720575940631081728,left,L1,656,0.05555555555555558,-0.38983050847457623,-6,-5
720575940631088384,left,L1,247,-0.38888888888888895,-0.5254237288135593,-4,-11
720575940631089964,left,L1,157,-0.05555555555555558,-0.2542372881355932,-3,-4
720575940631094223,left,L3,189,0.7222222222222221,0.423728813559322,0,13
720575940631098053,left,L2,758,0.6111111111111112,-0.05084745762711862,-6,5
720575940631105836,left,L2,766,0.22222222222222232,-0.15254237288135597,-4,0
720575940631106322,left,L2,164,-0.11111111111111105,-0.0847457627118644,0,-2
720575940631113487,left,L3,42,-0.11111111111111105,0.4576271186440677,8,6
720575940631123983,left,L1,344,-0.16666666666666674,-0.5254237288135593,-6,-9
720575940631129807,left,L3,298,-0.5,0.15254237288135597,7,-2
720575940631144441,left,L3,319,-0.16666666666666674,0.15254237288135597,4,1
720575940631155516,left,L3,470,0.5,-0.3220338983050848,-9,0
720575940631156475,left,L2,97,-0.5555555555555556,0.05084745762711873,6,-4
720575940631176508,left,L1,773,0.6111111111111112,-0.6610169491525424,-15,-4
720575940631190267,left,L3,217,0.7222222222222221,0.4915254237288136,1,14
720575940631206711,left,L2,98,-0.11111111111111105,-0.423728813559322,-5,-7
720575940631219671,left,L2,77,0.2777777777777777,-0.18644067796610164,-5,0
720575940631226412,left,L1,195,-0.2777777777777778,-0.05084745762711862,2,-3
720575940631248146,left,L3,478,-0.7777777777777778,0.5254237288135593,15,1
720575940631253463,left,L1,771,0.38888888888888906,-0.9322033898305084,-17,-10
720575940631253719,left,L1,180,0.2777777777777777,-0.9322033898305084,-16,-11
720575940631260665,left,L2,551,-0.38888888888888895,-0.3220338983050848,-1,-8
720575940631265495,left,L3,664,0.16666666666666674,-0.9322033898305084,-15,-12
720575940631274716,left,L2,166,0.0,0.5932203389830508,9,9
720575940631316780,left,L2,14,0.05555555555555558,-0.9322033898305084,-14,-13
720575940631328453,left,L2,567,-0.22222222222222232,0.728813559322034,13,9
720575940631340997,left,L2,153,0.8888888888888888,-0.016949152542372836,-8,8
720575940631358795,left,L3,742,-0.38888888888888895,0.35593220338983045,9,2
720575940631384313,left,L2,586,0.22222222222222232,0.5932203389830508,7,11
720575940631391759,left,L3,59,-0.22222222222222232,0.05084745762711873,3,-1
720575940631430774,left,L1,620,0.8333333333333333,0.016949152542372836,-7,8
720575940631452780,left,L1,215,0.7222222222222221,0.22033898305084754,-3,10
720575940631453814,left,L1,355,-0.7777777777777778,-0.22033898305084743,4,-10
720575940631483387,left,L3,412,-0.6111111111111112,0.6949152542372881,16,5
720575940631490578,left,L2,119,-0.22222222222222232,0.18644067796610164,5,1
720575940631492347,left,L1,295,-0.16666666666666674,0.9661016949152543,16,13
720575940631502890,left,L3,490,-0.5555555555555556,0.18644067796610164,8,-2
720575940631524460,left,L1,533,0.0,-0.5593220338983051,-8,-8
720575940631524716,left,L1,577,0.5555555555555554,-0.4915254237288136,-12,-2
720575940631525369,left,L1,340,-0.38888888888888895,0.5593220338983051,12,5
720575940631529209,left,L1,232,-0.38888888888888895,0.423728813559322,10,3
720575940631539830,left,L3,549,0.05555555555555558,-0.3220338983050848,-5,-4
720575940631541356,left,L2,566,0.5555555555555554,-0.288135593220339,-9,1
720575940631543158,left,L3,619,-0.38888888888888895,-0.6610169491525424,-6,-13
720575940631558393,left,L3,430,-0.2777777777777778,-0.2542372881355932,-1,-6
720575940631591161,left,L1,347,-0.5,-0.4576271186440678,-2,-11
720575940631591417,left,L1,16,-0.22222222222222232,-0.5593220338983051,-6,-10
720575940631593679,left,L1,118,0.38888888888888906,0.016949152542372836,-3,4
720575940631598073,left,L3,111,0.22222222222222232,-0.8305084745762712,-14,-10
720575940631598799,left,L3,625,-0.22222222222222232,0.7966101694915255,14,10
720575940631616274,left,L2,148,-0.7222222222222222,-0.38983050847457623,1,-12
720575940631638543,left,L1,200,-0.5555555555555556,0.38983050847457634,11,1
720575940631663939,left,L3,573,0.4444444444444444,0.4576271186440677,3,11
720575940631664215,left,L2,181,0.11111111111111116,-0.15254237288135597,-3,-1
720575940631670871,left,L1,462,-0.11111111111111105,0.5932203389830508,10,8
720575940631722770,left,L3,390,-0.6111111111111112,-0.3220338983050848,1,-10
720575940631766103,left,L3,640,-0.11111111111111105,-0.5593220338983051,-7,-9
720575940631772111,left,L1,137,0.6111111111111112,-0.2542372881355932,-9,2
720575940631876675,left,L3,58,0.3333333333333335,0.38983050847457634,3,9
720575940631880779,left,L2,332,0.4444444444444444,-0.8983050847457628,-17,-9
720575940631890499,left,L2,291,0.7777777777777779,0.05084745762711873,-6,8
720575940631914563,left,L1,128,0.3333333333333335,-0.7627118644067796,-14,-8
720575940631936104,left,L1,377,0.05555555555555558,0.22033898305084754,3,4
720575940631945953,left,L2,541,-0.4444444444444444,0.4576271186440677,11,3
720575940631960395,left,L1,607,0.11111111111111116,0.5932203389830508,8,10
720575940631962168,left,L3,728,0.7777777777777779,0.38983050847457634,-1,13
720575940631970104,left,L1,281,-1.0,0.05084745762711873,10,-8
720575940631973187,left,L2,365,0.5,0.22033898305084754,-1,8
720575940632034255,left,L1,85,0.4444444444444444,-0.7627118644067796,-15,-7
720575940632057400,left,L3,531,0.11111111111111116,-0.016949152542372836,-1,1
720575940632092367,left,L3,237,-0.16666666666666674,0.8983050847457628,15,12
720575940632102481,left,L1,80,0.5,0.423728813559322,2,11
720575940632138636,left,L3,702,-0.5,0.7627118644067796,16,7
720575940632148295,left,L1,176,-0.16666666666666674,0.423728813559322,8,5
720575940632171818,left,L2,610,0.2777777777777777,-0.7966101694915254,-14,-9
720575940632210507,left,L3,655,0.7222222222222221,-0.05084745762711862,-7,6
720575940632212527,left,L3,301,-0.5555555555555556,0.5254237288135593,13,3
720575940632218252,left,L3,119,-0.22222222222222232,0.18644067796610164,5,1
720575940632239976,left,L3,322,0.22222222222222232,0.8644067796610169,11,15
720575940632259399,left,L3,561,0.6111111111111112,0.22033898305084754,-2,9
720575940632294219,left,L3,82,-0.7222222222222222,0.22033898305084754,10,-3
720575940632302136,left,L1,719,0.16666666666666674,0.8983050847457628,12,15
720575940632308043,left,L3,583,0.38888888888888906,-0.864406779661017,-16,-9
720575940632308299,left,L1,583,0.38888888888888906,-0.864406779661017,-16,-9
720575940632309519,left,L1,378,-0.33333333333333337,0.5932203389830508,12,6
720575940632310831,left,L3,154,-0.888888888888889,-0.016949152542372836,8,-8
720575940632311567,left,L1,252,0.38888888888888906,0.7627118644067796,8,15
720575940632311823,left,L1,21,-0.16666666666666674,0.6271186440677967,11,8
720575940632314895,left,L1,383,-0.6111111111111112,0.35593220338983045,11,0
720575940632316687,left,L1,763,-0.5555555555555556,0.4576271186440677,12,2
720575940632320783,left,L1,470,0.5,-0.3220338983050848,-9,0
720575940632324394,left,L1,384,-0.6666666666666667,-0.0847457627118644,5,-7
720575940632337679,left,L2,315,-0.33333333333333337,-0.22033898305084743,0,-6
720575940632338503,left,L2,335,0.22222222222222232,0.2542372881355932,2,6
720575940632348068,left,L3,222,-0.33333333333333337,0.8644067796610169,16,10
720575940632387087,left,L1,400,0.16666666666666674,-1.0,-16,-13
720575940632420114,left,L2,128,0.3333333333333335,-0.7627118644067796,-14,-8
720575940632420650,left,L3,391,0.5,-0.11864406779661019,-6,3
720575940632425547,left,L2,209,-0.33333333333333337,-0.288135593220339,-1,-7
720575940632433962,left,L1,171,0.666666666666667,-0.6949152542372881,-16,-4
720575940632434191,left,L1,228,-0.7222222222222222,0.016949152542372836,7,-6
720575940632440594,left,L3,144,0.8333333333333333,-0.38983050847457623,-13,2
720575940632451492,left,L1,476,-0.05555555555555558,0.4915254237288136,8,7
720575940632457002,left,L2,665,0.7777777777777779,-0.0847457627118644,-8,6
720575940632470609,left,L2,587,0.4444444444444444,0.728813559322034,7,15
720575940632482063,left,L2,716,0.4444444444444444,-0.22033898305084743,-7,1
720575940632487224,left,L2,535,0.8888888888888888,-0.15254237288135597,-10,6
720575940632487588,left,L1,239,-0.6666666666666667,0.18644067796610164,9,-3
720575940632492625,left,L3,734,0.22222222222222232,-0.016949152542372836,-2,2
720575940632546090,left,L2,439,-0.2777777777777778,-0.3220338983050848,-2,-7
720575940632573265,left,L2,602,0.4444444444444444,-0.0847457627118644,-5,3
720575940632612044,left,L3,125,0.6111111111111112,0.2881355932203389,-1,10
720575940632623500,left,L3,750,0.4444444444444444,-0.8305084745762712,-16,-8
720575940632628781,left,L3,186,-0.11111111111111105,0.8644067796610169,14,12
720575940632644300,left,L2,126,0.38888888888888906,0.35593220338983045,2,9
720575940632660025,left,L3,360,-0.5,0.6271186440677967,14,5
720575940632692803,left,L1,517,0.7222222222222221,0.0847457627118644,-5,8
720575940632706664,left,L1,56,0.16666666666666674,-0.4576271186440678,-8,-5
720575940632764497,left,L3,373,0.16666666666666674,-0.728813559322034,-12,-9
720575940632773028,left,L1,136,0.05555555555555558,0.0847457627118644,1,2
720575940632775225,left,L3,71,-0.16666666666666674,-0.11864406779661019,0,-3
720575940632784195,left,L1,25,-0.9444444444444445,0.0847457627118644,10,-7
720575940632827704,left,L1,319,-0.16666666666666674,0.15254237288135597,4,1
720575940632832568,left,L2,352,-0.22222222222222232,0.9322033898305084,16,12
720575940632858925,left,L3,696,-0.22222222222222232,0.5254237288135593,10,6
720575940632859192,left,L1,301,-0.5555555555555556,0.5254237288135593,13,3
720575940632862264,left,L1,236,-0.11111111111111105,0.11864406779661008,3,1
720575940632913720,left,L3,564,0.38888888888888906,-0.7966101694915254,-15,-8
720575940632915757,left,L1,683,0.22222222222222232,0.18644067796610164,1,5
720575940632935372,left,L1,443,-0.6666666666666667,0.11864406779661008,8,-4
720575940632940335,left,L1,143,-0.4444444444444444,0.5254237288135593,12,4
720575940632975699,left,L2,10,0.6111111111111112,-0.5254237288135593,-13,-2
720575940632977292,left,L3,585,-0.05555555555555558,-0.7966101694915254,-11,-12
720575940632995501,left,L1,753,-0.33333333333333337,0.7966101694915255,15,9
720575940632995724,left,L3,16,-0.22222222222222232,-0.5593220338983051,-6,-10
720575940633008440,left,L2,74,-0.05555555555555558,-0.3220338983050848,-4,-5
720575940633011876,left,L2,206,-0.2777777777777778,0.15254237288135597,5,0
720575940633039500,left,L2,295,-0.16666666666666674,0.9661016949152543,16,13
720575940633039687,left,L1,15,0.2777777777777777,-0.11864406779661019,-4,1
720575940633043783,left,L1,190,-0.2777777777777778,-0.18644067796610164,0,-5
720575940633047879,left,L2,187,0.38888888888888906,0.6949152542372881,7,14
720575940633051020,left,L2,193,-0.5555555555555556,0.11864406779661008,7,-3
720575940633096007,left,L3,362,0.22222222222222232,-0.6949152542372881,-12,-8
720575940633107027,left,L3,426,-0.33333333333333337,-0.016949152542372836,3,-3
720575940633108527,left,L1,104,-0.05555555555555558,-0.9322033898305084,-13,-14
720575940633109063,left,L1,114,0.2777777777777777,-0.4576271186440678,-9,-4
720575940633110087,left,L1,657,-0.16666666666666674,-0.864406779661017,-11,-14
720575940633160019,left,L2,393,-0.11111111111111105,0.728813559322034,12,10
720575940633182381,left,L3,597,0.5,0.016949152542372836,-4,5
720575940633183815,left,L2,207,0.16666666666666674,0.9661016949152543,13,16
720575940633190481,left,L2,99,0.5,0.4915254237288136,3,12
720575940633190957,left,L2,711,-0.05555555555555558,0.6271186440677967,10,9
720575940633194833,left,L3,26,0.16666666666666674,-0.11864406779661019,-3,0
720575940633198929,left,L3,205,0.5555555555555554,-0.22033898305084743,-8,2
720575940633207377,left,L3,345,0.3333333333333335,-0.423728813559322,-9,-3
720575940633221191,left,L1,372,0.11111111111111116,-0.0847457627118644,-2,0
720575940633225041,left,L2,722,0.7222222222222221,-0.5254237288135593,-14,-1
720575940633226321,left,L1,391,0.5,-0.11864406779661019,-6,3
720575940633226567,left,L2,64,0.5,-0.7966101694915254,-16,-7
720575940633301474,left,L3,472,0.16666666666666674,0.8305084745762712,11,14
720575940633360209,left,L1,543,-0.11111111111111105,-0.15254237288135597,-1,-3
720575940633393100,left,L1,776,0.6111111111111112,0.6949152542372881,5,16
720575940633396653,left,L1,113,-0.22222222222222232,0.11864406779661008,4,0
720575940633412307,left,L2,737,0.05555555555555558,0.6271186440677967,9,10
720575940633418157,left,L3,610,0.2777777777777777,-0.7966101694915254,-14,-9
720575940633423699,left,L1,655,0.7222222222222221,-0.05084745762711862,-7,6
720575940633457695,left,L3,612,-0.33333333333333337,-0.8983050847457628,-10,-16
720575940633469900,left,L1,458,0.5555555555555554,-0.016949152542372836,-5,5
720575940633479628,left,L3,553,-0.33333333333333337,0.5254237288135593,11,5
720575940633504460,left,L3,148,-0.7222222222222222,-0.38983050847457623,1,-12
720575940633519820,left,L3,685,-0.5,-0.3220338983050848,0,-9
720575940633531556,left,L1,175,-0.6111111111111112,-0.2542372881355932,2,-9
720575940633545380,left,L3,652,-0.6111111111111112,-0.38983050847457623,0,-11
720575940633559725,left,L3,377,0.05555555555555558,0.22033898305084754,3,4
720575940633561427,left,L2,396,-0.11111111111111105,0.3220338983050848,6,4
720575940633568420,left,L2,251,-0.11111111111111105,-0.4915254237288136,-6,-8
720575940633568813,left,L2,54,-0.38888888888888895,0.0847457627118644,5,-2
720575940633574611,left,L2,575,0.7222222222222221,0.2881355932203389,-2,11
720575940633590180,left,L2,133,-0.33333333333333337,0.6610169491525424,13,7
720575940633609773,left,L1,360,-0.5,0.6271186440677967,14,5
720575940633681633,left,L2,683,0.22222222222222232,0.18644067796610164,1,5
720575940633764909,left,L2,39,0.0,0.6610169491525424,10,10
720575940633780013,left,L1,739,-0.7777777777777778,0.05084745762711873,8,-6
720575940633786451,left,L1,79,0.2777777777777777,0.016949152542372836,-2,3
720575940633790291,left,L1,153,0.8888888888888888,-0.016949152542372836,-8,8
720575940633793197,left,L1,189,0.7222222222222221,0.423728813559322,0,13
720575940633793325,left,L1,484,0.38888888888888906,-0.3220338983050848,-8,-1
720575940633793581,left,L2,334,0.11111111111111116,-0.8983050847457628,-14,-12
720575940633806125,left,L2,555,-0.38888888888888895,0.2881355932203389,8,1
720575940633829459,left,L1,665,0.7777777777777779,-0.0847457627118644,-8,6
720575940633833299,left,L1,213,0.3333333333333335,-0.15254237288135597,-5,1
720575940633834579,left,L1,220,0.22222222222222232,-0.22033898305084743,-5,-1
720575940633834835,left,L1,740,0.22222222222222232,-0.288135593220339,-6,-2
720575940633835603,left,L1,513,-0.38888888888888895,-0.4576271186440678,-3,-10
720575940633836115,left,L1,766,0.22222222222222232,-0.15254237288135597,-4,0
720575940633867603,left,L3,190,-0.2777777777777778,-0.18644067796610164,0,-5
720575940633870818,left,L2,115,-0.4444444444444444,0.05084745762711873,5,-3
720575940633905325,left,L1,141,0.6111111111111112,-0.7966101694915254,-17,-6
720575940634053345,left,L2,779,0.8888888888888888,0.18644067796610164,-5,11
720575940634130146,left,L3,30,0.666666666666667,0.5254237288135593,2,14
720575940634187219,left,L1,183,-0.5,-0.5254237288135593,-3,-12
720575940634208467,left,L1,369,0.6111111111111112,-0.18644067796610164,-8,3
720575940634229218,left,L1,460,-0.33333333333333337,-0.6949152542372881,-7,-13
720575940634232531,left,L1,485,-0.2777777777777778,-0.11864406779661019,1,-4
720575940634240793,left,L2,487,0.16666666666666674,-0.05084745762711862,-2,1
720575940634240979,left,L1,89,0.16666666666666674,-0.6610169491525424,-11,-8
720575940634243283,left,L3,254,0.3333333333333335,-0.8305084745762712,-15,-9
720575940634269395,left,L2,656,0.05555555555555558,-0.38983050847457623,-6,-5
720575940634401376,left,L3,605,0.38888888888888906,0.4915254237288136,4,11
720575940634423321,left,L2,738,-0.2777777777777778,0.423728813559322,9,4
720575940634423577,left,L3,176,-0.16666666666666674,0.423728813559322,8,5
720575940634430233,left,L3,607,0.11111111111111116,0.5932203389830508,8,10
720575940634455032,left,L3,572,-0.8333333333333333,0.0847457627118644,9,-6
720575940634567394,left,L1,641,-0.8333333333333333,-0.18644067796610164,5,-10
720575940634570647,left,L3,80,0.5,0.423728813559322,2,11
720575940634574487,left,L3,733,-0.5,-0.5932203389830508,-4,-13
720575940634579937,left,L1,475,-0.38888888888888895,-0.05084745762711862,3,-4
720575940634601879,left,L2,105,0.3333333333333335,0.728813559322034,8,14
720575940634609248,left,L2,629,0.4444444444444444,0.7966101694915255,8,16
720575940634616546,left,L2,739,-0.7777777777777778,0.05084745762711873,8,-6
720575940634629601,left,L2,170,-0.5,0.016949152542372836,5,-4
720575940634633824,left,L1,177,-0.16666666666666674,-0.05084745762711862,1,-2
720575940634674327,left,L2,196,-0.11111111111111105,0.2542372881355932,5,3
720575940634675169,left,L3,135,-0.33333333333333337,-0.7627118644067796,-8,-14
720575940634686233,left,L3,63,0.4444444444444444,0.38983050847457634,2,10
720575940634739552,left,L3,118,0.38888888888888906,0.016949152542372836,-3,4
720575940634755479,left,L2,302,0.2777777777777777,0.5593220338983051,6,11
720575940634774553,left,L2,531,0.11111111111111116,-0.016949152542372836,-1,1
720575940634796479,left,L1,502,0.5555555555555554,0.2542372881355932,-1,9
720575940634809184,left,L2,509,-0.4444444444444444,0.3220338983050848,9,1
720575940634813850,left,L3,428,-0.16666666666666674,0.7627118644067796,13,10
720575940634823831,left,L1,630,0.4444444444444444,0.2542372881355932,0,8
720575940634912666,left,L1,451,0.4444444444444444,0.6610169491525424,6,14
720575940634921567,left,L1,573,0.4444444444444444,0.4576271186440677,3,11
720575940634928153,left,L1,424,-0.33333333333333337,-0.0847457627118644,2,-4
720575940634951193,left,L2,498,0.666666666666667,0.3220338983050848,-1,11
720575940634963040,left,L1,244,-0.4444444444444444,-0.423728813559322,-2,-10
720575940634964249,left,L1,636,0.0,0.18644067796610164,3,3
720575940635025504,left,L2,165,0.4444444444444444,0.5254237288135593,4,12
720575940635047854,left,L3,745,0.05555555555555558,0.423728813559322,6,7
720575940635071257,left,L3,108,-0.33333333333333337,-0.423728813559322,-3,-9
720575940635118617,left,L2,446,0.22222222222222232,-0.4915254237288136,-9,-5
720575940635142810,left,L2,172,0.11111111111111116,0.728813559322034,10,12
720575940635144217,left,L3,771,0.38888888888888906,-0.9322033898305084,-17,-10
720575940635153503,left,L3,679,0.4444444444444444,0.5932203389830508,5,13
720575940635161695,left,L1,278,-0.5555555555555556,0.3220338983050848,10,0
720575940635161951,left,L1,224,0.05555555555555558,0.15254237288135597,2,3
720575940635162010,left,L2,186,-0.11111111111111105,0.8644067796610169,14,12
720575940635164316,left,L1,258,-0.38888888888888895,-0.5932203389830508,-5,-12
720575940635179711,left,L2,15,0.2777777777777777,-0.11864406779661019,-4,1
720575940635195799,left,L3,755,0.5,0.6271186440677967,5,14
720575940635225695,left,L2,198,0.666666666666667,0.05084745762711873,-5,7
720575940635244895,left,L3,248,-0.6666666666666667,-0.016949152542372836,6,-6
720575940635344751,left,L3,228,-0.7222222222222222,0.016949152542372836,7,-6
720575940635409855,left,L2,212,0.22222222222222232,-0.5593220338983051,-10,-6
720575940635449184,left,L1,472,0.16666666666666674,0.8305084745762712,11,14
720575940635479743,left,L3,143,-0.4444444444444444,0.5254237288135593,12,4
720575940635487072,left,L1,659,-0.4444444444444444,-0.22033898305084743,1,-7
720575940635491223,left,L2,621,0.11111111111111116,0.7966101694915255,11,13
720575940635509496,left,L1,528,0.2777777777777777,0.22033898305084754,1,6
720575940635534231,left,L2,257,0.2777777777777777,0.6949152542372881,8,13
720575940635551383,left,L1,444,0.4444444444444444,-0.35593220338983056,-9,-1
720575940635552151,left,L1,557,0.666666666666667,-0.35593220338983056,-11,1
720575940635572375,left,L2,382,0.3333333333333335,-0.22033898305084743,-6,0
720575940635580311,left,L3,602,0.4444444444444444,-0.0847457627118644,-5,3
720575940635588503,left,L1,163,0.4444444444444444,0.8644067796610169,9,17
720575940635591831,left,L1,181,0.11111111111111116,-0.15254237288135597,-3,-1
720575940635592032,left,L3,48,-0.4444444444444444,-0.7627118644067796,-7,-15
720575940635597048,left,L3,356,0.0,0.728813559322034,11,11
720575940635604375,left,L1,676,-0.2777777777777778,-0.728813559322034,-8,-13
720575940635604631,left,L1,297,0.8333333333333333,-0.3220338983050848,-12,3
720575940635605399,left,L1,117,-0.888888888888889,-0.0847457627118644,7,-9
720575940635605914,left,L1,775,0.5555555555555554,0.728813559322034,6,16
720575940635609495,left,L2,129,0.05555555555555558,-0.4576271186440678,-7,-6
720575940635627415,left,L1,426,-0.33333333333333337,-0.016949152542372836,3,-3
720575940635635960,left,L1,101,-0.7777777777777778,0.18644067796610164,10,-4
720575940635702935,left,L2,578,0.5,-0.38983050847457623,-10,-1
720575940635703231,left,L1,59,-0.22222222222222232,0.05084745762711873,3,-1
720575940635735407,left,L3,547,-0.05555555555555558,0.6949152542372881,11,10
720575940635744879,left,L1,679,0.4444444444444444,0.5932203389830508,5,13
720575940635817370,left,L1,494,0.05555555555555558,0.9661016949152543,14,15
720575940635852735,left,L2,250,-0.05555555555555558,0.016949152542372836,1,0
720575940635887467,left,L3,781,0.8888888888888888,0.05084745762711873,-7,9
720575940635889515,left,L2,630,0.4444444444444444,0.2542372881355932,0,8
720575940635909274,left,L3,49,0.4444444444444444,-0.15254237288135597,-6,2
720575940635911322,left,L3,766,0.22222222222222232,-0.15254237288135597,-4,0
720575940635911615,left,L2,316,0.5555555555555554,-0.15254237288135597,-7,3
720575940635915930,left,L3,158,0.38888888888888906,-0.18644067796610164,-6,1
720575940635921306,left,L1,162,-0.4444444444444444,-0.0847457627118644,3,-5
720575940635946091,left,L1,78,0.22222222222222232,0.6610169491525424,8,12
720575940635996023,left,L3,308,-0.5555555555555556,0.2542372881355932,9,-1
720575940636009847,left,L1,661,-0.33333333333333337,0.4576271186440677,10,4
720575940636019807,left,L3,52,-0.11111111111111105,-0.7627118644067796,-10,-12
720575940636024159,left,L1,349,-0.5555555555555556,-0.4915254237288136,-2,-12
720575940636024415,left,L1,219,0.666666666666667,-0.15254237288135597,-8,4
720575940636088056,left,L2,678,0.38888888888888906,-0.2542372881355932,-7,0
720575940636146539,left,L1,414,0.5,0.6949152542372881,6,15
720575940636165483,left,L2,663,0.0,0.2542372881355932,4,4
720575940636206328,left,L3,683,0.22222222222222232,0.18644067796610164,1,5
720575940636237687,left,L3,350,0.16666666666666674,0.4915254237288136,6,9
720575940636240247,left,L2,561,0.6111111111111112,0.22033898305084754,-2,9
720575940636318315,left,L2,176,-0.16666666666666674,0.423728813559322,8,5
720575940636338539,left,L2,406,0.16666666666666674,-0.864406779661017,-14,-11
720575940636339307,left,L1,610,0.2777777777777777,-0.7966101694915254,-14,-9
720575940636368247,left,L2,71,-0.16666666666666674,-0.11864406779661019,0,-3
720575940636451703,left,L1,603,-0.2777777777777778,-0.7966101694915254,-9,-14
720575940636455031,left,L3,73,0.22222222222222232,0.05084745762711873,-1,3
720575940636457140,left,L1,748,-0.4444444444444444,0.6610169491525424,14,6
720575940636466612,left,L2,688,-0.7777777777777778,0.3220338983050848,12,-2
720575940636467086,left,L3,278,-0.5555555555555556,0.3220338983050848,10,0
720575940636507278,left,L2,749,-0.16666666666666674,0.016949152542372836,2,-1
720575940636513678,left,L3,668,0.16666666666666674,0.6271186440677967,8,11
720575940636522232,left,L3,206,-0.2777777777777778,0.15254237288135597,5,0
720575940636536439,left,L2,223,-0.22222222222222232,0.8644067796610169,15,11
720575940636543118,left,L2,280,-0.6666666666666667,-0.4915254237288136,-1,-13
720575940636575333,left,L3,21,-0.16666666666666674,0.6271186440677967,11,8
720575940636651662,left,L3,623,0.16666666666666674,0.423728813559322,5,8
720575940636792974,left,L2,29,-0.05555555555555558,-0.11864406779661019,-1,-2
720575940636802190,left,L2,459,0.6111111111111112,-0.11864406779661019,-7,4
720575940636868453,left,L3,599,-0.05555555555555558,0.2881355932203389,5,4
720575940636916910,left,L2,132,0.22222222222222232,0.11864406779661008,0,4
720575940636952943,left,L1,461,0.8333333333333333,-0.18644067796610164,-10,5
720575940636966255,left,L1,389,0.4444444444444444,-0.9661016949152542,-18,-10
720575940636989326,left,L2,631,0.11111111111111116,0.8644067796610169,12,14
720575940637049967,left,L1,785,0.9444444444444444,0.0847457627118644,-7,10
720575940637053808,left,L1,403,-0.22222222222222232,-0.423728813559322,-4,-8
720575940637086126,left,L2,57,0.7222222222222221,-0.38983050847457623,-12,1
720575940637113518,left,L3,661,-0.33333333333333337,0.4576271186440677,10,4
720575940637129072,left,L1,84,-0.22222222222222232,0.38983050847457634,8,4
720575940637169008,left,L1,495,0.5,0.15254237288135597,-2,7
720575940637171568,left,L3,36,0.666666666666667,0.2542372881355932,-2,10
720575940637209006,left,L2,771,0.38888888888888906,-0.9322033898305084,-17,-10
720575940637217454,left,L2,571,0.0,-0.4915254237288136,-7,-7
720575940637222256,left,L3,229,0.5555555555555554,0.05084745762711873,-4,6
720575940637322871,left,L3,709,-0.22222222222222232,-0.8305084745762712,-10,-14
720575940637325175,left,L1,701,0.0,-0.15254237288135597,-2,-2
720575940637388766,left,L3,70,-0.38888888888888895,0.6949152542372881,14,7
720575940637458398,left,L2,147,0.16666666666666674,0.6949152542372881,9,12
720575940637511013,left,L1,481,0.4444444444444444,-0.288135593220339,-8,0
720575940637518960,left,L2,271,0.4444444444444444,0.18644067796610164,-1,7
720575940637534350,left,L1,438,0.2777777777777777,0.8983050847457628,11,16
720575940637587598,left,L2,168,-0.05555555555555558,0.5593220338983051,9,8
720575940637608414,left,L3,348,0.3333333333333335,0.4576271186440677,4,10
720575940637617341,left,L1,206,-0.2777777777777778,0.15254237288135597,5,0
720575940637621338,left,L1,434,-0.2777777777777778,0.22033898305084754,6,1
720575940637677966,left,L2,617,-0.16666666666666674,-0.5932203389830508,-7,-10
720575940637730623,left,L1,235,0.5,0.35593220338983045,1,10
720575940637753518,left,L3,382,0.3333333333333335,-0.22033898305084743,-6,0
720575940637759198,left,L2,428,-0.16666666666666674,0.7627118644067796,13,10
720575940637768366,left,L1,735,0.16666666666666674,-0.7966101694915254,-13,-10
720575940637773742,left,L3,61,-0.4444444444444444,-0.15254237288135597,2,-6
720575940637810778,left,L3,147,0.16666666666666674,0.6949152542372881,9,12
720575940637845470,left,L3,512,0.666666666666667,-0.016949152542372836,-6,6
720575940637878494,left,L1,338,-0.11111111111111105,-0.016949152542372836,1,-1
720575940637974896,left,L1,687,-0.6111111111111112,-0.11864406779661019,4,-7
720575940637976688,left,L3,65,-0.11111111111111105,0.9322033898305084,15,13
720575940637983600,left,L1,129,0.05555555555555558,-0.4576271186440678,-7,-6
720575940637983856,left,L1,307,0.6111111111111112,-0.864406779661017,-18,-7
720575940637993806,left,L3,105,0.3333333333333335,0.728813559322034,8,14
720575940638005155,left,L1,707,-0.16666666666666674,0.8305084745762712,14,11
720575940638077156,left,L1,364,0.4444444444444444,0.11864406779661008,-2,6
720575940638104036,left,L3,140,0.3333333333333335,0.2542372881355932,1,7
720575940638150000,left,L2,637,0.38888888888888906,-0.728813559322034,-14,-7
720575940638218074,left,L1,732,-0.33333333333333337,0.18644067796610164,6,0
720575940638377600,left,L1,39,0.0,0.6610169491525424,10,10
720575940638461673,left,L3,534,0.3333333333333335,0.05084745762711873,-2,4
720575940638480730,left,L2,525,-0.11111111111111105,-0.6949152542372881,-9,-11
720575940638487642,left,L1,471,0.3333333333333335,-0.8983050847457628,-16,-10
720575940638509534,left,L1,348,0.3333333333333335,0.4576271186440677,4,10
720575940638509631,left,L2,307,0.6111111111111112,-0.864406779661017,-18,-7
720575940638546010,left,L2,694,0.5,0.0847457627118644,-3,6
720575940638555870,left,L1,325,0.6111111111111112,0.016949152542372836,-5,6
720575940638592317,left,L2,58,0.3333333333333335,0.38983050847457634,3,9
720575940638766170,left,L2,474,-0.2777777777777778,-0.5932203389830508,-6,-11
720575940638771007,left,L2,304,0.7222222222222221,0.15254237288135597,-4,9
720575940638778340,left,L1,229,0.5555555555555554,0.05084745762711873,-4,6
720575940638917609,left,L3,19,-0.7222222222222222,0.5593220338983051,15,2
720575940638933737,left,L1,251,-0.11111111111111105,-0.4915254237288136,-6,-8
720575940638945626,left,L3,255,-0.6111111111111112,-0.4576271186440678,-1,-12
720575940638959337,left,L1,83,0.2777777777777777,-0.728813559322034,-13,-8
720575940638975977,left,L3,440,0.16666666666666674,0.7627118644067796,10,13
720575940639002813,left,L2,277,0.8333333333333333,-0.11864406779661019,-9,6
720575940639060925,left,L1,404,-0.11111111111111105,0.6610169491525424,11,9
720575940639066601,left,L2,294,0.11111111111111116,-0.6949152542372881,-11,-9
720575940639068393,left,L1,151,-0.33333333333333337,-0.4915254237288136,-4,-10
720575940639070810,left,L2,256,0.5555555555555554,-0.6949152542372881,-15,-5
720575940639091645,left,L3,756,0.5555555555555554,0.6610169491525424,5,15
720575940639135204,left,L2,3,0.666666666666667,-0.423728813559322,-12,0
720575940639151423,left,L2,248,-0.6666666666666667,-0.016949152542372836,6,-6
720575940639169764,left,L1,218,0.22222222222222232,0.3220338983050848,3,7
720575940639209917,left,L1,306,0.38888888888888906,0.22033898305084754,0,7
720575940639244351,left,L2,513,-0.38888888888888895,-0.4576271186440678,-3,-10
720575940639253311,left,L3,109,0.5,-0.18644067796610164,-7,2
720575940639274659,left,L3,386,-0.6111111111111112,0.6271186440677967,15,4
720575940639285045,left,L3,115,-0.4444444444444444,0.05084745762711873,5,-3
720575940639349557,left,L2,229,0.5555555555555554,0.05084745762711873,-4,6
720575940639458894,left,L2,768,0.38888888888888906,0.15254237288135597,-1,6
720575940639470963,left,L3,482,0.16666666666666674,0.5593220338983051,7,10
720575940639509574,left,L3,388,0.38888888888888906,0.6271186440677967,6,13
720575940639543110,left,L1,631,0.11111111111111116,0.8644067796610169,12,14
720575940639547974,left,L1,268,0.7777777777777779,-0.22033898305084743,-10,4
720575940639588853,left,L1,442,-0.5,0.8305084745762712,17,8
720575940639626072,left,L1,586,0.22222222222222232,0.5932203389830508,7,11
720575940639653446,left,L2,185,0.2777777777777777,-0.38983050847457623,-8,-3
720575940639655357,left,L3,410,-0.22222222222222232,-0.0847457627118644,1,-3
720575940639681614,left,L3,503,0.38888888888888906,0.5593220338983051,5,12
720575940639765053,left,L3,50,-0.16666666666666674,0.6949152542372881,12,9
720575940639771453,left,L1,271,0.4444444444444444,0.18644067796610164,-1,7
720575940639792499,left,L3,177,-0.16666666666666674,-0.05084745762711862,1,-2
720575940639801459,left,L1,662,0.2777777777777777,-0.05084745762711862,-3,2
720575940639811133,left,L3,92,0.05555555555555558,0.2881355932203389,4,5
720575940639820477,left,L1,663,0.0,0.2542372881355932,4,4
720575940639820733,left,L2,377,0.05555555555555558,0.22033898305084754,3,4
720575940639826741,left,L1,437,-0.33333333333333337,0.38983050847457634,9,3
720575940639926947,left,L2,329,0.0,0.7966101694915255,12,12
720575940639948110,left,L3,774,-0.888888888888889,0.18644067796610164,11,-5
720575940639972174,left,L2,364,0.4444444444444444,0.11864406779661008,-2,6
720575940640096701,left,L3,335,0.22222222222222232,0.2542372881355932,2,6
720575940640132686,left,L2,51,0.05555555555555558,-0.6610169491525424,-10,-9
720575940640140853,left,L1,627,0.05555555555555558,-0.05084745762711862,-1,0
720575940640142901,left,L1,115,-0.4444444444444444,0.05084745762711873,5,-3
720575940640143413,left,L1,265,-0.6111111111111112,-0.05084745762711862,5,-6
720575940640144181,left,L1,519,-0.5,-0.18644067796610164,2,-7
720575940640163456,left,L1,496,0.7777777777777779,0.2542372881355932,-3,11
720575940640208803,left,L1,779,0.8888888888888888,0.18644067796610164,-5,11
720575940640239182,left,L2,84,-0.22222222222222232,0.38983050847457634,8,4
720575940640259150,left,L1,613,0.7222222222222221,-0.7966101694915254,-18,-5
720575940640266574,left,L2,693,-0.2777777777777778,0.8305084745762712,15,10
720575940640303421,left,L3,204,0.5555555555555554,-0.0847457627118644,-6,4
720575940640322638,left,L2,523,0.22222222222222232,0.4576271186440677,5,9
720575940640342104,left,L3,690,-0.7222222222222222,-0.11864406779661019,5,-8
720575940640365621,left,L3,516,0.7777777777777779,-0.6271186440677966,-16,-2
720575940640424526,left,L3,433,0.0,-0.288135593220339,-4,-4
720575940640424782,left,L3,184,-0.6111111111111112,-0.18644067796610164,3,-8
720575940640425038,left,L1,61,-0.4444444444444444,-0.15254237288135597,2,-6
720575940640427086,left,L2,139,0.11111111111111116,-0.4915254237288136,-8,-6
720575940640438094,left,L2,16,-0.22222222222222232,-0.5593220338983051,-6,-10
720575940640462464,left,L2,108,-0.33333333333333337,-0.423728813559322,-3,-9
720575940640491352,left,L2,192,0.7777777777777779,0.3220338983050848,-2,12
720575940640499875,left,L2,705,0.16666666666666674,0.016949152542372836,-1,2
720575940640529616,left,L3,720,-0.5,0.6949152542372881,15,6
720575940640602685,left,L3,483,0.2777777777777777,-0.2542372881355932,-6,-1
720575940640620672,left,L1,670,0.6111111111111112,0.15254237288135597,-3,8
720575940640695971,left,L1,119,-0.22222222222222232,0.18644067796610164,5,1
720575940640731555,left,L1,386,-0.6111111111111112,0.6271186440677967,15,4
720575940640735907,left,L1,179,-0.5555555555555556,-0.5593220338983051,-3,-13
720575940640736419,left,L1,427,0.5555555555555554,-0.6271186440677966,-14,-4
720575940640744355,left,L1,390,-0.6111111111111112,-0.3220338983050848,1,-10
720575940640744611,left,L1,139,0.11111111111111116,-0.4915254237288136,-8,-6
720575940640751011,left,L2,519,-0.5,-0.18644067796610164,2,-7
720575940640758616,left,L2,619,-0.38888888888888895,-0.6610169491525424,-6,-13
720575940640771536,left,L3,760,0.05555555555555558,0.5593220338983051,8,9
720575940640829603,left,L3,385,-0.33333333333333337,-0.6271186440677966,-6,-12
720575940640882339,left,L3,560,-0.7777777777777778,0.4576271186440677,14,0
720575940640896600,left,L1,331,0.16666666666666674,-0.5254237288135593,-9,-6
720575940640905344,left,L3,724,0.4444444444444444,0.05084745762711873,-3,5
720575940640926371,left,L2,24,-0.11111111111111105,-0.35593220338983056,-4,-6
720575940641154944,left,L2,524,0.4444444444444444,-0.6949152542372881,-14,-6
720575940641160320,left,L1,682,0.666666666666667,-0.288135593220339,-10,2
720575940641223808,left,L2,729,-0.2777777777777778,0.9661016949152543,17,12
720575940641252992,left,L2,506,0.11111111111111116,-0.423728813559322,-7,-5
720575940641457653,left,L2,169,0.0,-0.6271186440677966,-9,-9
720575940641520347,left,L1,145,0.0,0.11864406779661008,2,2
720575940641542608,left,L1,491,0.8333333333333333,-0.05084745762711862,-8,7
720575940641574389,left,L3,153,0.8888888888888888,-0.016949152542372836,-8,8
720575940641588699,left,L1,105,0.3333333333333335,0.728813559322034,8,14
720575940641603035,left,L1,70,-0.38888888888888895,0.6949152542372881,14,7
720575940641605851,left,L3,355,-0.7777777777777778,-0.22033898305084743,4,-10
720575940641618128,left,L2,660,0.22222222222222232,0.9322033898305084,12,16
720575940641865179,left,L1,282,0.0,0.8644067796610169,13,13
720575940641950965,left,L2,432,-0.5,0.22033898305084754,8,-1
720575940641990389,left,L1,628,0.0,-0.016949152542372836,0,0
720575940642016987,left,L2,68,0.3333333333333335,0.5254237288135593,5,11
720575940642201589,left,L1,291,0.7777777777777779,0.05084745762711873,-6,8
720575940642208909,left,L2,356,0.0,0.728813559322034,11,11
720575940642210011,left,L3,567,-0.22222222222222232,0.728813559322034,13,9
720575940642331125,left,L1,382,0.3333333333333335,-0.22033898305084743,-6,0
720575940642341877,left,L2,174,0.5,-0.5254237288135593,-12,-3
720575940642346741,left,L2,588,0.11111111111111116,0.11864406779661008,1,3
720575940642619611,left,L2,504,-0.16666666666666674,0.2881355932203389,6,3
720575940642659547,left,L2,111,0.22222222222222232,-0.8305084745762712,-14,-10
720575940642679693,left,L3,367,-0.6111111111111112,-0.5254237288135593,-2,-13
720575940642934157,left,L3,265,-0.6111111111111112,-0.05084745762711862,5,-6
720575940643321485,left,L2,507,-0.5555555555555556,-0.423728813559322,-1,-11
720575940643321741,left,L3,67,-0.16666666666666674,-0.4576271186440678,-5,-8
720575940643504420,left,L2,227,-0.7222222222222222,0.15254237288135597,9,-4
720575940643573664,left,L2,682,0.666666666666667,-0.288135593220339,-10,2
720575940643620256,left,L3,14,0.05555555555555558,-0.9322033898305084,-14,-13
720575940643861152,left,L3,238,-0.8333333333333333,-0.11864406779661019,6,-9
720575940644070856,left,L2,478,-0.7777777777777778,0.5254237288135593,15,1
720575940644075720,left,L3,432,-0.5,0.22033898305084754,8,-1
720575940644080288,left,L3,568,-0.6666666666666667,-0.288135593220339,2,-10
720575940644088992,left,L1,202,-0.05555555555555558,0.8983050847457628,14,13
720575940644128200,left,L2,553,-0.33333333333333337,0.5254237288135593,11,5
720575940644172232,left,L2,214,-0.5,0.0847457627118644,6,-3
720575940644208840,left,L2,591,0.38888888888888906,-0.11864406779661019,-5,2
720575940644353992,left,L3,239,-0.6666666666666667,0.18644067796610164,9,-3
720575940644381384,left,L3,465,0.3333333333333335,-0.016949152542372836,-3,3
720575940644593312,left,L1,210,-0.6666666666666667,0.2542372881355932,10,-2
720575940644622496,left,L1,76,-0.33333333333333337,-0.15254237288135597,1,-5
720575940644625568,left,L2,606,-0.05555555555555558,-0.6610169491525424,-9,-10
720575940644652960,left,L1,492,-0.7777777777777778,-0.0847457627118644,6,-8
720575940644762272,left,L2,480,0.38888888888888906,-0.6610169491525424,-13,-6
720575940644811044,left,L2,704,-0.7777777777777778,0.2542372881355932,11,-3
720575940644932900,left,L3,281,-1.0,0.05084745762711873,10,-8
720575940644961480,left,L2,149,0.666666666666667,-0.4915254237288136,-13,-1
720575940644977687,left,L2,359,0.2777777777777777,0.7627118644067796,9,14
720575940645002276,left,L1,41,-0.33333333333333337,0.9322033898305084,17,11
720575940645097928,left,L2,240,-0.38888888888888895,-0.11864406779661019,2,-5
720575940645120023,left,L3,464,0.4444444444444444,-0.016949152542372836,-4,4
720575940645128756,left,L1,418,-0.16666666666666674,0.4915254237288136,9,6
720575940645181128,left,L1,741,-0.22222222222222232,-0.4915254237288136,-5,-9
720575940645266724,left,L2,114,0.2777777777777777,-0.4576271186440678,-9,-4
720575940645421591,left,L1,546,0.3333333333333335,0.18644067796610164,0,6
720575940645498660,left,L2,492,-0.7777777777777778,-0.0847457627118644,6,-8
720575940645595428,left,L3,17,0.16666666666666674,-0.18644067796610164,-4,-1
720575940645643118,left,L1,398,-0.33333333333333337,0.728813559322034,14,8
720575940645655150,left,L2,56,0.16666666666666674,-0.4576271186440678,-8,-5
720575940645699364,left,L2,537,0.05555555555555558,-0.7966101694915254,-12,-11
720575940645842542,left,L3,710,0.5,-0.864406779661017,-17,-8
720575940645859182,left,L3,309,-0.6666666666666667,0.38983050847457634,12,0
720575940645944855,left,L1,540,-0.16666666666666674,-0.3220338983050848,-3,-6
720575940645998615,left,L3,633,-0.11111111111111105,-0.8305084745762712,-11,-13
720575940646059630,left,L2,538,-0.38888888888888895,0.016949152542372836,4,-3
720575940646079511,left,L3,460,-0.33333333333333337,-0.6949152542372881,-7,-13
720575940646093166,left,L3,705,0.16666666666666674,0.016949152542372836,-1,2
720575940646119278,left,L2,440,0.16666666666666674,0.7627118644067796,10,13
720575940646385518,left,L1,648,0.16666666666666674,0.22033898305084754,2,5
720575940646405998,left,L1,108,-0.33333333333333337,-0.423728813559322,-3,-9
720575940646464803,left,L1,749,-0.16666666666666674,0.016949152542372836,2,-1
720575940646486819,left,L3,570,0.2777777777777777,0.8305084745762712,10,15
720575940646496291,left,L2,557,0.666666666666667,-0.35593220338983056,-11,1
720575940646518126,left,L3,249,0.22222222222222232,-0.423728813559322,-8,-4
720575940646519918,left,L2,100,0.22222222222222232,-0.35593220338983056,-7,-3
720575940646962228,left,L3,447,-0.11111111111111105,0.05084745762711873,2,0
720575940646992692,left,L3,275,-0.8333333333333333,-0.05084745762711862,7,-8
720575940647094660,left,L2,241,0.2777777777777777,-0.5932203389830508,-11,-6
720575940647181876,left,L2,278,-0.5555555555555556,0.3220338983050848,10,0
720575940647213091,left,L2,145,0.0,0.11864406779661008,2,2
720575940647295876,left,L3,468,-0.2777777777777778,0.35593220338983045,8,3
720575940647329332,left,L3,438,0.2777777777777777,0.8983050847457628,11,16
720575940647344931,left,L2,102,0.38888888888888906,0.423728813559322,3,10
720575940647361827,left,L2,770,0.5555555555555554,0.11864406779661008,-3,7
720575940647383604,left,L3,127,0.05555555555555558,0.4915254237288136,7,8
720575940647584132,left,L1,601,0.11111111111111116,0.5254237288135593,7,9
720575940647649156,left,L3,164,-0.11111111111111105,-0.0847457627118644,0,-2
720575940647649412,left,L2,597,0.5,0.016949152542372836,-4,5
720575940647675012,left,L2,763,-0.5555555555555556,0.4576271186440677,12,2
720575940647834676,left,L3,450,0.2777777777777777,-0.3220338983050848,-7,-2
720575940647840052,left,L3,40,-0.22222222222222232,-0.22033898305084743,-1,-5
720575940647851060,left,L1,530,-0.2777777777777778,-0.4576271186440678,-4,-9
720575940647879220,left,L3,517,0.7222222222222221,0.0847457627118644,-5,8
720575940647953460,left,L3,454,0.5555555555555554,-0.423728813559322,-11,-1
720575940648029060,left,L2,670,0.6111111111111112,0.15254237288135597,-3,8
720575940648472452,left,L2,539,-0.6111111111111112,0.4915254237288136,13,2
720575940648472964,left,L1,168,-0.05555555555555558,0.5593220338983051,9,8
720575940648532100,left,L1,316,0.5555555555555554,-0.15254237288135597,-7,3
720575940648543620,left,L2,235,0.5,0.35593220338983045,1,10
720575940648552068,left,L2,7,-0.6666666666666667,-0.22033898305084743,3,-9
720575940648557444,left,L2,685,-0.5,-0.3220338983050848,0,-9
720575940648633220,left,L1,724,0.4444444444444444,0.05084745762711873,-3,5
720575940649813369,left,L2,668,0.16666666666666674,0.6271186440677967,8,11
720575940649929337,left,L3,211,-0.7222222222222222,-0.05084745762711862,6,-7
720575940650051961,left,L1,560,-0.7777777777777778,0.4576271186440677,14,0
720575940650412665,left,L1,365,0.5,0.22033898305084754,-1,8
720575940650701945,left,L1,723,-0.16666666666666674,-0.38983050847457623,-4,-7
720575940650728057,left,L2,562,-0.5555555555555556,-0.0847457627118644,4,-6
720575940650851193,left,L3,198,0.666666666666667,0.05084745762711873,-5,7
720575940650867321,left,L3,617,-0.16666666666666674,-0.5932203389830508,-7,-10
720575940650875001,left,L2,461,0.8333333333333333,-0.18644067796610164,-10,5
720575940652335862,left,L2,78,0.22222222222222232,0.6610169491525424,8,12
720575940652504566,left,L3,300,0.4444444444444444,-0.6271186440677966,-13,-5
720575940652531190,left,L3,618,-0.11111111111111105,0.7966101694915255,13,11
720575940653272566,left,L3,274,0.666666666666667,0.11864406779661008,-4,8
720575940653452022,left,L1,439,-0.2777777777777778,-0.3220338983050848,-2,-7
720575940653499638,left,L3,208,0.6111111111111112,-0.728813559322034,-16,-5
720575940654718881,left,L1,28,0.5555555555555554,0.18644067796610164,-2,8
720575940655086753,left,L3,768,0.38888888888888906,0.15254237288135597,-1,6
720575940655090337,left,L2,675,-0.7222222222222222,0.6271186440677967,16,3
720575940655140769,left,L2,689,-0.22222222222222232,0.5932203389830508,11,7
720575940655352993,left,L3,329,0.0,0.7966101694915255,12,12
720575940655601313,left,L1,693,-0.2777777777777778,0.8305084745762712,15,10
720575940655952033,left,L2,219,0.666666666666667,-0.15254237288135597,-8,4
720575940655988897,left,L1,169,0.0,-0.6271186440677966,-9,-9
720575940655997345,left,L1,646,0.666666666666667,-0.8305084745762712,-18,-6
720575940656020129,left,L2,189,0.7222222222222221,0.423728813559322,0,13
720575940656041377,left,L1,419,-0.2777777777777778,-0.38983050847457623,-3,-8
720575940656048545,left,L2,411,-0.5,-0.6610169491525424,-5,-14
720575940656050593,left,L2,286,0.0,-0.8305084745762712,-12,-12
720575940656091041,left,L2,594,0.7777777777777779,-0.5593220338983051,-15,-1
720575940659388801,left,L3,669,0.4444444444444444,-0.5593220338983051,-12,-4
720575940660194433,left,L1,5,-0.11111111111111105,0.5254237288135593,9,7
720575940660784001,left,L2,157,-0.05555555555555558,-0.2542372881355932,-3,-4
720575940661136001,left,L3,18,0.5555555555555554,-0.5593220338983051,-13,-3
720575940661170817,left,L1,371,0.7222222222222221,-0.18644067796610164,-9,4
720575940661216897,left,L2,65,-0.11111111111111105,0.9322033898305084,15,13
720575940661319553,left,L3,634,-0.2777777777777778,-0.5254237288135593,-5,-10
