root_id,hemisphere,type,column_id,x,y,p,q
720575940602857696,right,L1,188,0.5,0.5593220338983051,13,4
720575940604747953,right,L1,135,0.3333333333333335,-0.7627118644067796,-8,-14
720575940604889568,right,L3,580,0.16666666666666674,-0.7966101694915254,-10,-13
720575940604910508,right,L2,591,-0.38888888888888895,-0.11864406779661019,-5,2
720575940605032364,right,L1,231,-0.4444444444444444,-0.423728813559322,-10,-2
720575940605091104,right,L2,678,-0.38888888888888895,-0.2542372881355932,-7,0
720575940605153708,right,L1,728,-0.7777777777777778,0.38983050847457634,-1,13
720575940605162668,right,L2,128,-0.33333333333333337,-0.7627118644067796,-14,-8
720575940605169580,right,L2,173,-0.2777777777777778,-0.864406779661017,-15,-10
720575940605268140,right,L3,197,0.0,-0.6949152542372881,-10,-10
720575940605273772,right,L3,194,-0.05555555555555558,-0.18644067796610164,-3,-2
720575940605330022,right,L1,646,-0.7222222222222222,0.5593220338983051,2,15
720575940605345410,right,L3,614,0.22222222222222232,-0.288135593220339,-2,-6
720575940605353760,right,L2,34,-0.6666666666666667,0.5932203389830508,3,15
720575940605364396,right,L2,209,0.3333333333333335,-0.288135593220339,-1,-7
720575940605376224,right,L1,654,0.3333333333333335,0.2542372881355932,7,1
720575940605402284,right,L2,673,-0.2777777777777778,0.15254237288135597,0,5
720575940605423532,right,L1,779,-0.5555555555555556,0.7966101694915255,7,17
720575940605432492,right,L3,779,-0.5555555555555556,0.7966101694915255,7,17
720575940605541822,right,L1,64,-0.5,-0.7966101694915254,-16,-7
720575940605546208,right,L2,555,0.38888888888888906,0.2881355932203389,8,1
720575940605573088,right,L2,65,0.11111111111111116,0.9322033898305084,15,13
720575940605586622,right,L3,382,-0.33333333333333337,-0.22033898305084743,-6,0
720575940605621862,right,L1,115,0.4444444444444444,0.05084745762711873,5,-3
720575940605633714,right,L1,440,-0.16666666666666674,0.7627118644067796,10,13
720575940605662142,right,L2,254,-0.33333333333333337,-0.8305084745762712,-15,-9
720575940605686462,right,L3,290,-0.5555555555555556,-0.8305084745762712,-17,-7
720575940605701036,right,L2,43,0.5555555555555554,0.5932203389830508,14,4
720575940605747902,right,L1,376,0.7777777777777779,-0.35593220338983056,2,-12
720575940605762528,right,L3,214,0.5,0.0847457627118644,6,-3
720575940605763040,right,L3,703,0.2777777777777777,0.016949152542372836,3,-2
720575940605774014,right,L1,121,0.8888888888888888,0.11864406779661008,10,-6
720575940605817958,right,L2,153,-0.888888888888889,-0.016949152542372836,-8,8
720575940605822654,right,L2,491,-0.8333333333333333,-0.05084745762711862,-8,7
720575940605827174,right,L2,329,0.0,0.7966101694915255,12,12
720575940605833662,right,L2,333,-0.05555555555555558,-0.728813559322034,-11,-10
720575940605871974,right,L2,581,-0.38888888888888895,0.2881355932203389,1,8
720575940605907586,right,L2,141,-0.6111111111111112,-0.7966101694915254,-17,-6
720575940605948332,right,L1,460,0.3333333333333335,-0.6949152542372881,-7,-13
720575940606016288,right,L2,357,-0.5,0.5593220338983051,4,13
720575940606034092,right,L3,304,-0.7222222222222222,0.15254237288135597,-4,9
720575940606058924,right,L2,400,-0.16666666666666674,-1.0,-16,-13
720575940606063537,right,L2,376,0.7777777777777779,-0.35593220338983056,2,-12
720575940606095462,right,L3,455,-0.8333333333333333,-0.2542372881355932,-11,4
720575940606158514,right,L3,87,-0.16666666666666674,0.35593220338983045,4,7
720575940606253489,right,L1,145,0.0,0.11864406779661008,2,2
720575940606273056,right,L1,416,-0.33333333333333337,-0.288135593220339,-7,-1
720575940606286001,right,L2,12,0.7222222222222221,0.2881355932203389,11,-2
720575940606364262,right,L1,619,0.38888888888888906,-0.6610169491525424,-6,-13
720575940606406530,right,L1,177,0.16666666666666674,-0.05084745762711862,1,-2
720575940606489702,right,L3,538,0.38888888888888906,0.016949152542372836,4,-3
720575940606524802,right,L1,53,-0.5555555555555556,0.4576271186440677,2,12
720575940606543490,right,L2,383,0.6111111111111112,0.35593220338983045,11,0
720575940606552422,right,L1,370,0.2777777777777777,0.6949152542372881,13,8
720575940606554558,right,L3,654,0.3333333333333335,0.2542372881355932,7,1
720575940606568126,right,L2,97,0.5555555555555554,0.05084745762711873,6,-4
720575940606574210,right,L2,728,-0.7777777777777778,0.38983050847457634,-1,13
720575940606586982,right,L3,305,0.7777777777777779,0.11864406779661008,9,-5
720575940606608002,right,L3,218,-0.22222222222222232,0.3220338983050848,3,7
720575940606631014,right,L1,46,0.5,0.4915254237288136,12,3
720575940606640928,right,L2,434,0.2777777777777777,0.22033898305084754,6,1
720575940606723164,right,L3,695,0.666666666666667,0.3220338983050848,11,-1
720575940606762418,right,L2,40,0.22222222222222232,-0.22033898305084743,-1,-5
720575940606778123,right,L2,377,-0.05555555555555558,0.22033898305084754,3,4
720575940606782300,right,L2,453,-0.38888888888888895,0.8305084745762712,9,16
720575940606798537,right,L1,356,0.0,0.728813559322034,11,11
720575940606810889,right,L1,638,0.05555555555555558,0.22033898305084754,4,3
720575940606811657,right,L2,663,0.0,0.2542372881355932,4,4
720575940607001801,right,L1,739,0.7777777777777779,0.05084745762711873,8,-6
720575940607194546,right,L1,60,0.8888888888888888,0.2542372881355932,12,-4
720575940607219669,right,L2,679,-0.4444444444444444,0.5932203389830508,5,13
720575940607227010,right,L2,666,-0.8333333333333333,-0.4576271186440678,-14,1
720575940607284610,right,L3,410,0.22222222222222232,-0.0847457627118644,1,-3
720575940607392898,right,L3,403,0.22222222222222232,-0.423728813559322,-4,-8
720575940607493065,right,L1,690,0.7222222222222221,-0.11864406779661019,5,-8
720575940607513730,right,L3,771,-0.38888888888888895,-0.9322033898305084,-17,-10
720575940607521458,right,L2,545,-0.6111111111111112,0.35593220338983045,0,11
720575940607560370,right,L1,4,0.5,-0.728813559322034,-6,-15
720575940607638723,right,L3,325,-0.6111111111111112,0.016949152542372836,-5,6
720575940607648178,right,L3,463,-0.6111111111111112,0.5593220338983051,3,14
720575940607674754,right,L1,319,0.16666666666666674,0.15254237288135597,4,1
720575940607755721,right,L1,477,0.3333333333333335,0.05084745762711873,4,-2
720575940607807177,right,L1,251,0.11111111111111116,-0.4915254237288136,-6,-8
720575940607810505,right,L2,469,0.7222222222222221,0.423728813559322,13,0
720575940607829122,right,L2,94,-0.5555555555555556,0.5932203389830508,4,14
720575940607856818,right,L2,702,0.5,0.7627118644067796,16,7
720575940607963826,right,L3,430,0.2777777777777777,-0.2542372881355932,-1,-6
720575940608063106,right,L1,292,0.4444444444444444,0.5932203389830508,13,5
720575940608087474,right,L2,726,-0.22222222222222232,-0.9661016949152542,-16,-12
720575940608093106,right,L2,525,0.11111111111111116,-0.6949152542372881,-9,-11
720575940608144050,right,L1,140,-0.33333333333333337,0.2542372881355932,1,7
720575940608161410,right,L2,231,-0.4444444444444444,-0.423728813559322,-10,-2
720575940608163849,right,L3,118,-0.38888888888888895,0.016949152542372836,-3,4
720575940608164994,right,L1,301,0.5555555555555554,0.5254237288135593,13,3
720575940608177330,right,L1,34,-0.6666666666666667,0.5932203389830508,3,15
720575940608181515,right,L1,132,-0.22222222222222232,0.11864406779661008,0,4
720575940608226261,right,L1,116,0.11111111111111116,-0.288135593220339,-3,-5
720575940608253788,right,L3,764,0.8888888888888888,-0.22033898305084743,5,-11
720575940608387442,right,L3,333,-0.05555555555555558,-0.728813559322034,-11,-10
720575940608509276,right,L3,272,-0.33333333333333337,-0.0847457627118644,-4,2
720575940608522761,right,L1,363,-0.7777777777777778,-0.15254237288135597,-9,5
720575940608559964,right,L2,560,0.7777777777777779,0.4576271186440677,14,0
720575940608573707,right,L3,711,0.05555555555555558,0.6271186440677967,10,9
720575940608597084,right,L3,303,0.5555555555555554,0.728813559322034,16,6
720575940608684811,right,L3,619,0.38888888888888906,-0.6610169491525424,-6,-13
720575940608822539,right,L2,579,0.3333333333333335,-0.35593220338983056,-2,-8
720575940608846275,right,L3,606,0.05555555555555558,-0.6610169491525424,-9,-10
720575940608906179,right,L3,257,-0.2777777777777778,0.6949152542372881,8,13
720575940609061641,right,L2,467,0.22222222222222232,-0.6949152542372881,-8,-12
720575940609131868,right,L2,561,-0.6111111111111112,0.22033898305084754,-2,9
720575940609328853,right,L2,534,-0.33333333333333337,0.05084745762711873,-2,4
720575940609358603,right,L2,248,0.666666666666667,-0.016949152542372836,6,-6
720575940609391113,right,L3,297,-0.8333333333333333,-0.3220338983050848,-12,3
720575940609398539,right,L1,671,0.38888888888888906,-0.7966101694915254,-8,-15
720575940609405963,right,L1,349,0.5555555555555554,-0.4915254237288136,-2,-12
720575940609411849,right,L3,433,0.0,-0.288135593220339,-4,-4
720575940609412617,right,L2,458,-0.5555555555555556,-0.016949152542372836,-5,5
720575940609440210,right,L1,681,0.16666666666666674,-0.728813559322034,-9,-12
720575940609480459,right,L1,713,0.666666666666667,0.5254237288135593,14,2
720575940609494741,right,L3,45,0.5,-0.05084745762711862,4,-5
720575940609591817,right,L1,26,-0.16666666666666674,-0.11864406779661019,-3,0
720575940609607435,right,L3,238,0.8333333333333333,-0.11864406779661019,6,-9
720575940609625045,right,L2,117,0.8888888888888888,-0.0847457627118644,7,-9
720575940609729035,right,L1,147,-0.16666666666666674,0.6949152542372881,9,12
720575940609738435,right,L3,656,-0.05555555555555558,-0.38983050847457623,-6,-5
720575940609746187,right,L1,206,0.2777777777777777,0.15254237288135597,5,0
720575940609805269,right,L2,771,-0.38888888888888895,-0.9322033898305084,-17,-10
720575940609896405,right,L3,140,-0.33333333333333337,0.2542372881355932,1,7
720575940609900100,right,L1,625,0.22222222222222232,0.7966101694915255,14,10
720575940609905476,right,L3,278,0.5555555555555554,0.3220338983050848,10,0
720575940609928971,right,L3,412,0.6111111111111112,0.6949152542372881,16,5
720575940610032579,right,L1,682,-0.6666666666666667,-0.288135593220339,-10,2
720575940610081987,right,L1,611,0.11111111111111116,-0.6271186440677966,-8,-10
720575940610106692,right,L1,242,0.4444444444444444,0.18644067796610164,7,-1
720575940610204228,right,L2,18,-0.5555555555555556,-0.5593220338983051,-13,-3
720575940610206403,right,L1,434,0.2777777777777777,0.22033898305084754,6,1
720575940610210372,right,L2,178,-0.2777777777777778,0.35593220338983045,3,8
720575940610325038,right,L2,627,-0.05555555555555558,-0.05084745762711862,-1,0
720575940610535410,right,L3,473,0.38888888888888906,0.7627118644067796,15,8
720575940610609362,right,L3,240,0.38888888888888906,-0.11864406779661019,2,-5
720575940610632494,right,L1,459,-0.6111111111111112,-0.11864406779661019,-7,4
720575940610656046,right,L1,496,-0.7777777777777778,0.2542372881355932,-3,11
720575940610664601,right,L3,392,0.38888888888888906,0.22033898305084754,7,0
720575940610684586,right,L1,278,0.5555555555555554,0.3220338983050848,10,0
720575940610692676,right,L3,311,0.7222222222222221,0.4915254237288136,14,1
720575940610708600,right,L3,127,-0.05555555555555558,0.4915254237288136,7,8
720575940610731076,right,L1,255,0.6111111111111112,-0.4576271186440678,-1,-12
720575940610814414,right,L3,500,-0.7777777777777778,-0.288135593220339,-11,3
720575940610839620,right,L3,673,-0.2777777777777778,0.15254237288135597,0,5
720575940610982242,right,L1,544,-0.38888888888888895,-0.4576271186440678,-10,-3
720575940611059012,right,L3,31,0.0,0.5254237288135593,8,8
720575940611088482,right,L1,451,-0.4444444444444444,0.6610169491525424,6,14
720575940611201486,right,L2,494,-0.05555555555555558,0.9661016949152543,14,15
720575940611206008,right,L2,639,0.38888888888888906,0.6271186440677967,13,6
720575940611215970,right,L2,227,0.7222222222222221,0.15254237288135597,9,-4
720575940611260821,right,L3,177,0.16666666666666674,-0.05084745762711862,1,-2
720575940611279566,right,L3,12,0.7222222222222221,0.2881355932203389,11,-2
720575940611313966,right,L2,69,-0.11111111111111105,0.2542372881355932,3,5
720575940611377926,right,L3,482,-0.16666666666666674,0.5593220338983051,7,10
720575940611397218,right,L1,781,0.5555555555555554,0.8644067796610169,18,8
720575940611414574,right,L2,364,-0.4444444444444444,0.11864406779661008,-2,6
720575940611493347,right,L3,137,-0.6111111111111112,-0.2542372881355932,-9,2
720575940611508686,right,L1,194,-0.05555555555555558,-0.18644067796610164,-3,-2
720575940611508942,right,L1,361,-0.05555555555555558,-0.2542372881355932,-4,-3
720575940611509198,right,L1,549,-0.05555555555555558,-0.3220338983050848,-5,-4
720575940611517048,right,L1,677,-0.05555555555555558,0.35593220338983045,5,6
720575940611525582,right,L3,417,0.666666666666667,-0.35593220338983056,1,-11
720575940611568248,right,L2,732,0.3333333333333335,0.18644067796610164,6,0
720575940611576526,right,L3,579,0.3333333333333335,-0.35593220338983056,-2,-8
720575940611628498,right,L3,726,-0.22222222222222232,-0.9661016949152542,-16,-12
720575940611660498,right,L1,225,-0.22222222222222232,-0.8983050847457628,-15,-11
720575940611667349,right,L3,707,0.16666666666666674,0.8305084745762712,14,11
720575940611708565,right,L2,391,-0.5,-0.11864406779661019,-6,3
720575940611749233,right,L1,244,0.4444444444444444,-0.423728813559322,-2,-10
720575940611758741,right,L1,198,-0.6666666666666667,0.05084745762711873,-5,7
720575940611760994,right,L2,157,0.05555555555555558,-0.2542372881355932,-3,-4
720575940611796690,right,L1,399,0.4444444444444444,-0.8305084745762712,-8,-16
720575940611833208,right,L2,753,0.3333333333333335,0.7966101694915255,15,9
720575940611853522,right,L2,19,0.7222222222222221,0.5593220338983051,15,2
720575940611913170,right,L2,662,-0.2777777777777778,-0.05084745762711862,-3,2
720575940611964330,right,L2,9,-0.5,0.2881355932203389,0,9
720575940611994066,right,L2,236,0.11111111111111116,0.11864406779661008,3,1
720575940612010865,right,L3,150,0.8333333333333333,0.15254237288135597,10,-5
720575940612012714,right,L2,573,-0.4444444444444444,0.4576271186440677,3,11
720575940612019150,right,L1,35,-0.11111111111111105,-0.8305084745762712,-13,-11
720575940612075618,right,L3,360,0.5,0.6271186440677967,14,5
720575940612083057,right,L3,587,-0.4444444444444444,0.728813559322034,7,15
720575940612105329,right,L2,795,-0.7222222222222222,-0.728813559322034,-17,-4
720575940612196194,right,L2,287,0.5,0.423728813559322,11,2
720575940612198513,right,L2,644,0.666666666666667,0.5932203389830508,15,3
720575940612277454,right,L1,317,0.5555555555555554,-0.15254237288135597,3,-7
720575940612289890,right,L3,730,-0.7777777777777778,-0.016949152542372836,-7,7
720575940612306382,right,L1,311,0.7222222222222221,0.4915254237288136,14,1
720575940612306867,right,L3,350,-0.16666666666666674,0.4915254237288136,6,9
720575940612325299,right,L1,615,0.7222222222222221,-0.2542372881355932,3,-10
720575940612345038,right,L3,504,0.16666666666666674,0.2881355932203389,6,3
720575940612349363,right,L1,168,0.05555555555555558,0.5593220338983051,9,8
720575940612369614,right,L2,207,-0.16666666666666674,0.9661016949152543,13,16
720575940612374737,right,L3,142,0.22222222222222232,-0.6271186440677966,-7,-11
720575940612399822,right,L3,260,0.2777777777777777,0.6271186440677967,12,7
720575940612437454,right,L2,722,-0.7222222222222222,-0.5254237288135593,-14,-1
720575940612448790,right,L1,792,-0.888888888888889,0.05084745762711873,-7,9
720575940612452978,right,L3,67,0.16666666666666674,-0.4576271186440678,-5,-8
720575940612464882,right,L3,542,-0.7222222222222222,-0.4576271186440678,-13,0
720575940612487630,right,L3,379,-0.38888888888888895,-0.5932203389830508,-12,-5
720575940612488089,right,L3,750,-0.4444444444444444,-0.8305084745762712,-16,-8
720575940612502514,right,L3,591,-0.38888888888888895,-0.11864406779661019,-5,2
720575940612526997,right,L1,385,0.3333333333333335,-0.6271186440677966,-6,-12
720575940612580761,right,L3,405,-0.33333333333333337,0.3220338983050848,2,8
720575940612595349,right,L1,226,-0.6111111111111112,0.6271186440677967,4,15
720575940612637809,right,L1,583,-0.38888888888888895,-0.864406779661017,-16,-9
720575940612641649,right,L1,750,-0.4444444444444444,-0.8305084745762712,-16,-8
720575940612646642,right,L1,164,0.11111111111111116,-0.0847457627118644,0,-2
720575940612647025,right,L1,62,-0.05555555555555558,-1.0,-15,-14
720575940612648817,right,L2,362,-0.22222222222222232,-0.6949152542372881,-12,-8
720575940612654771,right,L1,193,0.5555555555555554,0.11864406779661008,7,-3
720575940612661683,right,L1,339,-0.7222222222222222,0.35593220338983045,-1,12
720575940612680817,right,L1,480,-0.38888888888888895,-0.6610169491525424,-13,-6
720575940612708010,right,L2,623,-0.16666666666666674,0.423728813559322,5,8
720575940612715175,right,L3,391,-0.5,-0.11864406779661019,-6,3
720575940612717461,right,L3,616,0.2777777777777777,0.4915254237288136,10,5
720575940612733667,right,L1,159,-0.8333333333333333,0.22033898305084754,-4,11
720575940612753557,right,L1,700,-0.6111111111111112,0.4915254237288136,2,13
720575940612765462,right,L1,697,-0.11111111111111105,-0.7627118644067796,-12,-10
720575940612771697,right,L3,188,0.5,0.5593220338983051,13,4
720575940612777434,right,L1,92,-0.05555555555555558,0.2881355932203389,4,5
720575940612819370,right,L1,618,0.11111111111111116,0.7966101694915255,13,11
720575940612822421,right,L2,399,0.4444444444444444,-0.8305084745762712,-8,-16
720575940612867045,right,L1,326,-0.22222222222222232,0.5254237288135593,6,10
720575940612871338,right,L3,484,-0.38888888888888895,-0.3220338983050848,-8,-1
720575940612875121,right,L3,518,0.4444444444444444,0.728813559322034,15,7
720575940612877937,right,L1,360,0.5,0.6271186440677967,14,5
720575940612898417,right,L3,727,-0.7777777777777778,0.18644067796610164,-4,10
720575940612909226,right,L2,605,-0.38888888888888895,0.4915254237288136,4,11
720575940612930582,right,L2,359,-0.2777777777777778,0.7627118644067796,9,14
720575940612955098,right,L1,778,-0.5,0.8305084745762712,8,17
720575940612959146,right,L2,643,-0.6666666666666667,0.4576271186440677,1,13
720575940612966422,right,L2,101,0.7777777777777779,0.18644067796610164,10,-4
720575940612970262,right,L2,358,0.2777777777777777,0.5593220338983051,11,6
720575940612977834,right,L2,466,-0.11111111111111105,0.4576271186440677,6,8
720575940612998258,right,L2,764,0.8888888888888888,-0.22033898305084743,5,-11
720575940613032598,right,L3,205,-0.5555555555555556,-0.22033898305084743,-8,2
720575940613032854,right,L3,211,0.7222222222222221,-0.05084745762711862,6,-7
720575940613039530,right,L2,552,-0.5,-0.05084745762711862,-5,4
720575940613070771,right,L2,670,-0.6111111111111112,0.15254237288135597,-3,8
720575940613087766,right,L3,543,0.11111111111111116,-0.15254237288135597,-1,-3
720575940613154739,right,L3,704,0.7777777777777779,0.2542372881355932,11,-3
720575940613183923,right,L2,164,0.11111111111111116,-0.0847457627118644,0,-2
720575940613189994,right,L3,235,-0.5,0.35593220338983045,1,10
720575940613200307,right,L1,725,0.3333333333333335,-0.8305084745762712,-9,-15
720575940613209002,right,L2,382,-0.33333333333333337,-0.22033898305084743,-6,0
720575940613232370,right,L2,592,-0.33333333333333337,-0.9661016949152542,-17,-11
720575940613253874,right,L2,763,0.5555555555555554,0.4576271186440677,12,2
720575940613304291,right,L3,174,-0.5,-0.5254237288135593,-12,-3
720575940613323762,right,L2,641,0.8333333333333333,-0.18644067796610164,5,-10
720575940613354098,right,L2,542,-0.7222222222222222,-0.4576271186440678,-13,0
720575940613372402,right,L2,653,0.666666666666667,-0.423728813559322,0,-12
720575940613377945,right,L1,58,-0.33333333333333337,0.38983050847457634,3,9
720575940613378986,right,L3,292,0.4444444444444444,0.5932203389830508,13,5
720575940613435363,right,L1,488,-0.8333333333333333,0.15254237288135597,-5,10
720575940613459314,right,L2,84,0.22222222222222232,0.38983050847457634,8,4
720575940613504882,right,L1,95,-0.5,-0.728813559322034,-15,-6
720575940613506162,right,L1,208,-0.6111111111111112,-0.728813559322034,-16,-5
720575940613506582,right,L1,24,0.11111111111111116,-0.35593220338983056,-4,-6
720575940613511141,right,L2,613,0.8888888888888888,-0.15254237288135597,6,-10
720575940613513330,right,L1,52,0.11111111111111116,-0.7627118644067796,-10,-12
720575940613513842,right,L1,362,-0.22222222222222232,-0.6949152542372881,-12,-8
720575940613515798,right,L1,243,0.05555555555555558,-0.728813559322034,-10,-11
720575940613516054,right,L1,598,-0.22222222222222232,-0.6271186440677966,-11,-7
720575940613531109,right,L2,57,-0.7222222222222222,-0.38983050847457623,-12,1
720575940613532133,right,L1,475,0.38888888888888906,-0.05084745762711862,3,-4
720575940613538223,right,L3,255,0.6111111111111112,-0.4576271186440678,-1,-12
720575940613558501,right,L2,568,0.666666666666667,-0.288135593220339,2,-10
720575940613560549,right,L2,259,0.7222222222222221,-0.18644067796610164,4,-9
720575940613580269,right,L1,163,0.9444444444444444,0.22033898305084754,12,-5
720575940613623449,right,L2,586,-0.22222222222222232,0.5932203389830508,7,11
720575940613632114,right,L1,36,-0.6666666666666667,0.2542372881355932,-2,10
720575940613646545,right,L3,190,0.2777777777777777,-0.18644067796610164,0,-5
720575940613662834,right,L1,502,-0.5555555555555556,0.2542372881355932,-1,9
720575940613675030,right,L2,301,0.5555555555555554,0.5254237288135593,13,3
720575940613680194,right,L3,344,0.16666666666666674,-0.5254237288135593,-6,-9
720575940613684205,right,L3,277,-0.8333333333333333,-0.11864406779661019,-9,6
720575940613706818,right,L2,265,0.6111111111111112,-0.05084745762711862,5,-6
720575940613711894,right,L2,713,0.666666666666667,0.5254237288135593,14,2
720575940613728674,right,L2,290,-0.5555555555555556,-0.8305084745762712,-17,-7
720575940613776365,right,L3,249,-0.22222222222222232,-0.423728813559322,-8,-4
720575940613818134,right,L3,309,0.666666666666667,0.38983050847457634,12,0
720575940613847249,right,L3,470,-0.5,-0.3220338983050848,-9,0
720575940613865586,right,L2,457,0.16666666666666674,0.5593220338983051,10,7
720575940613866098,right,L2,392,0.38888888888888906,0.22033898305084754,7,0
720575940613877151,right,L1,336,-0.05555555555555558,0.7627118644067796,11,12
720575940613894883,right,L1,222,0.3333333333333335,0.8644067796610169,16,10
720575940613905891,right,L1,296,-0.11111111111111105,-0.6271186440677966,-10,-8
720575940613906147,right,L1,241,-0.2777777777777778,-0.5932203389830508,-11,-6
720575940613909544,right,L3,247,0.38888888888888906,-0.5254237288135593,-4,-11
720575940613915567,right,L3,583,-0.38888888888888895,-0.864406779661017,-16,-9
720575940613927139,right,L1,586,-0.22222222222222232,0.5932203389830508,7,11
720575940613935400,right,L2,731,0.6111111111111112,0.2881355932203389,10,-1
720575940613977325,right,L1,570,-0.2777777777777778,0.8305084745762712,10,15
720575940613980712,right,L2,370,0.2777777777777777,0.6949152542372881,13,8
720575940614016749,right,L1,706,0.7777777777777779,-0.423728813559322,1,-13
720575940614020527,right,L3,715,-0.4444444444444444,0.3220338983050848,1,9
720575940614027951,right,L1,511,-0.6111111111111112,-0.38983050847457623,-11,0
720575940614077491,right,L1,329,0.0,0.7966101694915255,12,12
720575940614103347,right,L3,187,-0.38888888888888895,0.6949152542372881,7,14
720575940614108566,right,L2,433,0.0,-0.288135593220339,-4,-4
720575940614121699,right,L3,777,-0.6666666666666667,0.6610169491525424,4,16
720575940614123491,right,L1,127,-0.05555555555555558,0.4915254237288136,7,8
720575940614172847,right,L3,655,-0.7222222222222222,-0.05084745762711862,-7,6
720575940614200115,right,L2,187,-0.38888888888888895,0.6949152542372881,7,14
720575940614200722,right,L2,751,-0.11111111111111105,0.18644067796610164,2,4
720575940614219518,right,L3,336,-0.05555555555555558,0.7627118644067796,11,12
720575940614234258,right,L3,665,-0.7777777777777778,-0.0847457627118644,-8,6
720575940614275299,right,L1,745,-0.05555555555555558,0.423728813559322,6,7
720575940614277357,right,L3,334,-0.11111111111111105,-0.8983050847457628,-14,-12
720575940614283304,right,L1,647,0.38888888888888906,-0.2542372881355932,0,-7
720575940614289361,right,L3,76,0.3333333333333335,-0.15254237288135597,1,-5
720575940614293288,right,L2,237,0.16666666666666674,0.8983050847457628,15,12
720575940614307299,right,L3,364,-0.4444444444444444,0.11864406779661008,-2,6
720575940614336209,right,L2,303,0.5555555555555554,0.728813559322034,16,6
720575940614340758,right,L1,721,-0.6111111111111112,0.423728813559322,1,12
720575940614371490,right,L1,521,-0.7222222222222222,-0.3220338983050848,-11,2
720575940614383535,right,L2,192,-0.7777777777777778,0.3220338983050848,-2,12
720575940614442658,right,L3,411,0.5,-0.6610169491525424,-5,-14
720575940614504342,right,L1,20,-0.38888888888888895,-0.38983050847457623,-9,-2
720575940614526673,right,L2,435,-0.6111111111111112,-0.5932203389830508,-14,-3
720575940614527725,right,L1,482,-0.16666666666666674,0.5593220338983051,7,10
720575940614548655,right,L1,795,-0.7222222222222222,-0.728813559322034,-17,-4
720575940614549394,right,L1,189,-0.7222222222222222,0.423728813559322,0,13
720575940614557663,right,L2,22,0.05555555555555558,0.0847457627118644,2,1
720575940614567917,right,L3,144,-0.8333333333333333,-0.38983050847457623,-13,2
720575940614574511,right,L1,457,0.16666666666666674,0.5593220338983051,10,7
720575940614578538,right,L2,566,-0.5555555555555556,-0.288135593220339,-9,1
720575940614592175,right,L1,437,0.3333333333333335,0.38983050847457634,9,3
720575940614643454,right,L3,52,0.11111111111111116,-0.7627118644067796,-10,-12
720575940614654175,right,L2,120,0.05555555555555558,-0.05084745762711862,0,-1
720575940614680210,right,L3,229,-0.5555555555555556,0.05084745762711873,-4,6
720575940614698034,right,L2,515,0.8333333333333333,-0.2542372881355932,4,-11
720575940614743007,right,L2,147,-0.16666666666666674,0.6949152542372881,9,12
720575940614750102,right,L1,346,0.7222222222222221,-0.3220338983050848,2,-11
720575940614755295,right,L2,396,0.11111111111111116,0.3220338983050848,6,4
720575940614758311,right,L2,267,0.666666666666667,0.05084745762711873,7,-5
720575940614760111,right,L1,676,0.2777777777777777,-0.728813559322034,-8,-13
720575940614760367,right,L2,460,0.3333333333333335,-0.6949152542372881,-7,-13
720575940614765487,right,L1,397,0.2777777777777777,-0.6610169491525424,-7,-12
720575940614775954,right,L1,195,0.2777777777777777,-0.05084745762711862,2,-3
720575940614807954,right,L2,735,-0.16666666666666674,-0.7966101694915254,-13,-10
720575940614855464,right,L2,614,0.22222222222222232,-0.288135593220339,-2,-6
720575940614855976,right,L2,247,0.38888888888888906,-0.5254237288135593,-4,-11
720575940614856488,right,L2,8,0.4444444444444444,0.8644067796610169,17,9
720575940614869922,right,L2,166,0.0,0.5932203389830508,9,9
720575940614875176,right,L1,248,0.666666666666667,-0.016949152542372836,6,-6
720575940614901098,right,L3,535,-0.888888888888889,-0.15254237288135597,-10,6
720575940614911394,right,L3,116,0.11111111111111116,-0.288135593220339,-3,-5
720575940614937494,right,L1,290,-0.5555555555555556,-0.8305084745762712,-17,-7
720575940614959144,right,L1,497,-0.7222222222222222,0.016949152542372836,-6,7
720575940614959628,right,L2,510,0.16666666666666674,0.35593220338983045,7,4
720575940614965502,right,L2,87,-0.16666666666666674,0.35593220338983045,4,7
720575940614971944,right,L1,118,-0.38888888888888895,0.016949152542372836,-3,4
720575940615018402,right,L2,668,-0.16666666666666674,0.6271186440677967,8,11
720575940615054186,right,L1,780,0.6111111111111112,0.8305084745762712,18,7
720575940615065922,right,L3,163,0.9444444444444444,0.22033898305084754,12,-5
720575940615071122,right,L3,770,-0.5555555555555556,0.11864406779661008,-3,7
720575940615078034,right,L2,39,0.0,0.6610169491525424,10,10
720575940615125910,right,L3,571,0.0,-0.4915254237288136,-7,-7
720575940615134870,right,L3,61,0.4444444444444444,-0.15254237288135597,2,-6
720575940615141782,right,L3,231,-0.4444444444444444,-0.423728813559322,-10,-2
720575940615151190,right,L3,687,0.6111111111111112,-0.11864406779661019,4,-7
720575940615151446,right,L3,441,-0.33333333333333337,-0.5593220338983051,-11,-5
720575940615204862,right,L1,709,0.22222222222222232,-0.8305084745762712,-10,-14
720575940615205087,right,L1,330,-0.38888888888888895,0.0847457627118644,-2,5
720575940615226770,right,L1,445,0.22222222222222232,0.2542372881355932,6,2
720575940615257767,right,L1,449,-0.6666666666666667,-0.5593220338983051,-14,-2
720575940615323857,right,L3,720,0.5,0.6949152542372881,15,6
720575940615366050,right,L2,228,0.7222222222222221,0.016949152542372836,7,-6
720575940615370407,right,L1,237,0.16666666666666674,0.8983050847457628,15,12
720575940615385403,right,L1,264,0.11111111111111116,-0.22033898305084743,-2,-4
720575940615389034,right,L1,428,0.16666666666666674,0.7627118644067796,13,10
720575940615402463,right,L3,498,-0.6666666666666667,0.3220338983050848,-1,11
720575940615432866,right,L1,107,-0.888888888888889,-0.0847457627118644,-9,7
720575940615444222,right,L2,707,0.16666666666666674,0.8305084745762712,14,11
720575940615446270,right,L2,655,-0.7222222222222222,-0.05084745762711862,-7,6
720575940615507167,right,L3,420,-0.7222222222222222,-0.11864406779661019,-8,5
720575940615543975,right,L3,789,0.2777777777777777,-0.9322033898305084,-11,-16
720575940615549250,right,L2,697,-0.11111111111111105,-0.7627118644067796,-12,-10
720575940615552423,right,L2,124,-0.16666666666666674,-0.2542372881355932,-5,-2
720575940615631884,right,L1,645,0.38888888888888906,0.8983050847457628,17,10
720575940615650271,right,L1,217,-0.7222222222222222,0.4915254237288136,1,14
720575940615679906,right,L2,589,0.05555555555555558,-0.18644067796610164,-2,-3
720575940615681938,right,L3,285,-0.6666666666666667,-0.6271186440677966,-15,-3
720575940615693218,right,L3,676,0.2777777777777777,-0.728813559322034,-8,-13
720575940615699306,right,L3,162,0.4444444444444444,-0.0847457627118644,3,-5
720575940615759682,right,L2,61,0.4444444444444444,-0.15254237288135597,2,-6
720575940615787330,right,L2,326,-0.22222222222222232,0.5254237288135593,6,10
720575940615790197,right,L2,416,-0.33333333333333337,-0.288135593220339,-7,-1
720575940615795871,right,L1,688,0.7777777777777779,0.3220338983050848,12,-2
720575940615804817,right,L2,760,-0.05555555555555558,0.5593220338983051,8,9
720575940615805855,right,L2,699,0.5555555555555554,-0.016949152542372836,5,-5
720575940615853206,right,L1,228,0.7222222222222221,0.016949152542372836,7,-6
720575940615883067,right,L3,123,0.8888888888888888,0.3220338983050848,13,-3
720575940615915974,right,L3,737,-0.05555555555555558,0.6271186440677967,9,10
720575940615918146,right,L2,516,-0.7777777777777778,-0.6271186440677966,-16,-2
720575940615981206,right,L3,664,-0.16666666666666674,-0.9322033898305084,-15,-12
720575940615983846,right,L3,550,0.16666666666666674,0.0847457627118644,3,0
720575940616039647,right,L2,417,0.666666666666667,-0.35593220338983056,1,-11
720575940616070250,right,L3,153,-0.888888888888889,-0.016949152542372836,-8,8
720575940616075570,right,L3,499,-0.5555555555555556,0.3220338983050848,0,10
720575940616093599,right,L3,496,-0.7777777777777778,0.2542372881355932,-3,11
720575940616116330,right,L1,426,0.3333333333333335,-0.016949152542372836,3,-3
720575940616129642,right,L1,768,-0.38888888888888895,0.15254237288135597,-1,6
720575940616155458,right,L3,34,-0.6666666666666667,0.5932203389830508,3,15
720575940616158530,right,L2,90,0.38888888888888906,0.15254237288135597,6,-1
720575940616218015,right,L3,322,-0.22222222222222232,0.8644067796610169,11,15
720575940616222879,right,L2,522,0.4444444444444444,-0.016949152542372836,4,-4
720575940616225247,right,L1,601,-0.11111111111111105,0.5254237288135593,7,9
720575940616241339,right,L1,77,-0.2777777777777778,-0.18644067796610164,-5,0
720575940616277826,right,L1,775,-0.5555555555555556,0.728813559322034,6,16
720575940616280763,right,L3,7,0.666666666666667,-0.22033898305084743,3,-9
720575940616287711,right,L2,139,-0.11111111111111105,-0.4915254237288136,-8,-6
720575940616307284,right,L2,289,0.05555555555555558,0.35593220338983045,6,5
720575940616312898,right,L2,243,0.05555555555555558,-0.728813559322034,-10,-11
720575940616318988,right,L3,291,-0.7777777777777778,0.05084745762711873,-6,8
720575940616323999,right,L1,102,-0.38888888888888895,0.423728813559322,3,10
720575940616324767,right,L1,204,-0.5555555555555556,-0.0847457627118644,-6,4
720575940616355670,right,L1,512,-0.6666666666666667,-0.016949152542372836,-6,6
720575940616364866,right,L1,753,0.3333333333333335,0.7966101694915255,15,9
720575940616406284,right,L3,330,-0.38888888888888895,0.0847457627118644,-2,5
720575940616413469,right,L1,659,0.4444444444444444,-0.22033898305084743,1,-7
720575940616468383,right,L2,49,-0.4444444444444444,-0.15254237288135597,-6,2
720575940616470982,right,L2,171,-0.6666666666666667,-0.6949152542372881,-16,-4
720575940616543291,right,L3,540,0.16666666666666674,-0.3220338983050848,-3,-6
720575940616570299,right,L3,373,-0.16666666666666674,-0.728813559322034,-12,-9
720575940616589766,right,L2,635,-0.6666666666666667,-0.22033898305084743,-9,3
720575940616593221,right,L2,468,0.2777777777777777,0.35593220338983045,8,3
720575940616616053,right,L1,61,0.4444444444444444,-0.15254237288135597,2,-6
720575940616665915,right,L1,80,-0.5,0.423728813559322,2,11
720575940616751755,right,L2,62,-0.05555555555555558,-1.0,-15,-14
720575940616780731,right,L2,145,0.0,0.11864406779661008,2,2
720575940616781766,right,L1,760,-0.05555555555555558,0.5593220338983051,8,9
720575940616798732,right,L3,343,0.2777777777777777,0.8983050847457628,16,11
720575940616798813,right,L3,531,-0.11111111111111105,-0.016949152542372836,-1,1
720575940616803513,right,L3,312,-0.5,-0.2542372881355932,-8,1
720575940616827222,right,L2,767,-0.11111111111111105,0.9322033898305084,13,15
720575940616853772,right,L1,249,-0.22222222222222232,-0.423728813559322,-8,-4
720575940616865083,right,L2,499,-0.5555555555555556,0.3220338983050848,0,10
720575940616865339,right,L2,715,-0.4444444444444444,0.3220338983050848,1,9
720575940616960699,right,L1,789,0.2777777777777777,-0.9322033898305084,-11,-16
720575940616967180,right,L3,170,0.5,0.016949152542372836,5,-4
720575940616971788,right,L1,727,-0.7777777777777778,0.18644067796610164,-4,10
720575940616982614,right,L2,246,0.38888888888888906,0.4915254237288136,11,4
720575940616988884,right,L2,36,-0.6666666666666667,0.2542372881355932,-2,10
720575940616991371,right,L2,351,0.05555555555555558,-0.5932203389830508,-8,-9
720575940617012678,right,L1,308,0.5555555555555554,0.2542372881355932,9,-1
720575940617027909,right,L3,697,-0.11111111111111105,-0.7627118644067796,-12,-10
720575940617044018,right,L2,490,0.5555555555555554,0.18644067796610164,8,-2
720575940617112321,right,L1,487,-0.16666666666666674,-0.05084745762711862,-2,1
720575940617114461,right,L3,796,-0.4444444444444444,0.8644067796610169,9,17
720575940617128593,right,L3,459,-0.6111111111111112,-0.11864406779661019,-7,4
720575940617175710,right,L2,278,0.5555555555555554,0.3220338983050848,10,0
720575940617184315,right,L3,607,-0.11111111111111105,0.5932203389830508,8,10
720575940617194379,right,L2,361,-0.05555555555555558,-0.2542372881355932,-4,-3
720575940617199547,right,L2,612,0.3333333333333335,-0.8983050847457628,-10,-16
720575940617222237,right,L3,710,-0.5,-0.864406779661017,-17,-8
720575940617225118,right,L1,76,0.3333333333333335,-0.15254237288135597,1,-5
720575940617249141,right,L2,355,0.7777777777777779,-0.22033898305084743,4,-10
720575940617259963,right,L2,51,-0.05555555555555558,-0.6610169491525424,-10,-9
720575940617261910,right,L2,777,-0.6666666666666667,0.6610169491525424,4,16
720575940617262453,right,L1,585,0.05555555555555558,-0.7966101694915254,-11,-12
720575940617263221,right,L1,332,-0.4444444444444444,-0.8983050847457628,-17,-9
720575940617281141,right,L2,386,0.6111111111111112,0.6271186440677967,15,4
720575940617293398,right,L2,429,0.22222222222222232,0.4576271186440677,9,5
720575940617297467,right,L2,41,0.3333333333333335,0.9322033898305084,17,11
720575940617304379,right,L3,435,-0.6111111111111112,-0.5932203389830508,-14,-3
720575940617312729,right,L3,64,-0.5,-0.7966101694915254,-16,-7
720575940617330772,right,L1,703,0.2777777777777777,0.016949152542372836,3,-2
720575940617338683,right,L1,711,0.05555555555555558,0.6271186440677967,10,9
720575940617360955,right,L3,530,0.2777777777777777,-0.4576271186440678,-4,-9
720575940617363673,right,L3,612,0.3333333333333335,-0.8983050847457628,-10,-16
720575940617373585,right,L3,273,0.6111111111111112,0.7627118644067796,17,6
720575940617401601,right,L2,75,0.666666666666667,0.4576271186440677,13,1
720575940617409083,right,L3,198,-0.6666666666666667,0.05084745762711873,-5,7
720575940617462233,right,L2,597,-0.5,0.016949152542372836,-4,5
720575940617537117,right,L1,298,0.5,0.15254237288135597,7,-2
720575940617543892,right,L2,411,0.5,-0.6610169491525424,-5,-14
720575940617567325,right,L2,230,-0.2777777777777778,0.2881355932203389,2,7
720575940617582941,right,L3,35,-0.11111111111111105,-0.8305084745762712,-13,-11
720575940617630301,right,L2,127,-0.05555555555555558,0.4915254237288136,7,8
720575940617653204,right,L3,718,0.5555555555555554,0.7966101694915255,17,7
720575940617655014,right,L3,683,-0.22222222222222232,0.18644067796610164,1,5
720575940617655626,right,L2,504,0.16666666666666674,0.2881355932203389,6,3
720575940617675961,right,L3,15,-0.2777777777777778,-0.11864406779661019,-4,1
720575940617720550,right,L3,399,0.4444444444444444,-0.8305084745762712,-8,-16
720575940617720806,right,L3,780,0.6111111111111112,0.8305084745762712,18,7
720575940617734976,right,L1,22,0.05555555555555558,0.0847457627118644,2,1
720575940617746105,right,L3,24,0.11111111111111116,-0.35593220338983056,-4,-6
720575940617748881,right,L3,326,-0.22222222222222232,0.5254237288135593,6,10
720575940617811293,right,L3,643,-0.6666666666666667,0.4576271186440677,1,13
720575940617818342,right,L2,85,-0.4444444444444444,-0.7627118644067796,-15,-7
720575940617822438,right,L2,378,0.3333333333333335,0.5932203389830508,12,6
720575940617855537,right,L1,68,-0.33333333333333337,0.5254237288135593,5,11
720575940617863517,right,L2,408,0.666666666666667,-0.15254237288135597,4,-8
720575940617947675,right,L2,496,-0.7777777777777778,0.2542372881355932,-3,11
720575940617948500,right,L1,631,-0.11111111111111105,0.8644067796610169,12,14
720575940617961309,right,L1,752,0.16666666666666674,0.22033898305084754,5,2
720575940617994811,right,L3,689,0.22222222222222232,0.5932203389830508,11,7
720575940618028545,right,L3,577,-0.5555555555555556,-0.4915254237288136,-12,-2
720575940618038612,right,L3,171,-0.6666666666666667,-0.6949152542372881,-16,-4
720575940618039197,right,L3,29,0.05555555555555558,-0.11864406779661019,-1,-2
720575940618041830,right,L2,778,-0.5,0.8305084745762712,8,17
720575940618044116,right,L1,403,0.22222222222222232,-0.423728813559322,-4,-8
720575940618046465,right,L2,610,-0.2777777777777778,-0.7966101694915254,-14,-9
720575940618067161,right,L2,487,-0.16666666666666674,-0.05084745762711862,-2,1
720575940618068198,right,L2,687,0.6111111111111112,-0.11864406779661019,4,-7
720575940618069531,right,L3,507,0.5555555555555554,-0.423728813559322,-1,-11
720575940618140699,right,L3,377,-0.05555555555555558,0.22033898305084754,3,4
720575940618170949,right,L3,141,-0.6111111111111112,-0.7966101694915254,-17,-6
720575940618171878,right,L2,537,-0.05555555555555558,-0.7966101694915254,-12,-11
720575940618173341,right,L3,481,-0.4444444444444444,-0.288135593220339,-8,0
720575940618188893,right,L2,405,-0.33333333333333337,0.3220338983050848,2,8
720575940618194617,right,L3,480,-0.38888888888888895,-0.6610169491525424,-13,-6
720575940618200788,right,L1,582,0.05555555555555558,0.7627118644067796,12,11
720575940618212432,right,L2,165,-0.4444444444444444,0.5254237288135593,4,12
720575940618231124,right,L2,524,-0.4444444444444444,-0.6949152542372881,-14,-6
720575940618238425,right,L2,312,-0.5,-0.2542372881355932,-8,1
720575940618274489,right,L2,748,0.4444444444444444,0.6610169491525424,14,6
720575940618278868,right,L2,340,0.38888888888888906,0.5593220338983051,12,5
720575940618289113,right,L2,6,0.22222222222222232,-0.15254237288135597,0,-4
720575940618294744,right,L3,394,0.7777777777777779,-0.288135593220339,3,-11
720575940618313762,right,L2,755,-0.5,0.6271186440677967,5,14
720575940618322617,right,L1,30,-0.6666666666666667,0.5254237288135593,2,14
720575940618324037,right,L3,335,-0.22222222222222232,0.2542372881355932,2,6
720575940618324697,right,L3,633,0.11111111111111116,-0.8305084745762712,-11,-13
720575940618327089,right,L2,72,0.0,-0.9661016949152542,-14,-14
720575940618338961,right,L1,297,-0.8333333333333333,-0.3220338983050848,-12,3
720575940618366109,right,L2,194,-0.05555555555555558,-0.18644067796610164,-3,-2
720575940618375569,right,L3,636,0.0,0.18644067796610164,3,3
720575940618379554,right,L1,142,0.22222222222222232,-0.6271186440677966,-7,-11
720575940618393413,right,L3,755,-0.5,0.6271186440677967,5,14
720575940618408166,right,L1,214,0.5,0.0847457627118644,6,-3
720575940618427015,right,L1,31,0.0,0.5254237288135593,8,8
720575940618430609,right,L1,684,0.6111111111111112,0.5593220338983051,14,3
720575940618431069,right,L2,80,-0.5,0.423728813559322,2,11
720575940618442726,right,L1,321,-0.888888888888889,0.11864406779661008,-6,10
720575940618449031,right,L2,647,0.38888888888888906,-0.2542372881355932,0,-7
720575940618454621,right,L2,167,-0.05555555555555558,-0.5932203389830508,-9,-8
720575940618460229,right,L1,444,-0.4444444444444444,-0.35593220338983056,-9,-1
720575940618463813,right,L1,220,-0.22222222222222232,-0.22033898305084743,-5,-1
720575940618470996,right,L2,315,0.3333333333333335,-0.22033898305084743,0,-6
720575940618476317,right,L2,190,0.2777777777777777,-0.18644067796610164,0,-5
720575940618477753,right,L2,372,-0.11111111111111105,-0.0847457627118644,-2,0
720575940618490651,right,L3,775,-0.5555555555555556,0.728813559322034,6,16
720575940618499141,right,L1,730,-0.7777777777777778,-0.016949152542372836,-7,7
720575940618547269,right,L2,272,-0.33333333333333337,-0.0847457627118644,-4,2
720575940618561209,right,L3,787,-0.33333333333333337,0.9322033898305084,11,17
720575940618573888,right,L1,536,-0.33333333333333337,0.11864406779661008,-1,5
720575940618596731,right,L1,372,-0.11111111111111105,-0.0847457627118644,-2,0
720575940618607188,right,L3,793,-0.888888888888889,-0.22033898305084743,-11,5
720575940618608029,right,L1,23,0.3333333333333335,-0.5593220338983051,-5,-11
720575940618654528,right,L2,719,-0.16666666666666674,0.8983050847457628,12,15
720575940618679579,right,L1,576,0.0,0.9322033898305084,14,14
720575940618704182,right,L1,216,-0.2777777777777778,0.6271186440677967,7,12
720575940618721364,right,L3,63,-0.4444444444444444,0.38983050847457634,2,10
720575940618737748,right,L1,522,0.4444444444444444,-0.016949152542372836,4,-4
720575940618753088,right,L1,279,0.4444444444444444,0.2542372881355932,8,0
720575940618772416,right,L3,18,-0.5555555555555556,-0.5593220338983051,-13,-3
720575940618782021,right,L2,776,-0.6111111111111112,0.6949152542372881,5,16
720575940618843702,right,L1,528,-0.2777777777777778,0.22033898305084754,1,6
720575940618854228,right,L1,6,0.22222222222222232,-0.15254237288135597,0,-4
720575940618867796,right,L1,27,-0.05555555555555558,-0.864406779661017,-13,-12
720575940618871297,right,L3,39,0.0,0.6610169491525424,10,10
720575940618876317,right,L2,684,0.6111111111111112,0.5593220338983051,14,3
720575940618896197,right,L1,508,0.5,0.35593220338983045,10,1
720575940618919003,right,L3,672,0.8333333333333333,0.35593220338983045,13,-2
720575940618922653,right,L1,766,-0.22222222222222232,-0.15254237288135597,-4,0
720575940618933451,right,L2,447,0.11111111111111116,0.05084745762711873,2,0
720575940618936221,right,L3,696,0.22222222222222232,0.5254237288135593,10,6
720575940618947230,right,L3,60,0.8888888888888888,0.2542372881355932,12,-4
720575940618961624,right,L3,271,-0.4444444444444444,0.18644067796610164,-1,7
720575940618964052,right,L3,488,-0.8333333333333333,0.15254237288135597,-5,10
720575940618985541,right,L3,253,-0.5555555555555556,0.5254237288135593,3,13
720575940618992798,right,L1,387,0.05555555555555558,-0.5254237288135593,-7,-8
720575940619012510,right,L3,648,-0.16666666666666674,0.22033898305084754,2,5
720575940619030853,right,L2,28,-0.5555555555555556,0.18644067796610164,-2,8
720575940619047169,right,L3,523,-0.22222222222222232,0.4576271186440677,5,9
720575940619056413,right,L1,495,-0.5,0.15254237288135597,-2,7
720575940619065373,right,L2,600,-0.33333333333333337,-0.35593220338983056,-8,-2
720575940619070366,right,L1,436,-0.05555555555555558,-0.5254237288135593,-8,-7
720575940619076987,right,L3,622,0.5555555555555554,0.6610169491525424,15,5
720575940619081198,right,L3,186,0.11111111111111116,0.8644067796610169,14,12
720575940619082478,right,L3,635,-0.6666666666666667,-0.22033898305084743,-9,3
720575940619123483,right,L3,404,0.11111111111111116,0.6610169491525424,11,9
720575940619135798,right,L2,47,0.9444444444444444,-0.05084745762711862,8,-9
720575940619137819,right,L3,661,0.3333333333333335,0.4576271186440677,10,4
720575940619142966,right,L2,181,-0.11111111111111105,-0.15254237288135597,-3,-1
720575940619149982,right,L1,240,0.38888888888888906,-0.11864406779661019,2,-5
720575940619152549,right,L3,225,-0.22222222222222232,-0.8983050847457628,-15,-11
720575940619256222,right,L2,131,0.666666666666667,0.6610169491525424,16,4
720575940619300766,right,L3,444,-0.4444444444444444,-0.35593220338983056,-9,-1
720575940619322539,right,L2,354,0.22222222222222232,-0.8983050847457628,-11,-15
720575940619330496,right,L2,557,-0.6666666666666667,-0.35593220338983056,-11,1
720575940619341447,right,L1,236,0.11111111111111116,0.11864406779661008,3,1
720575940619345221,right,L3,204,-0.5555555555555556,-0.0847457627118644,-6,4
720575940619416113,right,L1,11,-0.7777777777777778,-0.4915254237288136,-14,0
720575940619592102,right,L1,154,0.8888888888888888,-0.016949152542372836,8,-8
720575940619625118,right,L3,722,-0.7222222222222222,-0.5254237288135593,-14,-1
720575940619642021,right,L2,177,0.16666666666666674,-0.05084745762711862,1,-2
720575940619667732,right,L3,713,0.666666666666667,0.5254237288135593,14,2
720575940619679552,right,L3,54,0.38888888888888906,0.0847457627118644,5,-2
720575940619692965,right,L1,365,-0.5,0.22033898305084754,-1,8
720575940619699183,right,L1,510,0.16666666666666674,0.35593220338983045,7,4
720575940619702848,right,L1,787,-0.33333333333333337,0.9322033898305084,11,17
720575940619728007,right,L3,734,-0.22222222222222232,-0.016949152542372836,-2,2
720575940619763358,right,L2,249,-0.22222222222222232,-0.423728813559322,-8,-4
720575940619786955,right,L2,650,0.2777777777777777,-0.864406779661017,-10,-15
720575940619831710,right,L1,734,-0.22222222222222232,-0.016949152542372836,-2,2
720575940619833723,right,L1,518,0.4444444444444444,0.728813559322034,15,7
720575940619890512,right,L1,131,0.666666666666667,0.6610169491525424,16,4
720575940619933611,right,L3,776,-0.6111111111111112,0.6949152542372881,5,16
720575940619948854,right,L2,729,0.2777777777777777,0.9661016949152543,17,12
720575940619982238,right,L3,434,0.2777777777777777,0.22033898305084754,6,1
720575940619992240,right,L3,568,0.666666666666667,-0.288135593220339,2,-10
720575940620007919,right,L1,393,0.11111111111111116,0.728813559322034,12,10
720575940620034974,right,L2,300,-0.4444444444444444,-0.6271186440677966,-13,-5
720575940620035638,right,L2,285,-0.6666666666666667,-0.6271186440677966,-15,-3
720575940620059631,right,L3,125,-0.6111111111111112,0.2881355932203389,-1,10
720575940620086277,right,L2,622,0.5555555555555554,0.6610169491525424,15,5
720575940620103509,right,L1,267,0.666666666666667,0.05084745762711873,7,-5
720575940620103558,right,L3,396,0.11111111111111116,0.3220338983050848,6,4
720575940620118864,right,L2,425,-0.33333333333333337,0.6610169491525424,7,13
720575940620141317,right,L1,514,0.4444444444444444,-0.35593220338983056,-1,-9
720575940620199444,right,L3,650,0.2777777777777777,-0.864406779661017,-10,-15
720575940620203870,right,L2,621,-0.11111111111111105,0.7966101694915255,11,13
720575940620206529,right,L3,609,0.22222222222222232,-0.016949152542372836,2,-2
720575940620206983,right,L1,408,0.666666666666667,-0.15254237288135597,4,-8
720575940620223326,right,L2,538,0.38888888888888906,0.016949152542372836,4,-3
720575940620224785,right,L1,776,-0.6111111111111112,0.6949152542372881,5,16
720575940620229236,right,L2,263,0.3333333333333335,0.11864406779661008,5,-1
720575940620234375,right,L1,707,0.16666666666666674,0.8305084745762712,14,11
720575940620235456,right,L3,670,-0.6111111111111112,0.15254237288135597,-3,8
720575940620264289,right,L2,740,-0.22222222222222232,-0.288135593220339,-6,-2
720575940620271239,right,L3,449,-0.6666666666666667,-0.5593220338983051,-14,-2
720575940620313685,right,L2,7,0.666666666666667,-0.22033898305084743,3,-9
720575940620316632,right,L1,201,0.8333333333333333,0.2881355932203389,12,-3
720575940620320472,right,L1,427,-0.5555555555555556,-0.6271186440677966,-14,-4
720575940620324774,right,L2,529,-0.22222222222222232,-0.0847457627118644,-3,1
720575940620327303,right,L3,758,-0.6111111111111112,-0.05084745762711862,-6,5
720575940620332167,right,L3,109,-0.5,-0.18644067796610164,-7,2
720575940620337799,right,L3,77,-0.2777777777777778,-0.18644067796610164,-5,0
720575940620343175,right,L3,589,0.05555555555555558,-0.18644067796610164,-2,-3
720575940620343256,right,L1,453,-0.38888888888888895,0.8305084745762712,9,16
720575940620344280,right,L1,414,-0.5,0.6949152542372881,6,15
720575940620344792,right,L1,756,-0.5555555555555556,0.6610169491525424,5,15
720575940620346840,right,L1,211,0.7222222222222221,-0.05084745762711862,6,-7
720575940620350680,right,L1,596,0.4444444444444444,-0.5593220338983051,-4,-12
720575940620354008,right,L1,16,0.22222222222222232,-0.5593220338983051,-6,-10
720575940620364965,right,L3,149,-0.6666666666666667,-0.4915254237288136,-13,-1
720575940620369243,right,L3,487,-0.16666666666666674,-0.05084745762711862,-2,1
720575940620384597,right,L2,277,-0.8333333333333333,-0.11864406779661019,-9,6
720575940620385556,right,L1,695,0.666666666666667,0.3220338983050848,11,-1
720575940620399740,right,L1,86,0.5,-0.2542372881355932,1,-8
720575940620402853,right,L1,259,0.7222222222222221,-0.18644067796610164,4,-9
720575940620457813,right,L1,130,-0.22222222222222232,0.38983050847457634,4,8
720575940620458305,right,L3,6,0.22222222222222232,-0.15254237288135597,0,-4
720575940620466768,right,L2,506,-0.11111111111111105,-0.423728813559322,-7,-5
720575940620474673,right,L2,608,-0.11111111111111105,0.3220338983050848,4,6
720575940620490661,right,L2,518,0.4444444444444444,0.728813559322034,15,7
720575940620491712,right,L2,696,0.22222222222222232,0.5254237288135593,10,6
720575940620492880,right,L3,363,-0.7777777777777778,-0.15254237288135597,-9,5
720575940620513158,right,L1,548,-0.11111111111111105,-0.5593220338983051,-9,-7
720575940620517803,right,L3,432,0.5,0.22033898305084754,8,-1
720575940620521777,right,L2,448,0.0,1.0,15,15
720575940620548289,right,L1,470,-0.5,-0.3220338983050848,-9,0
720575940620574190,right,L2,158,-0.38888888888888895,-0.18644067796610164,-6,1
720575940620582168,right,L2,53,-0.5555555555555556,0.4576271186440677,2,12
720575940620584721,right,L3,440,-0.16666666666666674,0.7627118644067796,10,13
720575940620598181,right,L1,277,-0.8333333333333333,-0.11864406779661019,-9,6
720575940620602960,right,L1,686,-0.5555555555555556,-0.7627118644067796,-16,-6
720575940620608305,right,L2,189,-0.7222222222222222,0.423728813559322,0,13
720575940620608853,right,L3,70,0.38888888888888906,0.6949152542372881,14,7
720575940620620504,right,L2,88,-0.7777777777777778,0.11864406779661008,-5,9
720575940620629697,right,L3,136,-0.05555555555555558,0.0847457627118644,1,2
720575940620637776,right,L3,196,0.11111111111111116,0.2542372881355932,5,3
720575940620647407,right,L1,156,0.9444444444444444,0.016949152542372836,9,-8
720575940620672704,right,L2,508,0.5,0.35593220338983045,10,1
720575940620691538,right,L2,567,0.22222222222222232,0.728813559322034,13,9
720575940620692562,right,L3,618,0.11111111111111116,0.7966101694915255,13,11
720575940620706543,right,L3,652,0.6111111111111112,-0.38983050847457623,0,-11
720575940620707916,right,L2,385,0.3333333333333335,-0.6271186440677966,-6,-12
720575940620711115,right,L1,429,0.22222222222222232,0.4576271186440677,9,5
720575940620716114,right,L2,282,0.0,0.8644067796610169,13,13
720575940620724160,right,L2,211,0.7222222222222221,-0.05084745762711862,6,-7
720575940620724306,right,L2,631,-0.11111111111111105,0.8644067796610169,12,14
720575940620724417,right,L3,243,0.05555555555555558,-0.728813559322034,-10,-11
720575940620734544,right,L2,677,-0.05555555555555558,0.35593220338983045,5,6
720575940620740822,right,L2,556,0.0,0.3220338983050848,5,5
720575940620744430,right,L3,42,0.11111111111111116,0.4576271186440677,8,6
720575940620744664,right,L2,199,0.0,-0.423728813559322,-6,-6
720575940620752464,right,L3,495,-0.5,0.15254237288135597,-2,7
720575940620755366,right,L1,642,0.5,-0.38983050847457623,-1,-10
720575940620767937,right,L2,484,-0.38888888888888895,-0.3220338983050848,-8,-1
720575940620772369,right,L1,425,-0.33333333333333337,0.6610169491525424,7,13
720575940620778516,right,L2,336,-0.05555555555555558,0.7627118644067796,11,12
720575940620778587,right,L2,564,-0.38888888888888895,-0.7966101694915254,-15,-8
720575940620787182,right,L1,737,-0.05555555555555558,0.6271186440677967,9,10
720575940620804434,right,L3,621,-0.11111111111111105,0.7966101694915255,11,13
720575940620811758,right,L1,272,-0.33333333333333337,-0.0847457627118644,-4,2
720575940620827156,right,L1,260,0.2777777777777777,0.6271186440677967,12,7
720575940620847124,right,L1,772,-0.11111111111111105,0.38983050847457634,5,7
720575940620857680,right,L2,787,-0.33333333333333337,0.9322033898305084,11,17
720575940620862829,right,L1,656,-0.05555555555555558,-0.38983050847457623,-6,-5
720575940620875741,right,L1,8,0.4444444444444444,0.8644067796610169,17,9
720575940620889803,right,L2,617,0.16666666666666674,-0.5932203389830508,-7,-10
720575940620899019,right,L2,182,-0.7777777777777778,-0.35593220338983056,-12,2
720575940620903662,right,L2,528,-0.2777777777777778,0.22033898305084754,1,6
720575940620903760,right,L3,215,-0.7222222222222222,0.22033898305084754,-3,10
720575940620907600,right,L2,558,0.38888888888888906,-0.728813559322034,-7,-14
720575940620910612,right,L3,181,-0.11111111111111105,-0.15254237288135597,-3,-1
720575940620920429,right,L2,706,0.7777777777777779,-0.423728813559322,1,-13
720575940620939979,right,L2,562,0.5555555555555554,-0.0847457627118644,4,-6
720575940620941038,right,L2,711,0.05555555555555558,0.6271186440677967,10,9
720575940620949089,right,L3,790,0.16666666666666674,-0.9322033898305084,-12,-15
720575940621003611,right,L1,463,-0.6111111111111112,0.5593220338983051,3,14
720575940621004885,right,L3,602,-0.4444444444444444,-0.0847457627118644,-5,3
720575940621010196,right,L1,178,-0.2777777777777778,0.35593220338983045,3,8
720575940621013185,right,L2,547,0.05555555555555558,0.6949152542372881,11,10
720575940621014465,right,L1,643,-0.6666666666666667,0.4576271186440677,1,13
720575940621032384,right,L1,663,0.0,0.2542372881355932,4,4
720575940621052069,right,L1,169,0.0,-0.6271186440677966,-9,-9
720575940621055141,right,L1,790,0.16666666666666674,-0.9322033898305084,-12,-15
720575940621062474,right,L3,289,0.05555555555555558,0.35593220338983045,6,5
720575940621089115,right,L2,536,-0.33333333333333337,0.11864406779661008,-1,5
720575940621093547,right,L2,745,-0.05555555555555558,0.423728813559322,6,7
720575940621096813,right,L2,625,0.22222222222222232,0.7966101694915255,14,10
720575940621102677,right,L2,649,0.05555555555555558,0.15254237288135597,3,2
720575940621113584,right,L3,546,-0.33333333333333337,0.18644067796610164,0,6
720575940621145716,right,L1,291,-0.7777777777777778,0.05084745762711873,-6,8
720575940621153702,right,L1,3,-0.6666666666666667,-0.423728813559322,-12,0
720575940621155905,right,L3,476,0.05555555555555558,0.4915254237288136,8,7
720575940621161933,right,L3,92,-0.05555555555555558,0.2881355932203389,4,5
720575940621193456,right,L1,224,-0.05555555555555558,0.15254237288135597,2,3
720575940621195941,right,L2,667,-0.11111111111111105,-0.9661016949152542,-15,-13
720575940621215103,right,L2,185,-0.2777777777777778,-0.38983050847457623,-8,-3
720575940621217601,right,L1,535,-0.888888888888889,-0.15254237288135597,-10,6
720575940621218881,right,L2,793,-0.888888888888889,-0.22033898305084743,-11,5
720575940621234859,right,L1,323,0.7222222222222221,-0.4576271186440678,0,-13
720575940621243007,right,L2,393,0.11111111111111116,0.728813559322034,12,10
720575940621250113,right,L2,685,0.5,-0.3220338983050848,0,-9
720575940621265780,right,L3,675,0.7222222222222221,0.6271186440677967,16,3
720575940621267316,right,L3,134,0.5555555555555554,-0.6271186440677966,-4,-14
720575940621277318,right,L1,622,0.5555555555555554,0.6610169491525424,15,5
720575940621286168,right,L2,126,-0.38888888888888895,0.35593220338983045,2,9
720575940621288216,right,L1,504,0.16666666666666674,0.2881355932203389,6,3
720575940621289236,right,L2,206,0.2777777777777777,0.15254237288135597,5,0
720575940621292992,right,L2,477,0.3333333333333335,0.05084745762711873,4,-2
720575940621304001,right,L1,577,-0.5555555555555556,-0.4915254237288136,-12,-2
720575940621309349,right,L2,530,0.2777777777777777,-0.4576271186440678,-4,-9
720575940621320052,right,L3,581,-0.38888888888888895,0.2881355932203389,1,8
720575940621340080,right,L1,316,-0.5555555555555556,-0.15254237288135597,-7,3
720575940621343252,right,L1,136,-0.05555555555555558,0.0847457627118644,1,2
720575940621345857,right,L3,397,0.2777777777777777,-0.6610169491525424,-7,-12
720575940621349313,right,L2,103,-0.8333333333333333,0.2881355932203389,-3,12
720575940621371574,right,L3,216,-0.2777777777777778,0.6271186440677967,7,12
720575940621391297,right,L1,432,0.5,0.22033898305084754,8,-1
720575940621391715,right,L2,539,0.6111111111111112,0.4915254237288136,13,2
720575940621396718,right,L3,407,0.5555555555555554,-0.35593220338983056,0,-10
720575940621397089,right,L3,415,-0.6666666666666667,0.38983050847457634,0,12
720575940621407726,right,L2,255,0.6111111111111112,-0.4576271186440678,-1,-12
720575940621409371,right,L2,624,-0.16666666666666674,-0.5932203389830508,-10,-7
720575940621443776,right,L2,215,-0.7222222222222222,0.22033898305084754,-3,10
720575940621445808,right,L3,53,-0.5555555555555556,0.4576271186440677,2,12
720575940621449893,right,L1,481,-0.4444444444444444,-0.288135593220339,-8,0
720575940621479918,right,L2,517,-0.7222222222222222,0.0847457627118644,-5,8
720575940621502068,right,L3,605,-0.38888888888888895,0.4915254237288136,4,11
720575940621543028,right,L3,617,0.16666666666666674,-0.5932203389830508,-7,-10
720575940621546066,right,L2,692,0.4444444444444444,0.7966101694915255,16,8
720575940621546688,right,L1,266,0.05555555555555558,-0.864406779661017,-12,-13
720575940621554864,right,L3,10,-0.6111111111111112,-0.5254237288135593,-13,-2
720575940621560240,right,L3,3,-0.6666666666666667,-0.423728813559322,-12,0
720575940621563072,right,L1,74,0.05555555555555558,-0.3220338983050848,-4,-5
720575940621563713,right,L3,332,-0.4444444444444444,-0.8983050847457628,-17,-9
720575940621601389,right,L2,584,-0.5,0.7627118644067796,7,16
720575940621610587,right,L1,65,0.11111111111111116,0.9322033898305084,15,13
720575940621616112,right,L2,81,-0.6666666666666667,-0.0847457627118644,-7,5
720575940621643457,right,L2,475,0.38888888888888906,-0.05084745762711862,3,-4
720575940621645238,right,L2,695,0.666666666666667,0.3220338983050848,11,-1
720575940621648880,right,L3,11,-0.7777777777777778,-0.4915254237288136,-14,0
720575940621656158,right,L2,402,-0.33333333333333337,0.8644067796610169,10,16
720575940621665974,right,L3,766,-0.22222222222222232,-0.15254237288135597,-4,0
720575940621670127,right,L3,301,0.5555555555555554,0.5254237288135593,13,3
720575940621676422,right,L3,284,-0.05555555555555558,0.8305084745762712,12,13
720575940621682102,right,L2,350,-0.16666666666666674,0.4915254237288136,6,9
720575940621683951,right,L2,311,0.7222222222222221,0.4915254237288136,14,1
720575940621690236,right,L1,190,0.2777777777777777,-0.18644067796610164,0,-5
720575940621692251,right,L1,412,0.6111111111111112,0.6949152542372881,16,5
720575940621699873,right,L2,11,-0.7777777777777778,-0.4915254237288136,-14,0
720575940621700973,right,L3,791,0.11111111111111116,-0.9661016949152542,-13,-15
720575940621702497,right,L2,664,-0.16666666666666674,-0.9322033898305084,-15,-12
720575940621705897,right,L2,724,-0.4444444444444444,0.05084745762711873,-3,5
720575940621711041,right,L2,498,-0.6666666666666667,0.3220338983050848,-1,11
720575940621716207,right,L2,443,0.666666666666667,0.11864406779661008,8,-4
720575940621717441,right,L1,770,-0.5555555555555556,0.11864406779661008,-3,7
720575940621765620,right,L3,596,0.4444444444444444,-0.5593220338983051,-4,-12
720575940621765876,right,L1,303,0.5555555555555554,0.728813559322034,16,6
720575940621766260,right,L3,409,-0.05555555555555558,-0.11864406779661019,-2,-1
720575940621766566,right,L1,137,-0.6111111111111112,-0.2542372881355932,-9,2
720575940621789445,right,L3,548,-0.11111111111111105,-0.5593220338983051,-9,-7
720575940621793371,right,L3,182,-0.7777777777777778,-0.35593220338983056,-12,2
720575940621817441,right,L2,114,-0.2777777777777778,-0.4576271186440678,-9,-4
720575940621830220,right,L2,546,-0.33333333333333337,0.18644067796610164,0,6
720575940621838830,right,L3,553,0.3333333333333335,0.5254237288135593,11,5
720575940621891617,right,L3,536,-0.33333333333333337,0.11864406779661008,-1,5
720575940621900141,right,L2,394,0.7777777777777779,-0.288135593220339,3,-11
720575940621901165,right,L2,240,0.38888888888888906,-0.11864406779661019,2,-5
720575940621905729,right,L1,45,0.5,-0.05084745762711862,4,-5
720575940621907700,right,L2,559,0.666666666666667,0.728813559322034,17,5
720575940621908720,right,L2,444,-0.4444444444444444,-0.35593220338983056,-9,-1
720575940621925108,right,L3,512,-0.6666666666666667,-0.016949152542372836,-6,6
720575940621925364,right,L3,202,0.05555555555555558,0.8983050847457628,14,13
720575940621943557,right,L3,545,-0.6111111111111112,0.35593220338983045,0,11
720575940621944496,right,L2,495,-0.5,0.15254237288135597,-2,7
720575940621955354,right,L3,217,-0.7222222222222222,0.4915254237288136,1,14
720575940621971126,right,L2,330,-0.38888888888888895,0.0847457627118644,-2,5
720575940621985520,right,L3,266,0.05555555555555558,-0.864406779661017,-12,-13
720575940622000054,right,L2,601,-0.11111111111111105,0.5254237288135593,7,9
720575940622005601,right,L2,550,0.16666666666666674,0.0847457627118644,3,0
720575940622005857,right,L2,170,0.5,0.016949152542372836,5,-4
720575940622006881,right,L2,384,0.666666666666667,-0.0847457627118644,5,-7
720575940622011357,right,L1,678,-0.38888888888888895,-0.2542372881355932,-7,0
720575940622016282,right,L2,789,0.2777777777777777,-0.9322033898305084,-11,-16
720575940622017121,right,L2,86,0.5,-0.2542372881355932,1,-8
720575940622021146,right,L1,722,-0.7222222222222222,-0.5254237288135593,-14,-1
720575940622067828,right,L2,233,-0.5,-0.4576271186440678,-11,-2
720575940622074790,right,L2,654,0.3333333333333335,0.2542372881355932,7,1
720575940622100464,right,L1,744,0.38888888888888906,0.8305084745762712,16,9
720575940622106534,right,L1,257,-0.2777777777777778,0.6949152542372881,8,13
720575940622108225,right,L3,90,0.38888888888888906,0.15254237288135597,6,-1
720575940622119518,right,L3,460,0.3333333333333335,-0.6949152542372881,-7,-13
720575940622126945,right,L2,683,-0.22222222222222232,0.18644067796610164,1,5
720575940622127088,right,L1,712,0.7777777777777779,0.38983050847457634,13,-1
720575940622152948,right,L2,794,-0.5555555555555556,-0.8983050847457628,-18,-8
720575940622173790,right,L2,752,0.16666666666666674,0.22033898305084754,5,2
720575940622189948,right,L3,107,-0.888888888888889,-0.0847457627118644,-9,7
720575940622203312,right,L3,143,0.4444444444444444,0.5254237288135593,12,4
720575940622221948,right,L2,252,-0.38888888888888895,0.7627118644067796,8,15
720575940622242684,right,L1,526,0.0,-0.35593220338983056,-5,-5
720575940622266025,right,L1,150,0.8333333333333333,0.15254237288135597,10,-5
720575940622267370,right,L3,48,0.4444444444444444,-0.7627118644067796,-7,-15
720575940622269445,right,L1,43,0.5555555555555554,0.5932203389830508,14,4
720575940622275542,right,L3,282,0.0,0.8644067796610169,13,13
720575940622329626,right,L2,676,0.2777777777777777,-0.728813559322034,-8,-13
720575940622338428,right,L3,585,0.05555555555555558,-0.7966101694915254,-11,-12
720575940622342689,right,L1,357,-0.5,0.5593220338983051,4,13
720575940622351228,right,L1,464,-0.4444444444444444,-0.016949152542372836,-4,4
720575940622352972,right,L3,381,0.8333333333333333,-0.3220338983050848,3,-12
720575940622353023,right,L2,465,-0.33333333333333337,-0.016949152542372836,-3,3
720575940622384041,right,L3,296,-0.11111111111111105,-0.6271186440677966,-10,-8
720575940622390132,right,L2,791,0.11111111111111116,-0.9661016949152542,-13,-15
720575940622397940,right,L1,636,0.0,0.18644067796610164,3,3
720575940622404212,right,L1,313,-0.8333333333333333,0.0847457627118644,-6,9
720575940622411340,right,L3,595,-0.7777777777777778,-0.423728813559322,-13,1
720575940622434072,right,L2,154,0.8888888888888888,-0.016949152542372836,8,-8
720575940622437885,right,L1,390,0.6111111111111112,-0.3220338983050848,1,-10
720575940622446227,right,L1,551,0.38888888888888906,-0.3220338983050848,-1,-8
720575940622451197,right,L1,9,-0.5,0.2881355932203389,0,9
720575940622472959,right,L3,250,0.05555555555555558,0.016949152542372836,1,0
720575940622475248,right,L3,438,-0.2777777777777778,0.8983050847457628,11,16
720575940622485748,right,L3,306,-0.38888888888888895,0.22033898305084754,0,7
720575940622489727,right,L1,235,-0.5,0.35593220338983045,1,10
720575940622493769,right,L3,23,0.3333333333333335,-0.5593220338983051,-5,-11
720575940622498889,right,L3,49,-0.4444444444444444,-0.15254237288135597,-6,2
720575940622501449,right,L3,760,-0.05555555555555558,0.5593220338983051,8,9
720575940622502388,right,L3,286,0.0,-0.8305084745762712,-12,-12
720575940622503412,right,L3,788,-0.38888888888888895,0.8983050847457628,10,17
720575940622513481,right,L1,315,0.3333333333333335,-0.22033898305084743,0,-6
720575940622515839,right,L3,357,-0.5,0.5593220338983051,4,13
720575940622516556,right,L3,62,-0.05555555555555558,-1.0,-15,-14
720575940622526708,right,L3,740,-0.22222222222222232,-0.288135593220339,-6,-2
720575940622564476,right,L1,673,-0.2777777777777778,0.15254237288135597,0,5
720575940622564869,right,L1,151,0.3333333333333335,-0.4915254237288136,-4,-10
720575940622571269,right,L2,686,-0.5555555555555556,-0.7627118644067796,-16,-6
720575940622578526,right,L3,111,-0.22222222222222232,-0.8305084745762712,-14,-10
720575940622591446,right,L3,519,0.5,-0.18644067796610164,2,-7
720575940622591709,right,L3,657,0.16666666666666674,-0.864406779661017,-11,-14
720575940622599685,right,L2,615,0.7222222222222221,-0.2542372881355932,3,-10
720575940622609669,right,L1,83,-0.2777777777777778,-0.728813559322034,-13,-8
720575940622614277,right,L3,145,0.0,0.11864406779661008,2,2
720575940622638106,right,L1,196,0.11111111111111116,0.2542372881355932,5,3
720575940622641321,right,L1,499,-0.5555555555555556,0.3220338983050848,0,10
720575940622659798,right,L2,671,0.38888888888888906,-0.7966101694915254,-8,-15
720575940622672349,right,L3,486,-0.05555555555555558,0.016949152542372836,0,1
720575940622674189,right,L3,724,-0.4444444444444444,0.05084745762711873,-3,5
720575940622678742,right,L3,83,-0.2777777777777778,-0.728813559322034,-13,-8
720575940622702344,right,L3,316,-0.5555555555555556,-0.15254237288135597,-7,3
720575940622705946,right,L1,420,-0.7222222222222222,-0.11864406779661019,-8,5
720575940622715653,right,L2,445,0.22222222222222232,0.2542372881355932,6,2
720575940622728157,right,L2,535,-0.888888888888889,-0.15254237288135597,-10,6
720575940622733277,right,L3,256,-0.5555555555555556,-0.6949152542372881,-15,-5
720575940622760584,right,L1,452,-0.16666666666666674,-0.3220338983050848,-6,-3
720575940622761949,right,L3,356,0.0,0.728813559322034,11,11
720575940622762120,right,L1,465,-0.33333333333333337,-0.016949152542372836,-3,3
720575940622779998,right,L3,662,-0.2777777777777778,-0.05084745762711862,-3,2
720575940622787805,right,L2,700,-0.6111111111111112,0.4915254237288136,2,13
720575940622788702,right,L1,358,0.2777777777777777,0.5593220338983051,11,6
720575940622808745,right,L1,18,-0.5555555555555556,-0.5593220338983051,-13,-3
720575940622836521,right,L1,714,-0.5555555555555556,0.38983050847457634,1,11
720575940622837272,right,L1,529,-0.22222222222222232,-0.0847457627118644,-3,1
720575940622870004,right,L1,288,0.11111111111111116,1.0,16,14
720575940622880244,right,L2,3,-0.6666666666666667,-0.423728813559322,-12,0
720575940622892056,right,L1,19,0.7222222222222221,0.5593220338983051,15,2
720575940622892947,right,L1,447,0.11111111111111116,0.05084745762711873,2,0
720575940622939869,right,L2,335,-0.22222222222222232,0.2542372881355932,2,6
720575940622955525,right,L2,349,0.5555555555555554,-0.4915254237288136,-2,-12
720575940622963461,right,L2,565,0.0,-0.8983050847457628,-13,-13
720575940622986279,right,L1,344,0.16666666666666674,-0.5254237288135593,-6,-9
720575940622986535,right,L3,251,0.11111111111111116,-0.4915254237288136,-6,-8
720575940623007159,right,L3,604,0.6111111111111112,-0.5932203389830508,-3,-14
720575940623009050,right,L3,308,0.5555555555555554,0.2542372881355932,9,-1
720575940623057386,right,L3,575,-0.7222222222222222,0.2881355932203389,-2,11
720575940623061735,right,L1,556,0.0,0.3220338983050848,5,5
720575940623073427,right,L2,636,0.0,0.18644067796610164,3,3
720575940623075610,right,L1,103,-0.8333333333333333,0.2881355932203389,-3,12
720575940623092044,right,L1,10,-0.6111111111111112,-0.5254237288135593,-13,-2
720575940623097121,right,L3,717,-0.22222222222222232,-0.7627118644067796,-13,-9
720575940623112925,right,L2,121,0.8888888888888888,0.11864406779661008,10,-6
720575940623125577,right,L3,348,-0.33333333333333337,0.4576271186440677,4,10
720575940623125735,right,L1,614,0.22222222222222232,-0.288135593220339,-2,-6
720575940623130025,right,L2,500,-0.7777777777777778,-0.288135593220339,-11,3
720575940623137535,right,L2,98,0.11111111111111116,-0.423728813559322,-5,-7
720575940623137868,right,L1,574,0.6111111111111112,0.15254237288135597,8,-3
720575940623140755,right,L3,132,-0.22222222222222232,0.11864406779661008,0,4
720575940623142349,right,L1,627,-0.05555555555555558,-0.05084745762711862,-1,0
720575940623145959,right,L2,463,-0.6111111111111112,0.5593220338983051,3,14
720575940623159209,right,L2,438,-0.2777777777777778,0.8983050847457628,11,16
720575940623162623,right,L3,505,-0.6666666666666667,-0.7627118644067796,-17,-5
720575940623172632,right,L2,176,0.16666666666666674,0.423728813559322,8,5
720575940623173921,right,L2,689,0.22222222222222232,0.5932203389830508,11,7
720575940623214861,right,L3,58,-0.33333333333333337,0.38983050847457634,3,9
720575940623220957,right,L2,373,-0.16666666666666674,-0.728813559322034,-12,-9
720575940623227016,right,L3,121,0.8888888888888888,0.11864406779661008,10,-6
720575940623234729,right,L3,72,0.0,-0.9661016949152542,-14,-14
720575940623241727,right,L2,750,-0.4444444444444444,-0.8305084745762712,-16,-8
720575940623253068,right,L2,200,0.5555555555555554,0.38983050847457634,11,1
720575940623272035,right,L2,106,0.7222222222222221,0.35593220338983045,12,-1
720575940623275278,right,L2,388,-0.38888888888888895,0.6271186440677967,6,13
720575940623277667,right,L3,437,0.3333333333333335,0.38983050847457634,9,3
720575940623282893,right,L2,451,-0.4444444444444444,0.6610169491525424,6,14
720575940623294088,right,L3,355,0.7777777777777779,-0.22033898305084743,4,-10
720575940623297318,right,L3,615,0.7222222222222221,-0.2542372881355932,3,-10
720575940623304230,right,L1,578,-0.5,-0.38983050847457623,-10,-1
720575940623312391,right,L2,365,-0.5,0.22033898305084754,-1,8
720575940623313080,right,L1,530,0.2777777777777777,-0.4576271186440678,-4,-9
720575940623327231,right,L3,573,-0.4444444444444444,0.4576271186440677,3,11
720575940623331208,right,L3,244,0.4444444444444444,-0.423728813559322,-2,-10
720575940623347336,right,L2,595,-0.7777777777777778,-0.423728813559322,-13,1
720575940623348067,right,L2,63,-0.4444444444444444,0.38983050847457634,2,10
720575940623349128,right,L1,450,-0.2777777777777778,-0.3220338983050848,-7,-2
720575940623364988,right,L1,588,-0.11111111111111105,0.11864406779661008,1,3
720575940623375692,right,L3,514,0.4444444444444444,-0.35593220338983056,-1,-9
720575940623379592,right,L3,385,0.3333333333333335,-0.6271186440677966,-6,-12
720575940623392904,right,L3,509,0.4444444444444444,0.3220338983050848,9,1
720575940623394440,right,L1,47,0.9444444444444444,-0.05084745762711862,8,-9
720575940623403196,right,L1,680,0.05555555555555558,0.8305084745762712,13,12
720575940623428829,right,L3,620,-0.8333333333333333,0.016949152542372836,-7,8
720575940623435533,right,L1,252,-0.38888888888888895,0.7627118644067796,8,15
720575940623441151,right,L2,509,0.4444444444444444,0.3220338983050848,9,1
720575940623441373,right,L1,710,-0.5,-0.864406779661017,-17,-8
720575940623441449,right,L1,566,-0.5555555555555556,-0.288135593220339,-9,1
720575940623448614,right,L1,701,0.0,-0.15254237288135597,-2,-2
720575940623449368,right,L1,271,-0.4444444444444444,0.18644067796610164,-1,7
720575940623452307,right,L2,269,-0.2777777777777778,-0.6610169491525424,-12,-7
720575940623488477,right,L1,343,0.2777777777777777,0.8983050847457628,16,11
720575940623494438,right,L3,705,-0.16666666666666674,0.016949152542372836,-1,2
720575940623496486,right,L2,761,0.4444444444444444,-0.6271186440677966,-5,-13
720575940623511532,right,L3,624,-0.16666666666666674,-0.5932203389830508,-10,-7
720575940623521003,right,L1,749,0.16666666666666674,0.016949152542372836,2,-1
720575940623527059,right,L1,742,0.38888888888888906,0.35593220338983045,9,2
720575940623532426,right,L1,250,0.05555555555555558,0.016949152542372836,1,0
720575940623537043,right,L1,71,0.16666666666666674,-0.11864406779661019,0,-3
720575940623537373,right,L2,486,-0.05555555555555558,0.016949152542372836,0,1
720575940623543187,right,L3,294,-0.11111111111111105,-0.6949152542372881,-11,-9
720575940623549661,right,L2,730,-0.7777777777777778,-0.016949152542372836,-7,7
720575940623555780,right,L1,454,-0.5555555555555556,-0.423728813559322,-11,-1
720575940623557815,right,L3,513,0.38888888888888906,-0.4576271186440678,-3,-10
720575940623559175,right,L3,524,-0.4444444444444444,-0.6949152542372881,-14,-6
720575940623568324,right,L3,534,-0.33333333333333337,0.05084745762711873,-2,4
720575940623570141,right,L1,581,-0.38888888888888895,0.2881355932203389,1,8
720575940623578260,right,L1,396,0.11111111111111116,0.3220338983050848,6,4
720575940623583882,right,L3,169,0.0,-0.6271186440677966,-9,-9
720575940623586756,right,L3,426,0.3333333333333335,-0.016949152542372836,3,-3
720575940623589770,right,L3,258,0.38888888888888906,-0.5932203389830508,-5,-12
720575940623606040,right,L1,479,0.22222222222222232,0.3220338983050848,7,3
720575940623606296,right,L1,599,0.05555555555555558,0.2881355932203389,5,4
720575940623621414,right,L2,119,0.22222222222222232,0.18644067796610164,5,1
720575940623631850,right,L1,359,-0.2777777777777778,0.7627118644067796,9,14
720575940623637981,right,L3,51,-0.05555555555555558,-0.6610169491525424,-10,-9
720575940623638666,right,L3,20,-0.38888888888888895,-0.38983050847457623,-9,-2
720575940623650857,right,L2,345,-0.33333333333333337,-0.423728813559322,-9,-3
720575940623664664,right,L1,268,-0.7777777777777778,-0.22033898305084743,-10,4
720575940623666835,right,L3,328,-0.6111111111111112,-0.3220338983050848,-10,1
720575940623677993,right,L3,164,0.11111111111111116,-0.0847457627118644,0,-2
720575940623686792,right,L1,665,-0.7777777777777778,-0.0847457627118644,-8,6
720575940623688653,right,L1,377,-0.05555555555555558,0.22033898305084754,3,4
720575940623699946,right,L1,543,0.11111111111111116,-0.15254237288135597,-1,-3
720575940623705368,right,L2,280,0.666666666666667,-0.4915254237288136,-1,-13
720575940623791543,right,L1,624,-0.16666666666666674,-0.5932203389830508,-10,-7
720575940623799699,right,L3,690,0.7222222222222221,-0.11864406779661019,5,-8
720575940623804157,right,L3,369,-0.6111111111111112,-0.18644067796610164,-8,3
720575940623829197,right,L1,617,0.16666666666666674,-0.5932203389830508,-7,-10
720575940623830822,right,L3,688,0.7777777777777779,0.3220338983050848,12,-2
720575940623835389,right,L2,341,-0.7222222222222222,-0.5932203389830508,-15,-2
720575940623871978,right,L2,235,-0.5,0.35593220338983045,1,10
720575940623881924,right,L3,659,0.4444444444444444,-0.22033898305084743,1,-7
720575940623889642,right,L2,129,-0.05555555555555558,-0.4576271186440678,-7,-6
720575940623907533,right,L1,409,-0.05555555555555558,-0.11864406779661019,-2,-1
720575940623910919,right,L1,285,-0.6666666666666667,-0.6271186440677966,-15,-3
720575940623911448,right,L2,395,0.0,-0.7627118644067796,-11,-11
720575940623924429,right,L2,629,-0.4444444444444444,0.7966101694915255,8,16
720575940623927304,right,L1,736,0.8333333333333333,0.016949152542372836,8,-7
720575940623964969,right,L2,264,0.11111111111111116,-0.22033898305084743,-2,-4
720575940623968400,right,L2,459,-0.6111111111111112,-0.11864406779661019,-7,4
720575940623976291,right,L2,297,-0.8333333333333333,-0.3220338983050848,-12,3
720575940623990152,right,L2,414,-0.5,0.6949152542372881,6,15
720575940623993783,right,L1,50,0.16666666666666674,0.6949152542372881,12,9
720575940624002601,right,L1,179,0.5555555555555554,-0.5593220338983051,-3,-13
720575940624004095,right,L1,446,-0.22222222222222232,-0.4915254237288136,-9,-5
720575940624026762,right,L1,517,-0.7222222222222222,0.0847457627118644,-5,8
720575940624038340,right,L2,260,0.2777777777777777,0.6271186440677967,12,7
720575940624043007,right,L2,122,0.5,0.2881355932203389,9,0
720575940624052715,right,L2,576,0.0,0.9322033898305084,14,14
720575940624054310,right,L1,777,-0.6666666666666667,0.6610169491525424,4,16
720575940624080787,right,L2,431,0.22222222222222232,-0.35593220338983056,-3,-7
720575940624101117,right,L1,458,-0.5555555555555556,-0.016949152542372836,-5,5
720575940624102397,right,L1,49,-0.4444444444444444,-0.15254237288135597,-6,2
720575940624105098,right,L3,331,-0.16666666666666674,-0.5254237288135593,-9,-6
720575940624107460,right,L3,173,-0.2777777777777778,-0.864406779661017,-15,-10
720575940624109704,right,L3,462,0.11111111111111116,0.5932203389830508,10,8
720575940624115859,right,L2,682,-0.6666666666666667,-0.288135593220339,-10,2
720575940624121269,right,L3,56,-0.16666666666666674,-0.4576271186440678,-8,-5
720575940624133424,right,L1,545,-0.6111111111111112,0.35593220338983045,0,11
720575940624135704,right,L2,747,0.0,0.05084745762711873,1,1
720575940624142118,right,L3,452,-0.16666666666666674,-0.3220338983050848,-6,-3
720575940624143821,right,L2,540,0.16666666666666674,-0.3220338983050848,-3,-6
720575940624145432,right,L2,29,0.05555555555555558,-0.11864406779661019,-1,-2
720575940624155829,right,L2,574,0.6111111111111112,0.15254237288135597,8,-3
720575940624158903,right,L3,611,0.11111111111111116,-0.6271186440677966,-8,-10
720575940624160196,right,L1,276,-0.2777777777777778,0.0847457627118644,-1,4
720575940624176787,right,L2,180,-0.2777777777777778,-0.9322033898305084,-16,-11
720575940624183690,right,L1,56,-0.16666666666666674,-0.4576271186440678,-8,-5
720575940624187575,right,L2,73,-0.22222222222222232,0.05084745762711873,-1,3
720575940624194707,right,L3,233,-0.5,-0.4576271186440678,-11,-2
720575940624202739,right,L1,672,0.8333333333333333,0.35593220338983045,13,-2
720575940624208391,right,L3,219,-0.6666666666666667,-0.15254237288135597,-8,4
720575940624217323,right,L1,253,-0.5555555555555556,0.5254237288135593,3,13
720575940624218549,right,L3,167,-0.05555555555555558,-0.5932203389830508,-9,-8
720575940624222472,right,L3,222,0.3333333333333335,0.8644067796610169,16,10
720575940624225789,right,L1,620,-0.8333333333333333,0.016949152542372836,-7,8
720575940624227366,right,L2,768,-0.38888888888888895,0.15254237288135597,-1,6
720575940624229629,right,L3,138,-0.05555555555555558,0.8983050847457628,13,14
720575940624233715,right,L1,658,-0.11111111111111105,0.6610169491525424,9,11
720575940624244818,right,L1,472,-0.16666666666666674,0.8305084745762712,11,14
720575940624255671,right,L3,85,-0.4444444444444444,-0.7627118644067796,-15,-7
720575940624256999,right,L3,36,-0.6666666666666667,0.2542372881355932,-2,10
720575940624264009,right,L3,388,-0.38888888888888895,0.6271186440677967,6,13
720575940624276405,right,L3,89,-0.16666666666666674,-0.6610169491525424,-11,-8
720575940624288136,right,L2,645,0.38888888888888906,0.8983050847457628,17,10
720575940624291464,right,L3,159,-0.8333333333333333,0.22033898305084754,-4,11
720575940624293578,right,L1,751,-0.11111111111111105,0.18644067796610164,2,4
720575940624298643,right,L3,94,-0.5555555555555556,0.5932203389830508,4,14
720575940624302921,right,L2,281,1.0,0.05084745762711873,10,-8
720575940624303300,right,L2,470,-0.5,-0.3220338983050848,-9,0
720575940624314406,right,L2,598,-0.22222222222222232,-0.6271186440677966,-11,-7
720575940624334532,right,L1,176,0.16666666666666674,0.423728813559322,8,5
720575940624335880,right,L3,774,0.8888888888888888,0.18644067796610164,11,-5
720575940624364952,right,L2,658,-0.11111111111111105,0.6610169491525424,9,11
720575940624372263,right,L1,66,-0.2777777777777778,0.4915254237288136,5,10
720575940624374212,right,L3,794,-0.5555555555555556,-0.8983050847457628,-18,-8
720575940624382442,right,L2,783,0.4444444444444444,0.9322033898305084,18,10
720575940624388331,right,L3,28,-0.5555555555555556,0.18644067796610164,-2,8
720575940624391146,right,L1,571,0.0,-0.4915254237288136,-7,-7
720575940624391914,right,L1,108,0.3333333333333335,-0.423728813559322,-3,-9
720575940624414472,right,L1,546,-0.33333333333333337,0.18644067796610164,0,6
720575940624416403,right,L1,215,-0.7222222222222222,0.22033898305084754,-3,10
720575940624433300,right,L3,78,-0.22222222222222232,0.6610169491525424,8,12
720575940624446650,right,L2,168,0.05555555555555558,0.5593220338983051,9,8
720575940624446652,right,L3,22,0.05555555555555558,0.0847457627118644,2,1
720575940624459559,right,L2,554,0.9444444444444444,-0.11864406779661019,7,-10
720575940624468809,right,L2,489,0.3333333333333335,0.3220338983050848,8,2
720575940624484843,right,L1,685,0.5,-0.3220338983050848,0,-9
720575940624486909,right,L3,185,-0.2777777777777778,-0.38983050847457623,-8,-3
720575940624487108,right,L2,160,0.22222222222222232,0.6610169491525424,12,8
720575940624496969,right,L3,401,0.16666666666666674,-0.6610169491525424,-8,-11
720575940624505382,right,L2,25,0.9444444444444444,0.0847457627118644,10,-7
720575940624506293,right,L2,276,-0.2777777777777778,0.0847457627118644,-1,4
720575940624538662,right,L2,531,-0.11111111111111105,-0.016949152542372836,-1,1
720575940624561589,right,L3,128,-0.33333333333333337,-0.7627118644067796,-14,-8
720575940624585959,right,L3,368,0.4444444444444444,-0.6949152542372881,-6,-14
720575940624616486,right,L1,67,0.16666666666666674,-0.4576271186440678,-5,-8
720575940624617450,right,L1,63,-0.4444444444444444,0.38983050847457634,2,10
720575940624649452,right,L3,154,0.8888888888888888,-0.016949152542372836,8,-8
720575940624677012,right,L1,284,-0.05555555555555558,0.8305084745762712,12,13
720575940624703792,right,L1,374,-0.2777777777777778,0.423728813559322,4,9
720575940624748948,right,L3,347,0.5,-0.4576271186440678,-2,-11
720575940624765959,right,L3,502,-0.5555555555555556,0.2542372881355932,-1,9
720575940624769800,right,L1,759,-0.7777777777777778,0.4576271186440677,0,14
720575940624779959,right,L1,793,-0.888888888888889,-0.22033898305084743,-11,5
720575940624792051,right,L1,114,-0.2777777777777778,-0.4576271186440678,-9,-4
720575940624793673,right,L2,688,0.7777777777777779,0.3220338983050848,12,-2
720575940624798717,right,L2,511,-0.6111111111111112,-0.38983050847457623,-11,0
720575940624809480,right,L3,603,0.2777777777777777,-0.7966101694915254,-9,-14
720575940624815847,right,L1,424,0.3333333333333335,-0.0847457627118644,2,-4
720575940624825271,right,L1,87,-0.16666666666666674,0.35593220338983045,4,7
720575940624826343,right,L1,519,0.5,-0.18644067796610164,2,-7
720575940624835476,right,L2,412,0.6111111111111112,0.6949152542372881,16,5
720575940624863783,right,L1,724,-0.4444444444444444,0.05084745762711873,-3,5
720575940624868024,right,L2,717,-0.22222222222222232,-0.7627118644067796,-13,-9
720575940624869117,right,L1,182,-0.7777777777777778,-0.35593220338983056,-12,2
720575940624874727,right,L3,220,-0.22222222222222232,-0.22033898305084743,-5,-1
720575940624882108,right,L2,672,0.8333333333333333,0.35593220338983045,13,-2
720575940624885687,right,L1,200,0.5555555555555554,0.38983050847457634,11,1
720575940624889870,right,L2,441,-0.33333333333333337,-0.5593220338983051,-11,-5
720575940624931768,right,L1,167,-0.05555555555555558,-0.5932203389830508,-9,-8
720575940624948553,right,L1,364,-0.4444444444444444,0.11864406779661008,-2,6
720575940624952051,right,L2,202,0.05555555555555558,0.8983050847457628,14,13
720575940624957529,right,L2,718,0.5555555555555554,0.7966101694915255,17,7
720575940624958951,right,L2,308,0.5555555555555554,0.2542372881355932,9,-1
720575940624961806,right,L3,712,0.7777777777777779,0.38983050847457634,13,-1
720575940624991496,right,L2,642,0.5,-0.38983050847457623,-1,-10
720575940625021683,right,L3,474,0.2777777777777777,-0.5932203389830508,-6,-11
720575940625023475,right,L1,328,-0.6111111111111112,-0.3220338983050848,-10,1
720575940625028536,right,L3,533,0.0,-0.5593220338983051,-8,-8
720575940625032947,right,L3,406,-0.16666666666666674,-0.864406779661017,-14,-11
720575940625043856,right,L1,185,-0.2777777777777778,-0.38983050847457623,-8,-3
720575940625058568,right,L1,379,-0.38888888888888895,-0.5932203389830508,-12,-5
720575940625059336,right,L1,633,0.11111111111111116,-0.8305084745762712,-11,-13
720575940625060327,right,L2,390,0.6111111111111112,-0.3220338983050848,1,-10
720575940625061117,right,L2,669,-0.4444444444444444,-0.5593220338983051,-12,-4
720575940625062653,right,L3,264,0.11111111111111116,-0.22033898305084743,-2,-4
720575940625066423,right,L2,10,-0.6111111111111112,-0.5254237288135593,-13,-2
720575940625066935,right,L2,492,0.7777777777777779,-0.0847457627118644,6,-8
720575940625075453,right,L2,762,0.0,0.4576271186440677,7,7
720575940625101240,right,L2,527,0.4444444444444444,-0.288135593220339,0,-8
720575940625104568,right,L2,284,-0.05555555555555558,0.8305084745762712,12,13
720575940625104904,right,L3,207,-0.16666666666666674,0.9661016949152543,13,16
720575940625113068,right,L3,318,-0.5,-0.6610169491525424,-14,-5
720575940625120585,right,L2,701,0.0,-0.15254237288135597,-2,-2
720575940625139640,right,L2,197,0.0,-0.6949152542372881,-10,-10
720575940625141029,right,L2,675,0.7222222222222221,0.6271186440677967,16,3
720575940625150285,right,L2,569,-0.6666666666666667,0.18644067796610164,-3,9
720575940625161230,right,L1,205,-0.5555555555555556,-0.22033898305084743,-8,2
720575940625217294,right,L3,351,0.05555555555555558,-0.5932203389830508,-8,-9
720575940625228828,right,L3,795,-0.7222222222222222,-0.728813559322034,-17,-4
720575940625236232,right,L2,16,0.22222222222222232,-0.5593220338983051,-6,-10
720575940625258219,right,L1,275,0.8333333333333333,-0.05084745762711862,7,-8
720575940625274772,right,L2,690,0.7222222222222221,-0.11864406779661019,5,-8
720575940625282488,right,L2,298,0.5,0.15254237288135597,7,-2
720575940625293901,right,L1,433,0.0,-0.288135593220339,-4,-4
720575940625309116,right,L3,594,-0.7777777777777778,-0.5593220338983051,-15,-1
720575940625315709,right,L3,668,-0.16666666666666674,0.6271186440677967,8,11
720575940625330931,right,L1,609,0.22222222222222232,-0.016949152542372836,2,-2
720575940625337933,right,L3,68,-0.33333333333333337,0.5254237288135593,5,11
720575940625339261,right,L1,398,0.3333333333333335,0.728813559322034,14,8
720575940625347220,right,L2,54,0.38888888888888906,0.0847457627118644,5,-2
720575940625354644,right,L1,773,-0.6111111111111112,-0.6610169491525424,-15,-4
720575940625365996,right,L3,522,0.4444444444444444,-0.016949152542372836,4,-4
720575940625376660,right,L1,520,0.22222222222222232,-0.7627118644067796,-9,-13
720575940625407380,right,L1,733,0.5,-0.5932203389830508,-4,-13
720575940625408048,right,L3,693,0.2777777777777777,0.8305084745762712,15,10
720575940625442960,right,L3,731,0.6111111111111112,0.2881355932203389,10,-1
720575940625484621,right,L3,436,-0.05555555555555558,-0.5254237288135593,-8,-7
720575940625492301,right,L3,345,-0.33333333333333337,-0.423728813559322,-9,-3
720575940625514023,right,L2,616,0.2777777777777777,0.4915254237288136,10,5
720575940625527276,right,L2,239,0.666666666666667,0.18644067796610164,9,-3
720575940625539082,right,L3,414,-0.5,0.6949152542372881,6,15
720575940625539111,right,L3,491,-0.8333333333333333,-0.05084745762711862,-8,7
720575940625549292,right,L2,432,0.5,0.22033898305084754,8,-1
720575940625550996,right,L1,324,-0.33333333333333337,0.7966101694915255,9,15
720575940625585812,right,L1,486,-0.05555555555555558,0.016949152542372836,0,1
720575940625587484,right,L1,774,0.8888888888888888,0.18644067796610164,11,-5
720575940625590460,right,L2,437,0.3333333333333335,0.38983050847457634,9,3
720575940625609196,right,L2,420,-0.7222222222222222,-0.11864406779661019,-8,5
720575940625623795,right,L1,51,-0.05555555555555558,-0.6610169491525424,-10,-9
720575940625624869,right,L3,467,0.22222222222222232,-0.6949152542372881,-8,-12
720575940625625236,right,L2,782,0.5,0.8983050847457628,18,9
720575940625626092,right,L2,152,-0.38888888888888895,-0.5254237288135593,-11,-4
720575940625627372,right,L1,719,-0.16666666666666674,0.8983050847457628,12,15
720575940625650151,right,L2,223,0.22222222222222232,0.8644067796610169,15,11
720575940625652272,right,L1,146,-0.11111111111111105,-0.22033898305084743,-4,-2
720575940625696270,right,L1,369,-0.6111111111111112,-0.18644067796610164,-8,3
720575940625738544,right,L1,702,0.5,0.7627118644067796,16,7
720575940625750320,right,L1,568,0.666666666666667,-0.288135593220339,2,-10
720575940625755576,right,L2,68,-0.33333333333333337,0.5254237288135593,5,11
720575940625769037,right,L2,415,-0.6666666666666667,0.38983050847457634,0,12
720575940625798332,right,L1,392,0.38888888888888906,0.22033898305084754,7,0
720575940625803620,right,L1,353,-0.22222222222222232,0.7966101694915255,10,14
720575940625807388,right,L2,338,0.11111111111111116,-0.016949152542372836,1,-1
720575940625807859,right,L1,558,0.38888888888888906,-0.728813559322034,-7,-14
720575940625814932,right,L2,44,-0.5555555555555556,-0.35593220338983056,-10,0
720575940625822820,right,L2,413,0.16666666666666674,-0.2542372881355932,-2,-5
720575940625849232,right,L3,230,-0.2777777777777778,0.2881355932203389,2,7
720575940625858803,right,L3,210,0.666666666666667,0.2542372881355932,10,-2
720575940625864530,right,L2,720,0.5,0.6949152542372881,15,6
720575940625865008,right,L3,431,0.22222222222222232,-0.35593220338983056,-3,-7
720575940625897404,right,L2,736,0.8333333333333333,0.016949152542372836,8,-7
720575940625919928,right,L1,660,-0.22222222222222232,0.9322033898305084,12,16
720575940625933901,right,L1,509,0.4444444444444444,0.3220338983050848,9,1
720575940625955646,right,L3,71,0.16666666666666674,-0.11864406779661019,0,-3
720575940625968016,right,L1,552,-0.5,-0.05084745762711862,-5,4
720575940625969712,right,L2,149,-0.6666666666666667,-0.4915254237288136,-13,-1
720575940625971642,right,L3,201,0.8333333333333333,0.2881355932203389,12,-3
720575940625972668,right,L3,569,-0.6666666666666667,0.18644067796610164,-3,9
720575940625973692,right,L1,783,0.4444444444444444,0.9322033898305084,18,10
720575940625987256,right,L2,319,0.16666666666666674,0.15254237288135597,4,1
720575940625992496,right,L3,563,-0.6111111111111112,-0.4576271186440678,-12,-1
720575940626003600,right,L2,634,0.2777777777777777,-0.5254237288135593,-5,-10
720575940626005136,right,L3,168,0.05555555555555558,0.5593220338983051,9,8
720575940626009893,right,L3,728,-0.7777777777777778,0.38983050847457634,-1,13
720575940626014734,right,L2,360,0.5,0.6271186440677967,14,5
720575940626023568,right,L2,42,0.11111111111111116,0.4576271186440677,8,6
720575940626024122,right,L3,99,-0.5,0.4915254237288136,3,12
720575940626024496,right,L2,549,-0.05555555555555558,-0.3220338983050848,-5,-4
720575940626035789,right,L3,492,0.7777777777777779,-0.0847457627118644,6,-8
720575940626081724,right,L3,200,0.5555555555555554,0.38983050847457634,11,1
720575940626091597,right,L2,754,0.05555555555555558,-0.4576271186440678,-6,-7
720575940626095504,right,L2,219,-0.6666666666666667,-0.15254237288135597,-8,4
720575940626097296,right,L2,532,0.8333333333333333,0.22033898305084754,11,-4
720575940626136862,right,L3,447,0.11111111111111116,0.05084745762711873,2,0
720575940626141221,right,L2,134,0.5555555555555554,-0.6271186440677966,-4,-14
720575940626150448,right,L1,39,0.0,0.6610169491525424,10,10
720575940626172035,right,L2,348,-0.33333333333333337,0.4576271186440677,4,10
720575940626197434,right,L2,27,-0.05555555555555558,-0.864406779661017,-13,-12
720575940626250954,right,L2,135,0.3333333333333335,-0.7627118644067796,-8,-14
720575940626281790,right,L1,732,0.3333333333333335,0.18644067796610164,6,0
720575940626299710,right,L2,712,0.7777777777777779,0.38983050847457634,13,-1
720575940626345293,right,L3,757,0.0,-0.22033898305084743,-3,-3
720575940626348350,right,L3,598,-0.22222222222222232,-0.6271186440677966,-11,-7
720575940626353916,right,L1,172,-0.11111111111111105,0.728813559322034,10,12
720575940626356557,right,L2,253,-0.5555555555555556,0.5254237288135593,3,13
720575940626376188,right,L3,102,-0.38888888888888895,0.423728813559322,3,10
720575940626380365,right,L2,1,0.6111111111111112,0.423728813559322,12,1
720575940626380730,right,L3,584,-0.5,0.7627118644067796,7,16
720575940626387044,right,L3,701,0.0,-0.15254237288135597,-2,-2
720575940626417485,right,L2,450,-0.2777777777777778,-0.3220338983050848,-7,-2
720575940626427847,right,L3,419,0.2777777777777777,-0.38983050847457623,-3,-8
720575940626428615,right,L3,16,0.22222222222222232,-0.5593220338983051,-6,-10
720575940626470146,right,L1,230,-0.2777777777777778,0.2881355932203389,2,7
720575940626545158,right,L2,99,-0.5,0.4915254237288136,3,12
720575940626546992,right,L3,370,0.2777777777777777,0.6949152542372881,13,8
720575940626564426,right,L2,279,0.4444444444444444,0.2542372881355932,8,0
720575940626578521,right,L2,307,-0.6111111111111112,-0.864406779661017,-18,-7
720575940626588700,right,L3,773,-0.6111111111111112,-0.6610169491525424,-15,-4
720575940626591490,right,L2,266,0.05555555555555558,-0.864406779661017,-12,-13
720575940626595530,right,L2,461,-0.8333333333333333,-0.18644067796610164,-10,5
720575940626613178,right,L3,679,-0.4444444444444444,0.5932203389830508,5,13
720575940626630658,right,L3,157,0.05555555555555558,-0.2542372881355932,-3,-4
720575940626651338,right,L1,406,-0.16666666666666674,-0.864406779661017,-14,-11
720575940626652874,right,L1,505,-0.6666666666666667,-0.7627118644067796,-17,-5
720575940626661168,right,L1,70,0.38888888888888906,0.6949152542372881,14,7
720575940626672906,right,L3,101,0.7777777777777779,0.18644067796610164,10,-4
720575940626683834,right,L1,325,-0.6111111111111112,0.016949152542372836,-5,6
720575940626690704,right,L3,270,-0.11111111111111105,-0.288135593220339,-5,-3
720575940626691984,right,L1,98,0.11111111111111116,-0.423728813559322,-5,-7
720575940626706576,right,L1,666,-0.8333333333333333,-0.4576271186440678,-14,1
720575940626709029,right,L1,33,-0.33333333333333337,0.5932203389830508,6,12
720575940626726704,right,L2,60,0.8888888888888888,0.2542372881355932,12,-4
720575940626733699,right,L1,270,-0.11111111111111105,-0.288135593220339,-5,-3
720575940626763210,right,L2,630,-0.4444444444444444,0.2542372881355932,0,8
720575940626764746,right,L2,271,-0.4444444444444444,0.18644067796610164,-1,7
720575940626769957,right,L2,76,0.3333333333333335,-0.15254237288135597,1,-5
720575940626784152,right,L3,427,-0.5555555555555556,-0.6271186440677966,-14,-4
720575940626784304,right,L2,56,-0.16666666666666674,-0.4576271186440678,-8,-5
720575940626784560,right,L2,66,-0.2777777777777778,0.4915254237288136,5,10
720575940626788144,right,L3,274,-0.6666666666666667,0.11864406779661008,-4,8
720575940626796377,right,L2,226,-0.6111111111111112,0.6271186440677967,4,15
720575940626805604,right,L3,38,0.0,-0.0847457627118644,-1,-1
720575940626812560,right,L2,519,0.5,-0.18644067796610164,2,-7
720575940626813072,right,L2,520,0.22222222222222232,-0.7627118644067796,-9,-13
720575940626813328,right,L2,96,-0.11111111111111105,-0.35593220338983056,-6,-4
720575940626814782,right,L1,592,-0.33333333333333337,-0.9661016949152542,-17,-11
720575940626820964,right,L1,233,-0.5,-0.4576271186440678,-11,-2
720575940626822960,right,L3,416,-0.33333333333333337,-0.288135593220339,-7,-1
720575940626833957,right,L1,590,-0.16666666666666674,0.2881355932203389,3,6
720575940626837379,right,L2,20,-0.38888888888888895,-0.38983050847457623,-9,-2
720575940626843236,right,L2,334,-0.11111111111111105,-0.8983050847457628,-14,-12
720575940626856336,right,L3,313,-0.8333333333333333,0.0847457627118644,-6,9
720575940626863229,right,L3,130,-0.22222222222222232,0.38983050847457634,4,8
720575940626880144,right,L2,221,0.7222222222222221,0.0847457627118644,8,-5
720575940626886544,right,L2,367,0.6111111111111112,-0.5254237288135593,-2,-13
720575940626912787,right,L3,762,0.0,0.4576271186440677,7,7
720575940626914960,right,L3,647,0.38888888888888906,-0.2542372881355932,0,-7
720575940626915715,right,L3,232,0.38888888888888906,0.423728813559322,10,3
720575940626919623,right,L3,366,0.5555555555555554,-0.6949152542372881,-5,-15
720575940626919882,right,L1,113,0.22222222222222232,0.11864406779661008,4,0
720575940626922302,right,L1,597,-0.5,0.016949152542372836,-4,5
720575940626925754,right,L1,366,0.5555555555555554,-0.6949152542372881,-5,-15
720575940626932682,right,L1,448,0.0,1.0,15,15
720575940626934141,right,L3,252,-0.38888888888888895,0.7627118644067796,8,15
720575940626948185,right,L3,735,-0.16666666666666674,-0.7966101694915254,-13,-10
720575940626950181,right,L2,723,0.16666666666666674,-0.38983050847457623,-4,-7
720575940626967448,right,L1,567,0.22222222222222232,0.728813559322034,13,9
720575940626974297,right,L1,263,0.3333333333333335,0.11864406779661008,5,-1
720575940626974986,right,L3,472,-0.16666666666666674,0.8305084745762712,11,14
720575940626985554,right,L3,239,0.666666666666667,0.18644067796610164,9,-3
720575940626993338,right,L1,158,-0.38888888888888895,-0.18644067796610164,-6,1
720575940626997434,right,L2,262,-0.16666666666666674,-0.38983050847457623,-7,-4
720575940626997604,right,L2,582,0.05555555555555558,0.7627118644067796,12,11
720575940627013406,right,L1,754,0.05555555555555558,-0.4576271186440678,-6,-7
720575940627019326,right,L3,319,0.16666666666666674,0.15254237288135597,4,1
720575940627026705,right,L1,203,-0.38888888888888895,-0.05084745762711862,-4,3
720575940627035932,right,L2,52,0.11111111111111116,-0.7627118644067796,-10,-12
720575940627039006,right,L1,651,0.38888888888888906,-0.18644067796610164,1,-6
720575940627055749,right,L3,631,-0.11111111111111105,0.8644067796610169,12,14
720575940627063448,right,L3,761,0.4444444444444444,-0.6271186440677966,-5,-13
720575940627084132,right,L1,575,-0.7222222222222222,0.2881355932203389,-2,11
720575940627095378,right,L1,579,0.3333333333333335,-0.35593220338983056,-2,-8
720575940627097290,right,L2,4,0.5,-0.728813559322034,-6,-15
720575940627099179,right,L2,58,-0.33333333333333337,0.38983050847457634,3,9
720575940627107605,right,L1,600,-0.33333333333333337,-0.35593220338983056,-8,-2
720575940627126458,right,L1,539,0.6111111111111112,0.4915254237288136,13,2
720575940627131710,right,L2,580,0.16666666666666674,-0.7966101694915254,-10,-13
720575940627143098,right,L1,109,-0.5,-0.18644067796610164,-7,2
720575940627160339,right,L3,281,1.0,0.05084745762711873,10,-8
720575940627166564,right,L2,102,-0.38888888888888895,0.423728813559322,3,10
720575940627176222,right,L3,743,-0.7222222222222222,-0.6610169491525424,-16,-3
720575940627179786,right,L3,133,0.3333333333333335,0.6610169491525424,13,7
720575940627197194,right,L1,391,-0.5,-0.11864406779661019,-6,3
720575940627201380,right,L3,667,-0.11111111111111105,-0.9661016949152542,-15,-13
720575940627203843,right,L1,418,0.16666666666666674,0.4915254237288136,9,6
720575940627206915,right,L3,310,-0.22222222222222232,0.728813559322034,9,13
720575940627210810,right,L3,781,0.5555555555555554,0.8644067796610169,18,8
720575940627211292,right,L2,26,-0.16666666666666674,-0.11864406779661019,-3,0
720575940627220099,right,L3,714,-0.5555555555555556,0.38983050847457634,1,11
720575940627241747,right,L1,12,0.7222222222222221,0.2881355932203389,11,-2
720575940627244165,right,L1,716,-0.4444444444444444,-0.22033898305084743,-7,1
720575940627265176,right,L2,704,0.7777777777777779,0.2542372881355932,11,-3
720575940627285147,right,L1,626,0.5555555555555554,-0.288135593220339,1,-9
720575940627290686,right,L2,305,0.7777777777777779,0.11864406779661008,9,-5
720575940627291198,right,L2,35,-0.11111111111111105,-0.8305084745762712,-13,-11
720575940627291291,right,L2,116,0.11111111111111116,-0.288135593220339,-3,-5
720575940627303524,right,L2,424,0.3333333333333335,-0.0847457627118644,2,-4
720575940627304841,right,L2,716,-0.4444444444444444,-0.22033898305084743,-7,1
720575940627309394,right,L1,382,-0.33333333333333337,-0.22033898305084743,-6,0
720575940627311491,right,L1,246,0.38888888888888906,0.4915254237288136,11,4
720575940627317002,right,L3,716,-0.4444444444444444,-0.22033898305084743,-7,1
720575940627318794,right,L3,175,0.6111111111111112,-0.2542372881355932,2,-9
720575940627322122,right,L1,443,0.666666666666667,0.11864406779661008,8,-4
720575940627326978,right,L2,738,0.2777777777777777,0.423728813559322,9,4
720575940627328018,right,L3,395,0.0,-0.7627118644067796,-11,-11
720575940627334525,right,L3,742,0.38888888888888906,0.35593220338983045,9,2
720575940627335549,right,L2,587,-0.4444444444444444,0.728813559322034,7,15
720575940627363870,right,L2,314,0.9444444444444444,0.15254237288135597,11,-6
720575940627370302,right,L2,343,0.2777777777777777,0.8983050847457628,16,11
720575940627383044,right,L2,727,-0.7777777777777778,0.18644067796610164,-4,10
720575940627384709,right,L3,27,-0.05555555555555558,-0.864406779661017,-13,-12
720575940627401561,right,L3,57,-0.7222222222222222,-0.38983050847457623,-12,1
720575940627402633,right,L1,540,0.16666666666666674,-0.3220338983050848,-3,-6
720575940627406930,right,L3,586,-0.22222222222222232,0.5932203389830508,7,11
720575940627416339,right,L2,637,-0.38888888888888895,-0.728813559322034,-14,-7
720575940627416552,right,L3,338,0.11111111111111116,-0.016949152542372836,1,-1
720575940627423251,right,L1,503,-0.38888888888888895,0.5593220338983051,5,12
720575940627459642,right,L2,112,0.6111111111111112,0.016949152542372836,6,-5
720575940627464329,right,L3,73,-0.22222222222222232,0.05084745762711873,-1,3
720575940627468821,right,L2,309,0.666666666666667,0.38983050847457634,12,0
720575940627477050,right,L3,86,0.5,-0.2542372881355932,1,-8
720575940627485461,right,L2,191,0.05555555555555558,-0.38983050847457623,-5,-6
720575940627489874,right,L1,655,-0.7222222222222222,-0.05084745762711862,-7,6
720575940627504015,right,L2,108,0.3333333333333335,-0.423728813559322,-3,-9
720575940627505241,right,L1,119,0.22222222222222232,0.18644067796610164,5,1
720575940627511177,right,L2,521,-0.7222222222222222,-0.3220338983050848,-11,2
720575940627518227,right,L2,183,0.5,-0.5254237288135593,-3,-12
720575940627533854,right,L1,603,0.2777777777777777,-0.7966101694915254,-9,-14
720575940627544658,right,L3,199,0.0,-0.423728813559322,-6,-6
720575940627556690,right,L2,79,-0.2777777777777778,0.016949152542372836,-2,3
720575940627572099,right,L2,472,-0.16666666666666674,0.8305084745762712,11,14
720575940627577105,right,L3,389,0.666666666666667,-0.5593220338983051,-2,-14
720575940627601753,right,L1,287,0.5,0.423728813559322,11,2
720575940627633384,right,L1,239,0.666666666666667,0.18644067796610164,9,-3
720575940627633412,right,L1,493,0.2777777777777777,0.7627118644067796,14,9
720575940627648019,right,L1,527,0.4444444444444444,-0.288135593220339,0,-8
720575940627662138,right,L3,98,0.11111111111111116,-0.423728813559322,-5,-7
720575940627685397,right,L3,324,-0.33333333333333337,0.7966101694915255,9,15
720575940627686226,right,L2,659,0.4444444444444444,-0.22033898305084743,1,-7
720575940627686942,right,L1,44,-0.5555555555555556,-0.35593220338983056,-10,0
720575940627707529,right,L1,762,0.0,0.4576271186440677,7,7
720575940627715764,right,L2,746,0.2777777777777777,0.0847457627118644,4,-1
720575940627731837,right,L1,258,0.38888888888888906,-0.5932203389830508,-5,-12
720575940627737481,right,L1,738,0.2777777777777777,0.423728813559322,9,4
720575940627743400,right,L1,138,-0.05555555555555558,0.8983050847457628,13,14
720575940627746393,right,L3,193,0.5555555555555554,0.11864406779661008,7,-3
720575940627747082,right,L2,772,-0.11111111111111105,0.38983050847457634,5,7
720575940627775253,right,L1,534,-0.33333333333333337,0.05084745762711873,-2,4
720575940627781272,right,L2,104,0.05555555555555558,-0.9322033898305084,-13,-14
720575940627785605,right,L3,352,0.22222222222222232,0.9322033898305084,16,12
720575940627786769,right,L2,257,-0.2777777777777778,0.6949152542372881,8,13
720575940627818001,right,L2,220,-0.22222222222222232,-0.22033898305084743,-5,-1
720575940627819338,right,L1,84,0.22222222222222232,0.38983050847457634,8,4
720575940627823381,right,L3,261,0.05555555555555558,0.423728813559322,7,6
720575940627828746,right,L2,651,0.38888888888888906,-0.18644067796610164,1,-6
720575940627830801,right,L2,633,0.11111111111111116,-0.8305084745762712,-11,-13
720575940627832263,right,L3,353,-0.22222222222222232,0.7966101694915255,10,14
720575940627832392,right,L3,736,0.8333333333333333,0.016949152542372836,8,-7
720575940627838024,right,L1,562,0.5555555555555554,-0.0847457627118644,4,-6
720575940627846404,right,L3,649,0.05555555555555558,0.15254237288135597,3,2
720575940627848841,right,L1,692,0.4444444444444444,0.7966101694915255,16,8
720575940627855000,right,L3,178,-0.2777777777777778,0.35593220338983045,3,8
720575940627856200,right,L1,345,-0.33333333333333337,-0.423728813559322,-9,-3
720575940627857278,right,L2,24,0.11111111111111116,-0.35593220338983056,-4,-6
720575940627870345,right,L3,254,-0.33333333333333337,-0.8305084745762712,-15,-9
720575940627905566,right,L3,429,0.22222222222222232,0.4576271186440677,9,5
720575940627935058,right,L3,358,0.2777777777777777,0.5593220338983051,11,6
720575940627937301,right,L3,342,-0.2777777777777778,-0.5254237288135593,-10,-5
720575940627942675,right,L2,293,-0.5,-0.5932203389830508,-13,-4
720575940627966218,right,L3,528,-0.2777777777777778,0.22033898305084754,1,6
720575940627966333,right,L3,532,0.8333333333333333,0.22033898305084754,11,-4
720575940627973754,right,L2,317,0.5555555555555554,-0.15254237288135597,3,-7
720575940627979909,right,L3,551,0.38888888888888906,-0.3220338983050848,-1,-8
720575940627997592,right,L3,152,-0.38888888888888895,-0.5254237288135593,-11,-4
720575940627998739,right,L1,134,0.5555555555555554,-0.6271186440677966,-4,-14
720575940628001149,right,L2,471,-0.33333333333333337,-0.8983050847457628,-16,-10
720575940628001352,right,L2,342,-0.2777777777777778,-0.5254237288135593,-10,-5
720575940628014991,right,L2,100,-0.22222222222222232,-0.35593220338983056,-7,-3
720575940628018565,right,L1,13,0.11111111111111116,-0.8983050847457628,-12,-14
720575940628032082,right,L2,548,-0.11111111111111105,-0.5593220338983051,-9,-7
720575940628034058,right,L2,224,-0.05555555555555558,0.15254237288135597,2,3
720575940628037257,right,L1,82,0.7222222222222221,0.22033898305084754,10,-3
720575940628044154,right,L3,110,0.7777777777777779,-0.016949152542372836,7,-7
720575940628058440,right,L3,361,-0.05555555555555558,-0.2542372881355932,-4,-3
720575940628068546,right,L3,566,-0.5555555555555556,-0.288135593220339,-9,1
720575940628077640,right,L3,640,0.11111111111111116,-0.5593220338983051,-7,-9
720575940628082793,right,L3,203,-0.38888888888888895,-0.05084745762711862,-4,3
720575940628084873,right,L3,246,0.38888888888888906,0.4915254237288136,11,4
720575940628086149,right,L2,161,-0.4444444444444444,-0.4915254237288136,-11,-3
720575940628090387,right,L1,635,-0.6666666666666667,-0.22033898305084743,-9,3
720575940628099154,right,L1,342,-0.2777777777777778,-0.5254237288135593,-10,-5
720575940628113655,right,L2,163,0.9444444444444444,0.22033898305084754,12,-5
720575940628116392,right,L2,652,0.6111111111111112,-0.38983050847457623,0,-11
720575940628118440,right,L1,604,0.6111111111111112,-0.5932203389830508,-3,-14
720575940628128649,right,L3,263,0.3333333333333335,0.11864406779661008,5,-1
720575940628134021,right,L2,502,-0.5555555555555556,0.2542372881355932,-1,9
720575940628136714,right,L2,296,-0.11111111111111105,-0.6271186440677966,-10,-8
720575940628140565,right,L2,2,0.8888888888888888,0.05084745762711873,9,-7
720575940628148873,right,L1,265,0.6111111111111112,-0.05084745762711862,5,-6
720575940628153914,right,L2,225,-0.22222222222222232,-0.8983050847457628,-15,-11
720575940628160004,right,L2,242,0.4444444444444444,0.18644067796610164,7,-1
720575940628167305,right,L3,458,-0.5555555555555556,-0.016949152542372836,-5,5
720575940628171407,right,L1,218,-0.22222222222222232,0.3220338983050848,3,7
720575940628173394,right,L1,694,-0.5,0.0847457627118644,-3,6
720575940628179196,right,L3,195,0.2777777777777777,-0.05084745762711862,2,-3
720575940628187450,right,L1,669,-0.4444444444444444,-0.5593220338983051,-12,-4
720575940628208384,right,L1,723,0.16666666666666674,-0.38983050847457623,-4,-7
720575940628215378,right,L3,746,0.2777777777777777,0.0847457627118644,4,-1
720575940628220682,right,L2,115,0.4444444444444444,0.05084745762711873,5,-3
720575940628223802,right,L2,770,-0.5555555555555556,0.11864406779661008,-3,7
720575940628226310,right,L3,26,-0.16666666666666674,-0.11864406779661019,-3,0
720575940628229509,right,L1,587,-0.4444444444444444,0.728813559322034,7,15
720575940628230135,right,L2,222,0.3333333333333335,0.8644067796610169,16,10
720575940628238824,right,L2,310,-0.22222222222222232,0.728813559322034,9,13
720575940628246088,right,L3,372,-0.11111111111111105,-0.0847457627118644,-2,0
720575940628258833,right,L3,103,-0.8333333333333333,0.2881355932203389,-3,12
720575940628260368,right,L3,21,0.16666666666666674,0.6271186440677967,11,8
720575940628262738,right,L2,479,0.22222222222222232,0.3220338983050848,7,3
720575940628279183,right,L1,72,0.0,-0.9661016949152542,-14,-14
720575940628279610,right,L1,229,-0.5555555555555556,0.05084745762711873,-4,6
720575940628284426,right,L2,733,0.5,-0.5932203389830508,-4,-13
720575940628289413,right,L3,300,-0.4444444444444444,-0.6271186440677966,-13,-5
720575940628302735,right,L1,400,-0.16666666666666674,-1.0,-16,-13
720575940628310794,right,L2,214,0.5,0.0847457627118644,6,-3
720575940628311098,right,L1,128,-0.33333333333333337,-0.7627118644067796,-14,-8
720575940628316945,right,L1,104,0.05555555555555558,-0.9322033898305084,-13,-14
720575940628323461,right,L3,378,0.3333333333333335,0.5932203389830508,12,6
720575940628323856,right,L3,653,0.666666666666667,-0.423728813559322,0,-12
720575940628324112,right,L3,349,0.5555555555555554,-0.4915254237288136,-2,-12
720575940628343685,right,L2,606,0.05555555555555558,-0.6610169491525424,-9,-10
720575940628345733,right,L2,270,-0.11111111111111105,-0.288135593220339,-5,-3
720575940628363602,right,L2,513,0.38888888888888906,-0.4576271186440678,-3,-10
720575940628399121,right,L2,318,-0.5,-0.6610169491525424,-14,-5
720575940628400149,right,L1,25,0.9444444444444444,0.0847457627118644,10,-7
720575940628402258,right,L2,363,-0.7777777777777778,-0.15254237288135597,-9,5
720575940628410792,right,L1,254,-0.33333333333333337,-0.8305084745762712,-15,-9
720575940628426408,right,L1,743,-0.7222222222222222,-0.6610169491525424,-16,-3
720575940628430248,right,L1,373,-0.16666666666666674,-0.728813559322034,-12,-9
720575940628453448,right,L1,85,-0.4444444444444444,-0.7627118644067796,-15,-7
720575940628454728,right,L1,640,0.11111111111111116,-0.5593220338983051,-7,-9
720575940628460548,right,L3,126,-0.38888888888888895,0.35593220338983045,2,9
720575940628460785,right,L3,30,-0.6666666666666667,0.5254237288135593,2,14
720575940628480840,right,L1,584,-0.5,0.7627118644067796,7,16
720575940628486761,right,L3,81,-0.6666666666666667,-0.0847457627118644,-7,5
720575940628519665,right,L1,165,-0.4444444444444444,0.5254237288135593,4,12
720575940628533351,right,L3,483,-0.2777777777777778,-0.2542372881355932,-6,-1
720575940628534549,right,L3,501,-0.11111111111111105,0.05084745762711873,0,2
720575940628535083,right,L3,450,-0.2777777777777778,-0.3220338983050848,-7,-2
720575940628546759,right,L1,383,0.6111111111111112,0.35593220338983045,11,0
720575940628552520,right,L2,89,-0.16666666666666674,-0.6610169491525424,-11,-8
720575940628558084,right,L1,354,0.22222222222222232,-0.8983050847457628,-11,-15
720575940628566858,right,L3,525,0.11111111111111116,-0.6949152542372881,-9,-11
720575940628575631,right,L3,694,-0.5,0.0847457627118644,-3,6
720575940628582888,right,L1,610,-0.2777777777777778,-0.7966101694915254,-14,-9
720575940628586728,right,L1,524,-0.4444444444444444,-0.6949152542372881,-14,-6
720575940628593384,right,L1,256,-0.5555555555555556,-0.6949152542372881,-15,-5
720575940628594408,right,L1,269,-0.2777777777777778,-0.6610169491525424,-12,-7
720575940628594664,right,L1,197,0.0,-0.6949152542372881,-10,-10
720575940628597135,right,L3,183,0.5,-0.5254237288135593,-3,-12
720575940628606026,right,L2,775,-0.5555555555555556,0.728813559322034,6,16
720575940628616209,right,L1,613,0.8888888888888888,-0.15254237288135597,6,-10
720575940628627456,right,L3,597,-0.5,0.016949152542372836,-4,5
720575940628630248,right,L1,48,0.4444444444444444,-0.7627118644067796,-7,-15
720575940628635409,right,L2,741,0.22222222222222232,-0.4915254237288136,-5,-9
720575940628642759,right,L2,324,-0.33333333333333337,0.7966101694915255,9,15
720575940628644507,right,L2,543,0.11111111111111116,-0.15254237288135597,-1,-3
720575940628656401,right,L2,175,0.6111111111111112,-0.2542372881355932,2,-9
720575940628661135,right,L3,259,0.7222222222222221,-0.18644067796610164,4,-9
720575940628661391,right,L3,66,-0.2777777777777778,0.4915254237288136,5,10
720575940628661647,right,L2,454,-0.5555555555555556,-0.423728813559322,-11,-1
720575940628679400,right,L1,327,-0.6111111111111112,0.0847457627118644,-4,7
720575940628680977,right,L1,407,0.5555555555555554,-0.35593220338983056,0,-10
720575940628686864,right,L1,591,-0.38888888888888895,-0.11864406779661019,-5,2
720575940628691655,right,L1,415,-0.6666666666666667,0.38983050847457634,0,12
720575940628695751,right,L1,741,0.22222222222222232,-0.4915254237288136,-5,-9
720575940628703720,right,L1,281,1.0,0.05084745762711873,10,-8
720575940628709894,right,L3,778,-0.5,0.8305084745762712,8,17
720575940628710933,right,L3,1,0.6111111111111112,0.423728813559322,12,1
720575940628741638,right,L2,48,0.4444444444444444,-0.7627118644067796,-7,-15
720575940628742396,right,L2,217,-0.7222222222222222,0.4915254237288136,1,14
720575940628742662,right,L2,244,0.4444444444444444,-0.423728813559322,-2,-10
720575940628753640,right,L1,704,0.7777777777777779,0.2542372881355932,11,-3
720575940628760848,right,L3,645,0.38888888888888906,0.8983050847457628,17,10
720575940628769768,right,L1,112,0.6111111111111112,0.016949152542372836,6,-5
720575940628770472,right,L2,585,0.05555555555555558,-0.7966101694915254,-11,-12
720575940628782185,right,L2,734,-0.22222222222222232,-0.016949152542372836,-2,2
720575940628806824,right,L1,628,0.0,-0.016949152542372836,0,0
720575940628819459,right,L3,354,0.22222222222222232,-0.8983050847457628,-11,-15
720575940628855595,right,L1,310,-0.22222222222222232,0.728813559322034,9,13
720575940628859408,right,L1,435,-0.6111111111111112,-0.5932203389830508,-14,-3
720575940628870782,right,L3,317,0.5555555555555554,-0.15254237288135597,3,-7
720575940628880646,right,L2,607,-0.11111111111111105,0.5932203389830508,8,10
720575940628884606,right,L2,195,0.2777777777777777,-0.05084745762711862,2,-3
720575940628885251,right,L2,759,-0.7777777777777778,0.4576271186440677,0,14
720575940628885547,right,L1,607,-0.11111111111111105,0.5932203389830508,8,10
720575940628893937,right,L1,5,0.11111111111111116,0.5254237288135593,9,7
720575940628912683,right,L1,679,-0.4444444444444444,0.5932203389830508,5,13
720575940628915688,right,L2,739,0.7777777777777779,0.05084745762711873,8,-6
720575940628920316,right,L3,732,0.3333333333333335,0.18644067796610164,6,0
720575940628936747,right,L1,294,-0.11111111111111105,-0.6949152542372881,-11,-9
720575940628964849,right,L3,299,0.4444444444444444,0.38983050847457634,10,2
720575940628968444,right,L1,729,0.2777777777777777,0.9661016949152543,17,12
720575940628975690,right,L2,193,0.5555555555555554,0.11864406779661008,7,-3
720575940628994054,right,L2,306,-0.38888888888888895,0.22033898305084754,0,7
720575940629009155,right,L3,226,-0.6111111111111112,0.6271186440677967,4,15
720575940629010356,right,L2,250,0.05555555555555558,0.016949152542372836,1,0
720575940629019398,right,L3,453,-0.38888888888888895,0.8305084745762712,9,16
720575940629022972,right,L2,426,0.3333333333333335,-0.016949152542372836,3,-3
720575940629023228,right,L2,397,0.2777777777777777,-0.6610169491525424,-7,-12
720575940629023740,right,L2,369,-0.6111111111111112,-0.18644067796610164,-8,3
720575940629033003,right,L2,273,0.6111111111111112,0.7627118644067796,17,6
720575940629037355,right,L2,184,0.6111111111111112,-0.18644067796610164,3,-8
720575940629039100,right,L1,476,0.05555555555555558,0.4915254237288136,8,7
720575940629051651,right,L2,82,0.7222222222222221,0.22033898305084754,10,-3
720575940629064188,right,L3,644,0.666666666666667,0.5932203389830508,15,3
720575940629070747,right,L3,375,0.6111111111111112,0.22033898305084754,9,-2
720575940629099719,right,L2,92,-0.05555555555555558,0.2881355932203389,4,5
720575940629125084,right,L2,410,0.22222222222222232,-0.0847457627118644,1,-3
720575940629149015,right,L2,476,0.05555555555555558,0.4915254237288136,8,7
720575940629153623,right,L1,410,0.22222222222222232,-0.0847457627118644,1,-3
720575940629154310,right,L2,218,-0.22222222222222232,0.3220338983050848,3,7
720575940629176875,right,L1,769,-0.5,-0.9322033898305084,-18,-9
720575940629182055,right,L2,332,-0.4444444444444444,-0.8983050847457628,-17,-9
720575940629222087,right,L2,618,0.11111111111111116,0.7966101694915255,13,11
720575940629270778,right,L3,745,-0.05555555555555558,0.423728813559322,6,7
720575940629278726,right,L1,302,-0.2777777777777778,0.5593220338983051,6,11
720575940629280617,right,L2,13,0.11111111111111116,-0.8983050847457628,-12,-14
720575940629290256,right,L2,302,-0.2777777777777778,0.5593220338983051,6,11
720575940629350730,right,L2,316,-0.5555555555555556,-0.15254237288135597,-7,3
720575940629357415,right,L3,184,0.6111111111111112,-0.18644067796610164,3,-8
720575940629367114,right,L2,31,0.0,0.5254237288135593,8,8
720575940629379834,right,L3,601,-0.11111111111111105,0.5254237288135593,7,9
720575940629396841,right,L2,661,0.3333333333333335,0.4576271186440677,10,4
720575940629401930,right,L2,313,-0.8333333333333333,0.0847457627118644,-6,9
720575940629426475,right,L3,425,-0.33333333333333337,0.6610169491525424,7,13
720575940629436519,right,L3,681,0.16666666666666674,-0.728813559322034,-9,-12
720575940629466983,right,L2,626,0.5555555555555554,-0.288135593220339,1,-9
720575940629500521,right,L1,110,0.7777777777777779,-0.016949152542372836,7,-7
720575940629507279,right,L1,99,-0.5,0.4915254237288136,3,12
720575940629531639,right,L1,152,-0.38888888888888895,-0.5254237288135593,-11,-4
720575940629535217,right,L3,80,-0.5,0.423728813559322,2,11
720575940629579851,right,L3,520,0.22222222222222232,-0.7627118644067796,-9,-13
720575940629588752,right,L2,744,0.38888888888888906,0.8305084745762712,16,9
720575940629649411,right,L1,91,0.11111111111111116,0.18644067796610164,4,2
720575940629681411,right,L2,213,-0.33333333333333337,-0.15254237288135597,-5,1
720575940629703015,right,L1,186,0.11111111111111116,0.8644067796610169,14,12
720575940629706343,right,L2,553,0.3333333333333335,0.5254237288135593,11,5
720575940629723006,right,L1,2,0.8888888888888888,0.05084745762711873,9,-7
720575940629755774,right,L1,144,-0.8333333333333333,-0.38983050847457623,-13,2
720575940629775863,right,L1,455,-0.8333333333333333,-0.2542372881355932,-11,4
720575940629790506,right,L1,430,0.2777777777777777,-0.2542372881355932,-1,-6
720575940629861419,right,L2,327,-0.6111111111111112,0.0847457627118644,-4,7
720575940629867599,right,L1,337,0.5555555555555554,-0.22033898305084743,2,-8
720575940629869059,right,L3,424,0.3333333333333335,-0.0847457627118644,2,-4
720575940629871063,right,L3,733,0.5,-0.5932203389830508,-4,-13
720575940629871319,right,L1,273,0.6111111111111112,0.7627118644067796,17,6
720575940629873018,right,L2,328,-0.6111111111111112,-0.3220338983050848,-10,1
720575940629888043,right,L1,210,0.666666666666667,0.2542372881355932,10,-2
720575940629899307,right,L3,47,0.9444444444444444,-0.05084745762711862,8,-9
720575940629902608,right,L2,780,0.6111111111111112,0.8305084745762712,18,7
720575940629916176,right,L2,781,0.5555555555555554,0.8644067796610169,18,8
720575940629916571,right,L3,448,0.0,1.0,15,15
720575940629929039,right,L3,84,0.22222222222222232,0.38983050847457634,8,4
720575940629936027,right,L1,630,-0.4444444444444444,0.2542372881355932,0,8
720575940629937516,right,L3,562,0.5555555555555554,-0.0847457627118644,4,-6
720575940629966848,right,L2,212,-0.22222222222222232,-0.5593220338983051,-10,-6
720575940629972076,right,L1,117,0.8888888888888888,-0.0847457627118644,7,-9
720575940629973698,right,L3,521,-0.7222222222222222,-0.3220338983050848,-11,2
720575940629980163,right,L2,46,0.5,0.4915254237288136,12,3
720575940629995087,right,L1,461,-0.8333333333333333,-0.18644067796610164,-10,5
720575940629995308,right,L1,221,0.7222222222222221,0.0847457627118644,8,-5
720575940629995386,right,L2,148,0.7222222222222221,-0.38983050847457623,1,-12
720575940629998071,right,L1,187,-0.38888888888888895,0.6949152542372881,7,14
720575940630015055,right,L2,232,0.38888888888888906,0.423728813559322,10,3
720575940630024464,right,L3,768,-0.38888888888888895,0.15254237288135597,-1,6
720575940630037751,right,L2,95,-0.5,-0.728813559322034,-15,-6
720575940630042679,right,L1,181,-0.11111111111111105,-0.15254237288135597,-3,-1
720575940630049947,right,L2,118,-0.38888888888888895,0.016949152542372836,-3,4
720575940630061467,right,L2,352,0.22222222222222232,0.9322033898305084,16,12
720575940630065720,right,L2,32,0.0,0.38983050847457634,6,6
720575940630066176,right,L3,641,0.8333333333333333,-0.18644067796610164,5,-10
720575940630089115,right,L1,572,0.8333333333333333,0.0847457627118644,9,-6
720575940630100839,right,L3,227,0.7222222222222221,0.15254237288135597,9,-4
720575940630115454,right,L2,779,-0.5555555555555556,0.7966101694915255,7,17
720575940630123351,right,L2,749,0.16666666666666674,0.016949152542372836,2,-1
720575940630131706,right,L3,139,-0.11111111111111105,-0.4915254237288136,-8,-6
720575940630154999,right,L3,191,0.05555555555555558,-0.38983050847457623,-5,-6
720575940630159611,right,L2,544,-0.38888888888888895,-0.4576271186440678,-10,-3
720575940630186907,right,L1,422,0.7777777777777779,-0.15254237288135597,5,-9
720575940630195559,right,L2,619,0.38888888888888906,-0.6610169491525424,-6,-13
720575940630204286,right,L3,671,0.38888888888888906,-0.7966101694915254,-8,-15
720575940630210092,right,L2,23,0.3333333333333335,-0.5593220338983051,-5,-11
720575940630213120,right,L2,346,0.7222222222222221,-0.3220338983050848,2,-11
720575940630218358,right,L3,114,-0.2777777777777778,-0.4576271186440678,-9,-4
720575940630228327,right,L2,401,0.16666666666666674,-0.6610169491525424,-8,-11
720575940630229095,right,L2,790,0.16666666666666674,-0.9322033898305084,-12,-15
720575940630243252,right,L3,91,0.11111111111111116,0.18644067796610164,4,2
720575940630243626,right,L1,439,0.2777777777777777,-0.3220338983050848,-2,-7
720575940630252764,right,L1,758,-0.6111111111111112,-0.05084745762711862,-6,5
720575940630281078,right,L2,646,-0.7222222222222222,0.5593220338983051,2,15
720575940630295034,right,L3,646,-0.7222222222222222,0.5593220338983051,2,15
720575940630299855,right,L3,556,0.0,0.3220338983050848,5,5
720575940630314839,right,L1,431,0.22222222222222232,-0.35593220338983056,-3,-7
720575940630323834,right,L2,379,-0.38888888888888895,-0.5932203389830508,-12,-5
720575940630422466,right,L1,184,0.6111111111111112,-0.18644067796610164,3,-8
720575940630434048,right,L3,131,0.666666666666667,0.6610169491525424,16,4
720575940630470348,right,L3,41,0.3333333333333335,0.9322033898305084,17,11
720575940630498942,right,L1,42,0.11111111111111116,0.4576271186440677,8,6
720575940630499319,right,L3,398,0.3333333333333335,0.728813559322034,14,8
720575940630503639,right,L3,346,0.7222222222222221,-0.3220338983050848,2,-11
720575940630516862,right,L3,561,-0.6111111111111112,0.22033898305084754,-2,9
720575940630516983,right,L2,680,0.05555555555555558,0.8305084745762712,13,12
720575940630539511,right,L1,280,0.666666666666667,-0.4915254237288136,-1,-13
720575940630540023,right,L1,148,0.7222222222222221,-0.38983050847457623,1,-12
720575940630545274,right,L2,374,-0.2777777777777778,0.423728813559322,4,9
720575940630545367,right,L3,682,-0.6666666666666667,-0.288135593220339,-10,2
720575940630591084,right,L1,394,0.7777777777777779,-0.288135593220339,3,-11
720575940630610302,right,L1,106,0.7222222222222221,0.35593220338983045,12,-1
720575940630627706,right,L3,739,0.7777777777777779,0.05084745762711873,8,-6
720575940630637050,right,L2,452,-0.16666666666666674,-0.3220338983050848,-6,-3
720575940630681538,right,L1,794,-0.5555555555555556,-0.8983050847457628,-18,-8
720575940630700281,right,L2,710,-0.5,-0.864406779661017,-17,-8
720575940630702585,right,L1,312,-0.5,-0.2542372881355932,-8,1
720575940630706681,right,L1,542,-0.7222222222222222,-0.4576271186440678,-13,0
720575940630710009,right,L1,506,-0.11111111111111105,-0.423728813559322,-7,-5
720575940630712190,right,L1,594,-0.7777777777777778,-0.5593220338983051,-15,-1
720575940630726108,right,L1,402,-0.33333333333333337,0.8644067796610169,10,16
720575940630733330,right,L1,662,-0.2777777777777778,-0.05084745762711862,-3,2
720575940630746220,right,L3,508,0.5,0.35593220338983045,10,1
720575940630747452,right,L1,531,-0.11111111111111105,-0.016949152542372836,-1,1
720575940630784055,right,L1,38,0.0,-0.0847457627118644,-1,-1
720575940630785730,right,L1,563,-0.6111111111111112,-0.4576271186440678,-12,-1
720575940630805778,right,L2,403,0.22222222222222232,-0.423728813559322,-4,-8
720575940630820879,right,L1,500,-0.7777777777777778,-0.288135593220339,-11,3
720575940630862843,right,L2,216,-0.2777777777777778,0.6271186440677967,7,12
720575940630863104,right,L2,588,-0.11111111111111105,0.11864406779661008,1,3
720575940630866681,right,L2,593,-0.33333333333333337,-0.4915254237288136,-10,-4
720575940630873548,right,L2,146,-0.11111111111111105,-0.22033898305084743,-4,-2
720575940630925911,right,L2,323,0.7222222222222221,-0.4576271186440678,0,-13
720575940630938668,right,L3,769,-0.5,-0.9322033898305084,-18,-9
720575940630959704,right,L1,388,-0.38888888888888895,0.6271186440677967,6,13
720575940630964540,right,L2,758,-0.6111111111111112,-0.05084745762711862,-6,5
720575940630975313,right,L3,393,0.11111111111111116,0.728813559322034,12,10
720575940630983767,right,L3,165,-0.4444444444444444,0.5254237288135593,4,12
720575940630986496,right,L1,670,-0.6111111111111112,0.15254237288135597,-3,8
720575940630986959,right,L1,740,-0.22222222222222232,-0.288135593220339,-6,-2
720575940630987991,right,L2,110,0.7777777777777779,-0.016949152542372836,7,-7
720575940630998359,right,L3,451,-0.4444444444444444,0.6610169491525424,6,14
720575940631007488,right,L1,467,0.22222222222222232,-0.6949152542372881,-8,-12
720575940631019607,right,L1,589,0.05555555555555558,-0.18644067796610164,-2,-3
720575940631022807,right,L1,55,0.38888888888888906,-0.38983050847457623,-2,-9
720575940631085783,right,L2,660,-0.22222222222222232,0.9322033898305084,12,16
720575940631086636,right,L1,340,0.38888888888888906,0.5593220338983051,12,5
720575940631095095,right,L3,280,0.666666666666667,-0.4915254237288136,-1,-13
720575940631095552,right,L2,321,-0.888888888888889,0.11864406779661008,-6,10
720575940631113815,right,L1,641,0.8333333333333333,-0.18644067796610164,5,-10
720575940631121152,right,L1,629,-0.4444444444444444,0.7966101694915255,8,16
720575940631124224,right,L2,33,-0.33333333333333337,0.5932203389830508,6,12
720575940631124729,right,L2,474,0.2777777777777777,-0.5932203389830508,-6,-11
720575940631130850,right,L3,634,0.2777777777777777,-0.5254237288135593,-5,-10
720575940631144143,right,L3,269,-0.2777777777777778,-0.6610169491525424,-12,-7
720575940631151324,right,L2,21,0.16666666666666674,0.6271186440677967,11,8
720575940631152492,right,L2,268,-0.7777777777777778,-0.22033898305084743,-10,4
720575940631156781,right,L1,192,-0.7777777777777778,0.3220338983050848,-2,12
720575940631201142,right,L1,395,0.0,-0.7627118644067796,-11,-11
720575940631206967,right,L3,108,0.3333333333333335,-0.423728813559322,-3,-9
720575940631211382,right,L1,171,-0.6666666666666667,-0.6949152542372881,-16,-4
720575940631235692,right,L2,481,-0.4444444444444444,-0.288135593220339,-8,0
720575940631261911,right,L1,555,0.38888888888888906,0.2881355932203389,8,1
720575940631268140,right,L1,306,-0.38888888888888895,0.22033898305084754,0,7
720575940631269963,right,L1,384,0.666666666666667,-0.0847457627118644,5,-7
720575940631278031,right,L1,616,0.2777777777777777,0.4915254237288136,10,5
720575940631279119,right,L1,247,0.38888888888888906,-0.5254237288135593,-4,-11
720575940631298809,right,L1,111,-0.22222222222222232,-0.8305084745762712,-14,-10
720575940631300664,right,L1,532,0.8333333333333333,0.22033898305084754,11,-4
720575940631307769,right,L1,331,-0.16666666666666674,-0.5254237288135593,-9,-6
720575940631324175,right,L3,570,-0.2777777777777778,0.8305084745762712,10,15
720575940631325497,right,L3,691,1.0,0.11864406779661008,11,-7
720575940631339535,right,L1,554,0.9444444444444444,-0.11864406779661019,7,-10
720575940631378959,right,L3,626,0.5555555555555554,-0.288135593220339,1,-9
720575940631388534,right,L2,143,0.4444444444444444,0.5254237288135593,12,4
720575940631393554,right,L3,464,-0.4444444444444444,-0.016949152542372836,-4,4
720575940631403023,right,L3,698,-0.7222222222222222,-0.2542372881355932,-10,3
720575940631431439,right,L2,238,0.8333333333333333,-0.11864406779661019,6,-9
720575940631433027,right,L3,176,0.16666666666666674,0.423728813559322,8,5
720575940631433167,right,L1,37,-0.16666666666666674,0.15254237288135597,1,4
720575940631463528,right,L2,478,0.7777777777777779,0.5254237288135593,15,1
720575940631467001,right,L3,572,0.8333333333333333,0.0847457627118644,9,-6
720575940631477315,right,L3,456,-0.05555555555555558,0.6949152542372881,10,11
720575940631499562,right,L3,275,0.8333333333333333,-0.05084745762711862,7,-8
720575940631507275,right,L2,140,-0.33333333333333337,0.2542372881355932,1,7
720575940631509753,right,L3,208,-0.6111111111111112,-0.728813559322034,-16,-5
720575940631550539,right,L3,44,-0.5555555555555556,-0.35593220338983056,-10,0
720575940631553111,right,L1,411,0.5,-0.6610169491525424,-5,-14
720575940631564306,right,L2,514,0.4444444444444444,-0.35593220338983056,-1,-9
720575940631565817,right,L1,595,-0.7777777777777778,-0.423728813559322,-13,1
720575940631570007,right,L3,213,-0.33333333333333337,-0.15254237288135597,-5,1
720575940631599311,right,L3,4,0.5,-0.728813559322034,-6,-15
720575940631602447,right,L3,642,0.5,-0.38983050847457623,-1,-10
720575940631613743,right,L2,113,0.22222222222222232,0.11864406779661008,4,0
720575940631639627,right,L3,751,-0.11111111111111105,0.18644067796610164,2,4
720575940631647063,right,L2,501,-0.11111111111111105,0.05084745762711873,0,2
720575940631712331,right,L3,402,-0.33333333333333337,0.8644067796610169,10,16
720575940631718819,right,L2,320,0.16666666666666674,-0.18644067796610164,-1,-4
720575940631730402,right,L1,289,0.05555555555555558,0.35593220338983045,6,5
720575940631735121,right,L1,69,-0.11111111111111105,0.2542372881355932,3,5
720575940631757624,right,L1,94,-0.5555555555555556,0.5932203389830508,4,14
720575940631787577,right,L1,15,-0.2777777777777778,-0.11864406779661019,-4,1
720575940631796175,right,L1,161,-0.4444444444444444,-0.4915254237288136,-11,-3
720575940631836503,right,L2,796,-0.4444444444444444,0.8644067796610169,9,17
720575940631839140,right,L1,21,0.16666666666666674,0.6271186440677967,11,8
720575940631840824,right,L1,212,-0.22222222222222232,-0.5593220338983051,-10,-6
720575940631841080,right,L2,241,-0.2777777777777778,-0.5932203389830508,-11,-6
720575940631869738,right,L1,637,-0.38888888888888895,-0.728813559322034,-14,-7
720575940631869783,right,L3,692,0.4444444444444444,0.7966101694915255,16,8
720575940631885895,right,L3,511,-0.6111111111111112,-0.38983050847457623,-11,0
720575940631894815,right,L1,122,0.5,0.2881355932203389,9,0
720575940631955653,right,L1,786,0.22222222222222232,1.0,17,13
720575940631966777,right,L1,683,-0.22222222222222232,0.18644067796610164,1,5
720575940631969099,right,L2,428,0.16666666666666674,0.7627118644067796,13,10
720575940631990826,right,L1,667,-0.11111111111111105,-0.9661016949152542,-15,-13
720575940632003640,right,L1,404,0.11111111111111116,0.6610169491525424,11,9
720575940632005674,right,L1,765,0.2777777777777777,0.2881355932203389,7,2
720575940632029241,right,L3,124,-0.16666666666666674,-0.2542372881355932,-5,-2
720575940632054546,right,L1,471,-0.33333333333333337,-0.8983050847457628,-16,-10
720575940632060946,right,L1,423,-0.33333333333333337,-0.6271186440677966,-12,-6
720575940632065231,right,L3,341,-0.7222222222222222,-0.5932203389830508,-15,-2
720575940632072296,right,L2,77,-0.2777777777777778,-0.18644067796610164,-5,0
720575940632084239,right,L1,367,0.6111111111111112,-0.5254237288135593,-2,-13
720575940632087367,right,L2,480,-0.38888888888888895,-0.6610169491525424,-13,-6
720575940632162883,right,L2,169,0.0,-0.6271186440677966,-9,-9
720575940632172113,right,L3,367,0.6111111111111112,-0.5254237288135593,-2,-13
720575940632178316,right,L3,390,0.6111111111111112,-0.3220338983050848,1,-10
720575940632183115,right,L1,705,-0.16666666666666674,0.016949152542372836,-1,2
720575940632187407,right,L1,262,-0.16666666666666674,-0.38983050847457623,-7,-4
720575940632229930,right,L3,307,-0.6111111111111112,-0.864406779661017,-18,-7
720575940632256081,right,L1,621,-0.11111111111111105,0.7966101694915255,11,13
720575940632260623,right,L1,133,0.3333333333333335,0.6610169491525424,13,7
720575940632281359,right,L1,97,0.5555555555555554,0.05084745762711873,6,-4
720575940632304146,right,L1,120,0.05555555555555558,-0.05084745762711862,0,-1
720575940632306706,right,L2,188,0.5,0.5593220338983051,13,4
720575940632306962,right,L3,651,0.38888888888888906,-0.18644067796610164,1,-6
720575940632315467,right,L2,275,0.8333333333333333,-0.05084745762711862,7,-8
720575940632334127,right,L3,376,0.7777777777777779,-0.35593220338983056,2,-12
720575940632350994,right,L2,331,-0.16666666666666674,-0.5254237288135593,-9,-6
720575940632362809,right,L1,380,0.05555555555555558,0.9661016949152543,15,14
720575940632397327,right,L3,387,0.05555555555555558,-0.5254237288135593,-7,-8
720575940632400971,right,L3,400,-0.16666666666666674,-1.0,-16,-13
720575940632408847,right,L1,207,-0.16666666666666674,0.9661016949152543,13,16
720575940632409903,right,L3,549,-0.05555555555555558,-0.3220338983050848,-5,-4
720575940632414226,right,L1,304,-0.7222222222222222,0.15254237288135597,-4,9
720575940632433100,right,L3,105,-0.33333333333333337,0.728813559322034,8,14
720575940632448616,right,L2,632,-0.33333333333333337,-0.6949152542372881,-13,-7
720575940632452456,right,L1,173,-0.2777777777777778,-0.864406779661017,-15,-10
720575940632452626,right,L3,119,0.22222222222222232,0.18644067796610164,5,1
720575940632454969,right,L2,756,-0.5555555555555556,0.6610169491525424,5,15
720575940632455272,right,L1,141,-0.6111111111111112,-0.7966101694915254,-17,-6
720575940632456463,right,L2,596,0.4444444444444444,-0.5593220338983051,-4,-12
720575940632457320,right,L1,318,-0.5,-0.6610169491525424,-14,-5
720575940632485457,right,L2,356,0.0,0.728813559322034,11,11
720575940632489645,right,L3,792,-0.888888888888889,0.05084745762711873,-7,9
720575940632494184,right,L2,151,0.3333333333333335,-0.4915254237288136,-4,-10
720575940632495585,right,L3,490,0.5555555555555554,0.18644067796610164,8,-2
720575940632505898,right,L2,418,0.16666666666666674,0.4915254237288136,9,6
720575940632521064,right,L1,322,-0.22222222222222232,0.8644067796610169,11,15
720575940632547615,right,L3,515,0.8333333333333333,-0.2542372881355932,4,-11
720575940632587428,right,L2,123,0.8888888888888888,0.3220338983050848,13,-3
720575940632590540,right,L3,725,0.3333333333333335,-0.8305084745762712,-9,-15
720575940632640312,right,L3,96,-0.11111111111111105,-0.35593220338983056,-6,-4
720575940632654440,right,L1,7,0.666666666666667,-0.22033898305084743,3,-9
720575940632659364,right,L1,170,0.5,0.016949152542372836,5,-4
720575940632667987,right,L1,355,0.7777777777777779,-0.22033898305084743,4,-10
720575940632671336,right,L3,59,0.22222222222222232,0.05084745762711873,3,-1
720575940632680100,right,L1,73,-0.22222222222222232,0.05084745762711873,-1,3
720575940632696889,right,L1,166,0.0,0.5932203389830508,9,9
720575940632699715,right,L1,413,0.16666666666666674,-0.2542372881355932,-2,-5
720575940632700243,right,L3,106,0.7222222222222221,0.35593220338983045,12,-1
720575940632740127,right,L3,565,0.0,-0.8983050847457628,-13,-13
720575940632748883,right,L3,753,0.3333333333333335,0.7966101694915255,15,9
720575940632754060,right,L1,735,-0.16666666666666674,-0.7966101694915254,-13,-10
720575940632754488,right,L2,174,-0.5,-0.5254237288135593,-12,-3
720575940632766372,right,L2,375,0.6111111111111112,0.22033898305084754,9,-2
720575940632771757,right,L1,494,-0.05555555555555558,0.9661016949152543,14,15
720575940632777420,right,L3,578,-0.5,-0.38983050847457623,-10,-1
720575940632804664,right,L1,668,-0.16666666666666674,0.6271186440677967,8,11
720575940632811880,right,L2,292,0.4444444444444444,0.5932203389830508,13,5
720575940632815917,right,L3,442,0.5,0.8305084745762712,17,8
720575940632828068,right,L2,322,-0.22222222222222232,0.8644067796610169,11,15
720575940632871737,right,L2,497,-0.7222222222222222,0.016949152542372836,-6,7
720575940632902739,right,L3,268,-0.7777777777777778,-0.22033898305084743,-10,4
720575940632928593,right,L1,492,0.7777777777777779,-0.0847457627118644,6,-8
720575940632949218,right,L2,430,0.2777777777777777,-0.2542372881355932,-1,-6
720575940632956371,right,L2,409,-0.05555555555555558,-0.11864406779661019,-2,-1
720575940632958946,right,L3,555,0.38888888888888906,0.2881355932203389,8,1
720575940632976159,right,L1,483,-0.2777777777777778,-0.2542372881355932,-6,-1
720575940632981293,right,L3,262,-0.16666666666666674,-0.38983050847457623,-7,-4
720575940632988755,right,L2,665,-0.7777777777777778,-0.0847457627118644,-8,6
720575940632998957,right,L2,105,-0.33333333333333337,0.728813559322034,8,14
720575940633002065,right,L2,109,-0.5,-0.18644067796610164,-7,2
720575940633013807,right,L1,478,0.7777777777777779,0.5254237288135593,15,1
720575940633023202,right,L3,365,-0.5,0.22033898305084754,-1,8
720575940633026980,right,L1,223,0.22222222222222232,0.8644067796610169,15,11
720575940633042989,right,L3,754,0.05555555555555558,-0.4576271186440678,-6,-7
720575940633067079,right,L1,788,-0.38888888888888895,0.8983050847457628,10,17
720575940633084499,right,L3,629,-0.4444444444444444,0.7966101694915255,8,16
720575940633136209,right,L1,89,-0.16666666666666674,-0.6610169491525424,-11,-8
720575940633137711,right,L2,50,0.16666666666666674,0.6949152542372881,12,9
720575940633139503,right,L2,371,-0.7222222222222222,-0.18644067796610164,-9,4
720575940633162567,right,L2,648,-0.16666666666666674,0.22033898305084754,2,5
720575940633170515,right,L2,570,-0.2777777777777778,0.8305084745762712,10,15
720575940633188689,right,L1,763,0.5555555555555554,0.4576271186440677,12,2
720575940633194287,right,L1,639,0.38888888888888906,0.6271186440677967,13,6
720575940633246125,right,L2,142,0.22222222222222232,-0.6271186440677966,-7,-11
720575940633252812,right,L1,300,-0.4444444444444444,-0.6271186440677966,-13,-5
720575940633263277,right,L3,559,0.666666666666667,0.728813559322034,17,5
720575940633290321,right,L2,737,-0.05555555555555558,0.6271186440677967,9,10
720575940633296804,right,L1,553,0.3333333333333335,0.5254237288135593,11,5
720575940633306323,right,L3,493,0.2777777777777777,0.7627118644067796,14,9
720575940633313444,right,L1,644,0.666666666666667,0.5932203389830508,15,3
720575940633352100,right,L3,738,0.2777777777777777,0.423728813559322,9,4
720575940633382752,right,L3,374,-0.2777777777777778,0.423728813559322,4,9
720575940633385043,right,L3,680,0.05555555555555558,0.8305084745762712,13,12
720575940633429668,right,L2,304,-0.7222222222222222,0.15254237288135597,-4,9
720575940633437357,right,L3,189,-0.7222222222222222,0.423728813559322,0,13
720575940633440813,right,L2,436,-0.05555555555555558,-0.5254237288135593,-8,-7
720575940633441996,right,L1,96,-0.11111111111111105,-0.35593220338983056,-6,-4
720575940633448147,right,L2,523,-0.22222222222222232,0.4576271186440677,5,9
720575940633452575,right,L1,523,-0.22222222222222232,0.4576271186440677,5,9
720575940633470116,right,L3,537,-0.05555555555555558,-0.7966101694915254,-12,-11
720575940633518381,right,L1,41,0.3333333333333335,0.9322033898305084,17,11
720575940633568924,right,L1,101,0.7777777777777779,0.18644067796610164,10,-4
720575940633581516,right,L2,294,-0.11111111111111105,-0.6949152542372881,-11,-9
720575940633603680,right,L3,674,0.4444444444444444,-0.4915254237288136,-3,-11
720575940633606052,right,L2,765,0.2777777777777777,0.2881355932203389,7,2
720575940633611980,right,L2,698,-0.7222222222222222,-0.2542372881355932,-10,3
720575940633646637,right,L3,298,0.5,0.15254237288135597,7,-2
720575940633647789,right,L1,796,-0.4444444444444444,0.8644067796610169,9,17
720575940633656365,right,L3,466,-0.11111111111111105,0.4576271186440677,6,8
720575940633663917,right,L1,333,-0.05555555555555558,-0.728813559322034,-11,-10
720575940633679955,right,L2,91,0.11111111111111116,0.18644067796610164,4,2
720575940633771684,right,L1,557,-0.6666666666666667,-0.35593220338983056,-11,1
720575940633800930,right,L1,764,0.8888888888888888,-0.22033898305084743,5,-11
720575940633817569,right,L2,5,0.11111111111111116,0.5254237288135593,9,7
720575940633829933,right,L2,404,0.11111111111111116,0.6610169491525424,11,9
720575940633870125,right,L1,352,0.22222222222222232,0.9322033898305084,16,12
720575940633877293,right,L3,719,-0.16666666666666674,0.8983050847457628,12,15
720575940633892179,right,L3,759,-0.7777777777777778,0.4576271186440677,0,14
720575940633914579,right,L1,417,0.666666666666667,-0.35593220338983056,1,-11
720575940633926573,right,L3,192,-0.7777777777777778,0.3220338983050848,-2,12
720575940633989995,right,L3,245,0.5,-0.11864406779661019,3,-6
720575940633996973,right,L2,258,0.38888888888888906,-0.5932203389830508,-5,-12
720575940634024403,right,L2,714,-0.5555555555555556,0.38983050847457634,1,11
720575940634102241,right,L3,236,0.11111111111111116,0.11864406779661008,3,1
720575940634104019,right,L1,309,0.666666666666667,0.38983050847457634,12,0
720575940634132380,right,L3,446,-0.22222222222222232,-0.4915254237288136,-9,-5
720575940634161634,right,L3,576,0.0,0.9322033898305084,14,14
720575940634167833,right,L2,709,0.22222222222222232,-0.8305084745762712,-10,-14
720575940634176537,right,L3,37,-0.16666666666666674,0.15254237288135597,1,4
720575940634176668,right,L1,405,-0.33333333333333337,0.3220338983050848,2,8
720575940634178751,right,L3,749,0.16666666666666674,0.016949152542372836,2,-1
720575940634193815,right,L1,40,0.22222222222222232,-0.22033898305084743,-1,-5
720575940634199778,right,L1,468,0.2777777777777777,0.35593220338983045,8,3
720575940634203603,right,L1,541,0.4444444444444444,0.4576271186440677,11,3
720575940634217114,right,L2,136,-0.05555555555555558,0.0847457627118644,1,2
720575940634222873,right,L3,723,0.16666666666666674,-0.38983050847457623,-4,-7
720575940634238690,right,L2,150,0.8333333333333333,0.15254237288135597,10,-5
720575940634252700,right,L1,157,0.05555555555555558,-0.2542372881355932,-3,-4
720575940634267548,right,L3,428,0.16666666666666674,0.7627118644067796,13,10
720575940634270931,right,L3,156,0.9444444444444444,0.016949152542372836,9,-8
720575940634283545,right,L2,67,0.16666666666666674,-0.4576271186440678,-5,-8
720575940634322583,right,L2,132,-0.22222222222222232,0.11864406779661008,0,4
720575940634324961,right,L1,657,0.16666666666666674,-0.864406779661017,-11,-14
720575940634332697,right,L1,547,0.05555555555555558,0.6949152542372881,11,10
720575940634395618,right,L1,791,0.11111111111111116,-0.9661016949152542,-13,-15
720575940634433180,right,L2,406,-0.16666666666666674,-0.864406779661017,-14,-11
720575940634435775,right,L2,620,-0.8333333333333333,0.016949152542372836,-7,8
720575940634444439,right,L3,384,0.666666666666667,-0.0847457627118644,5,-7
720575940634490594,right,L1,335,-0.22222222222222232,0.2542372881355932,2,6
720575940634583959,right,L1,731,0.6111111111111112,0.2881355932203389,10,-1
720575940634627042,right,L3,744,0.38888888888888906,0.8305084745762712,16,9
720575940634693089,right,L2,93,0.6111111111111112,0.0847457627118644,7,-4
720575940634694496,right,L2,291,-0.7777777777777778,0.05084745762711873,-6,8
720575940634695520,right,L3,17,-0.16666666666666674,-0.18644067796610164,-4,-1
720575940634730521,right,L3,100,-0.22222222222222232,-0.35593220338983056,-7,-3
720575940634796954,right,L2,380,0.05555555555555558,0.9661016949152543,15,14
720575940634797212,right,L2,210,0.666666666666667,0.2542372881355932,10,-2
720575940634797724,right,L1,466,-0.11111111111111105,0.4576271186440677,6,8
720575940634800888,right,L3,747,0.0,0.05084745762711873,1,1
720575940634827671,right,L1,149,-0.6666666666666667,-0.4915254237288136,-13,-1
720575940634850495,right,L1,513,0.38888888888888906,-0.4576271186440678,-3,-10
720575940634880663,right,L2,256,-0.5555555555555556,-0.6949152542372881,-15,-5
720575940634900631,right,L2,427,-0.5555555555555556,-0.6271186440677966,-14,-4
720575940634924444,right,L1,564,-0.38888888888888895,-0.7966101694915254,-15,-8
720575940634949567,right,L2,604,0.6111111111111112,-0.5932203389830508,-3,-14
720575940635002137,right,L2,422,0.7777777777777779,-0.15254237288135597,5,-9
720575940635011996,right,L1,698,-0.7222222222222222,-0.2542372881355932,-10,3
720575940635037358,right,L2,657,0.16666666666666674,-0.864406779661017,-11,-14
720575940635046574,right,L3,709,0.22222222222222232,-0.8305084745762712,-10,-14
720575940635091993,right,L2,757,0.0,-0.22033898305084743,-3,-3
720575940635116313,right,L3,327,-0.6111111111111112,0.0847457627118644,-4,7
720575940635138723,right,L3,558,0.38888888888888906,-0.728813559322034,-7,-14
720575940635195804,right,L3,684,0.6111111111111112,0.5593220338983051,14,3
720575940635205783,right,L1,689,0.22222222222222232,0.5932203389830508,11,7
720575940635245212,right,L2,179,0.5555555555555554,-0.5593220338983051,-3,-13
720575940635247267,right,L3,74,0.05555555555555558,-0.3220338983050848,-4,-5
720575940635249775,right,L1,338,0.11111111111111116,-0.016949152542372836,1,-1
720575940635254367,right,L3,497,-0.7222222222222222,0.016949152542372836,-6,7
720575940635260511,right,L3,686,-0.5555555555555556,-0.7627118644067796,-16,-6
720575940635265699,right,L2,640,0.11111111111111116,-0.5593220338983051,-7,-9
720575940635270751,right,L3,209,0.3333333333333335,-0.288135593220339,-1,-7
720575940635283903,right,L3,248,0.666666666666667,-0.016949152542372836,6,-6
720575940635295083,right,L3,669,-0.4444444444444444,-0.5593220338983051,-12,-4
720575940635303319,right,L2,694,-0.5,0.0847457627118644,-3,6
720575940635314795,right,L3,371,-0.7222222222222222,-0.18644067796610164,-9,4
720575940635361375,right,L2,325,-0.6111111111111112,0.016949152542372836,-5,6
720575940635493999,right,L1,282,0.0,0.8644067796610169,13,13
720575940635530687,right,L2,234,-0.16666666666666674,0.0847457627118644,0,3
720575940635565152,right,L2,594,-0.7777777777777778,-0.5593220338983051,-15,-1
720575940635565920,right,L2,419,0.2777777777777777,-0.38983050847457623,-3,-8
720575940635567979,right,L3,97,0.5555555555555554,0.05084745762711873,6,-4
720575940635576160,right,L2,681,0.16666666666666674,-0.728813559322034,-9,-12
720575940635607220,right,L1,78,-0.22222222222222232,0.6610169491525424,8,12
720575940635637951,right,L1,761,0.4444444444444444,-0.6271186440677966,-5,-13
720575940635639743,right,L1,183,0.5,-0.5254237288135593,-3,-12
720575940635639999,right,L1,507,0.5555555555555554,-0.423728813559322,-1,-11
720575940635645279,right,L1,608,-0.11111111111111105,0.3220338983050848,4,6
720575940635653812,right,L3,564,-0.38888888888888895,-0.7966101694915254,-15,-8
720575940635674872,right,L3,506,-0.11111111111111105,-0.423728813559322,-7,-5
720575940635696120,right,L1,162,0.4444444444444444,-0.0847457627118644,3,-5
720575940635757560,right,L3,678,-0.38888888888888895,-0.2542372881355932,-7,0
720575940635789943,right,L3,9,-0.5,0.2881355932203389,0,9
720575940635803802,right,L1,143,0.4444444444444444,0.5254237288135593,12,4
720575940635819199,right,L1,533,0.0,-0.5593220338983051,-8,-8
720575940635833791,right,L2,533,0.0,-0.5593220338983051,-8,-8
720575940635862264,right,L1,438,-0.2777777777777778,0.8983050847457628,11,16
720575940635925855,right,L2,70,0.38888888888888906,0.6949152542372881,14,7
720575940635962559,right,L3,479,0.22222222222222232,0.3220338983050848,7,3
720575940636006751,right,L1,100,-0.22222222222222232,-0.35593220338983056,-7,-3
720575940636027290,right,L1,81,-0.6666666666666667,-0.0847457627118644,-7,5
720575940636065588,right,L2,703,0.2777777777777777,0.016949152542372836,3,-2
720575940636086414,right,L1,501,-0.11111111111111105,0.05084745762711873,0,2
720575940636090223,right,L3,677,-0.05555555555555558,0.35593220338983045,5,6
720575940636098923,right,L2,773,-0.6111111111111112,-0.6610169491525424,-15,-4
720575940636107615,right,L1,129,-0.05555555555555558,-0.4576271186440678,-7,-6
720575940636112747,right,L1,28,-0.5555555555555556,0.18644067796610164,-2,8
720575940636117359,right,L1,538,0.38888888888888906,0.016949152542372836,4,-3
720575940636123755,right,L2,743,-0.7222222222222222,-0.6610169491525424,-16,-3
720575940636124084,right,L1,661,0.3333333333333335,0.4576271186440677,10,4
720575940636216500,right,L2,186,0.11111111111111116,0.8644067796610169,14,12
720575940636250292,right,L2,162,0.4444444444444444,-0.0847457627118644,3,-5
720575940636273520,right,L1,371,-0.7222222222222222,-0.18644067796610164,-9,4
720575940636303728,right,L1,649,0.05555555555555558,0.15254237288135597,3,2
720575940636338283,right,L2,144,-0.8333333333333333,-0.38983050847457623,-13,2
720575940636357231,right,L2,473,0.38888888888888906,0.7627118644067796,15,8
720575940636361140,right,L1,489,0.3333333333333335,0.3220338983050848,8,2
720575940636440677,right,L3,179,0.5555555555555554,-0.5593220338983051,-3,-13
720575940636482734,right,L1,79,-0.2777777777777778,0.016949152542372836,-2,3
720575940636552184,right,L1,632,-0.33333333333333337,-0.6949152542372881,-13,-7
720575940636561838,right,L1,1,0.6111111111111112,0.423728813559322,12,1
720575940636562031,right,L2,590,-0.16666666666666674,0.2881355932203389,3,6
720575940636583269,right,L3,337,0.5555555555555554,-0.22033898305084743,2,-8
720575940636619621,right,L1,696,0.22222222222222232,0.5254237288135593,10,6
720575940636654254,right,L3,529,-0.22222222222222232,-0.0847457627118644,-3,1
720575940636656997,right,L1,191,0.05555555555555558,-0.38983050847457623,-5,-6
720575940636690094,right,L2,389,0.666666666666667,-0.5593220338983051,-2,-14
720575940636720558,right,L3,323,0.7222222222222221,-0.4576271186440678,0,-13
720575940636721775,right,L3,445,0.22222222222222232,0.2542372881355932,6,2
720575940636727726,right,L1,515,0.8333333333333333,-0.2542372881355932,4,-11
720575940636805733,right,L1,305,0.7777777777777779,0.11864406779661008,9,-5
720575940636892590,right,L1,29,0.05555555555555558,-0.11864406779661019,-1,-2
720575940636928631,right,L1,375,0.6111111111111112,0.22033898305084754,9,-2
720575940636935494,right,L3,663,0.0,0.2542372881355932,4,4
720575940636987767,right,L3,600,-0.33333333333333337,-0.35593220338983056,-8,-2
720575940636991918,right,L1,593,-0.33333333333333337,-0.4915254237288136,-10,-4
720575940637029744,right,L3,666,-0.8333333333333333,-0.4576271186440678,-14,1
720575940637046903,right,L3,95,-0.5,-0.728813559322034,-15,-6
720575940637097847,right,L2,30,-0.6666666666666667,0.5254237288135593,2,14
720575940637114743,right,L3,418,0.16666666666666674,0.4915254237288136,9,6
720575940637125495,right,L2,299,0.4444444444444444,0.38983050847457634,10,2
720575940637157232,right,L1,341,-0.7222222222222222,-0.5932203389830508,-15,-2
720575940637164151,right,L1,720,0.5,0.6949152542372881,15,6
720575940637220494,right,L2,603,0.2777777777777777,-0.7966101694915254,-9,-14
720575940637236336,right,L2,138,-0.05555555555555558,0.8983050847457628,13,14
720575940637251502,right,L3,526,0.0,-0.35593220338983056,-5,-5
720575940637260389,right,L1,174,-0.5,-0.5254237288135593,-12,-3
720575940637293943,right,L2,455,-0.8333333333333333,-0.2542372881355932,-11,4
720575940637296013,right,L2,725,0.3333333333333335,-0.8305084745762712,-9,-15
720575940637314405,right,L2,599,0.05555555555555558,0.2881355932203389,5,4
720575940637327686,right,L2,774,0.8888888888888888,0.18644067796610164,11,-5
720575940637415902,right,L2,205,-0.5555555555555556,-0.22033898305084743,-8,2
720575940637450974,right,L1,155,0.8333333333333333,0.423728813559322,14,-1
720575940637490266,right,L1,605,-0.38888888888888895,0.4915254237288136,4,11
720575940637494494,right,L3,465,-0.33333333333333337,-0.016949152542372836,-3,3
720575940637506014,right,L3,772,-0.11111111111111105,0.38983050847457634,5,7
720575940637518510,right,L1,347,0.5,-0.4576271186440678,-2,-11
720575940637533870,right,L1,537,-0.05555555555555558,-0.7966101694915254,-12,-11
720575940637545038,right,L2,674,0.4444444444444444,-0.4915254237288136,-3,-11
720575940637549486,right,L1,348,-0.33333333333333337,0.4576271186440677,4,10
720575940637583838,right,L2,229,-0.5555555555555556,0.05084745762711873,-4,6
720575940637602990,right,L1,693,0.2777777777777777,0.8305084745762712,15,10
720575940637615838,right,L3,359,-0.2777777777777778,0.7627118644067796,9,14
720575940637639908,right,L1,498,-0.6666666666666667,0.3220338983050848,-1,11
720575940637666734,right,L1,419,0.2777777777777777,-0.38983050847457623,-3,-8
720575940637748446,right,L2,133,0.3333333333333335,0.6610169491525424,13,7
720575940637755310,right,L2,107,-0.888888888888889,-0.0847457627118644,-9,7
720575940637773486,right,L1,378,0.3333333333333335,0.5932203389830508,12,6
720575940637864819,right,L2,78,-0.22222222222222232,0.6610169491525424,8,12
720575940637932400,right,L1,747,0.0,0.05084745762711873,1,1
720575940637938409,right,L1,126,-0.38888888888888895,0.35593220338983045,2,9
720575940637951551,right,L2,83,-0.2777777777777778,-0.728813559322034,-13,-8
720575940638004457,right,L1,213,-0.33333333333333337,-0.15254237288135597,-5,1
720575940638053348,right,L1,687,0.6111111111111112,-0.11864406779661019,4,-7
720575940638053744,right,L1,283,0.4444444444444444,0.11864406779661008,6,-2
720575940638054000,right,L1,293,-0.5,-0.5932203389830508,-13,-4
720575940638067782,right,L1,573,-0.4444444444444444,0.4576271186440677,3,11
720575940638099689,right,L3,19,0.7222222222222221,0.5593220338983051,15,2
720575940638136154,right,L3,135,0.3333333333333335,-0.7627118644067796,-8,-14
720575940638139738,right,L2,456,-0.05555555555555558,0.6949152542372881,10,11
720575940638197850,right,L2,172,-0.11111111111111105,0.728813559322034,10,12
720575940638254825,right,L1,456,-0.05555555555555558,0.6949152542372881,10,11
720575940638263518,right,L2,366,0.5555555555555554,-0.6949152542372881,-5,-15
720575940638334697,right,L2,353,-0.22222222222222232,0.7966101694915255,10,14
720575940638336326,right,L3,625,0.22222222222222232,0.7966101694915255,14,10
720575940638348095,right,L2,442,0.5,0.8305084745762712,17,8
720575940638398278,right,L1,199,0.0,-0.423728813559322,-6,-6
720575940638456798,right,L1,124,-0.16666666666666674,-0.2542372881355932,-5,-2
720575940638490714,right,L3,315,0.3333333333333335,-0.22033898305084743,0,-6
720575940638525150,right,L1,57,-0.7222222222222222,-0.38983050847457623,-12,1
720575940638529087,right,L2,482,-0.16666666666666674,0.5593220338983051,7,10
720575940638541278,right,L3,608,-0.11111111111111105,0.3220338983050848,4,6
720575940638570974,right,L3,293,-0.5,-0.5932203389830508,-13,-4
720575940638574662,right,L1,560,0.7777777777777779,0.4576271186440677,14,0
720575940638672454,right,L3,25,0.9444444444444444,0.0847457627118644,10,-7
720575940638682458,right,L3,471,-0.33333333333333337,-0.8983050847457628,-16,-10
720575940638707940,right,L2,446,-0.22222222222222232,-0.4915254237288136,-9,-5
720575940638721001,right,L1,653,0.666666666666667,-0.423728813559322,0,-12
720575940638737085,right,L1,88,-0.7777777777777778,0.11864406779661008,-5,9
720575940638767423,right,L1,602,-0.4444444444444444,-0.0847457627118644,-5,3
720575940638788585,right,L2,691,1.0,0.11864406779661008,11,-7
720575940638806854,right,L1,484,-0.38888888888888895,-0.3220338983050848,-8,-1
720575940638817087,right,L2,449,-0.6666666666666667,-0.5593220338983051,-14,-2
720575940638818623,right,L1,232,0.38888888888888906,0.423728813559322,10,3
720575940638842345,right,L2,721,-0.6111111111111112,0.423728813559322,1,12
720575940638914276,right,L2,137,-0.6111111111111112,-0.2542372881355932,-9,2
720575940638926938,right,L3,541,0.4444444444444444,0.4576271186440677,11,3
720575940638951002,right,L1,784,0.38888888888888906,0.9661016949152543,18,11
720575940639016051,right,L2,203,-0.38888888888888895,-0.05084745762711862,-4,3
720575940639020122,right,L2,59,0.22222222222222232,0.05084745762711873,3,-1
720575940639028058,right,L3,544,-0.38888888888888895,-0.4576271186440678,-10,-3
720575940639062350,right,L1,699,0.5555555555555554,-0.016949152542372836,5,-5
720575940639113405,right,L1,238,0.8333333333333333,-0.11864406779661019,6,-9
720575940639115608,right,L1,59,0.22222222222222232,0.05084745762711873,3,-1
720575940639182313,right,L3,557,-0.6666666666666667,-0.35593220338983056,-11,1
720575940639184701,right,L3,223,0.22222222222222232,0.8644067796610169,15,11
720575940639213631,right,L3,630,-0.4444444444444444,0.2542372881355932,0,8
720575940639234621,right,L2,347,0.5,-0.4576271186440678,-2,-11
720575940639236836,right,L2,541,0.4444444444444444,0.4576271186440677,11,3
720575940639291718,right,L3,302,-0.2777777777777778,0.5593220338983051,6,11
720575940639337781,right,L1,320,0.16666666666666674,-0.18644067796610164,-1,-4
720575940639339709,right,L1,93,0.6111111111111112,0.0847457627118644,7,-4
720575940639344693,right,L2,283,0.4444444444444444,0.11864406779661008,6,-2
720575940639378485,right,L3,485,0.2777777777777777,-0.11864406779661019,1,-4
720575940639398453,right,L3,158,-0.38888888888888895,-0.18644067796610164,-6,1
720575940639427699,right,L1,559,0.666666666666667,0.728813559322034,17,5
720575940639429190,right,L2,693,0.2777777777777777,0.8305084745762712,15,10
720575940639447741,right,L2,156,0.9444444444444444,0.016949152542372836,9,-8
720575940639453774,right,L1,485,0.2777777777777777,-0.11864406779661019,1,-4
720575940639473280,right,L2,45,0.5,-0.05084745762711862,4,-5
720575940639579206,right,L1,462,0.11111111111111116,0.5932203389830508,10,8
720575940639616189,right,L2,251,0.11111111111111116,-0.4915254237288136,-6,-8
720575940639636046,right,L1,386,0.6111111111111112,0.6271186440677967,15,4
720575940639648334,right,L2,766,-0.22222222222222232,-0.15254237288135597,-4,0
720575940639655997,right,L1,634,0.2777777777777777,-0.5254237288135593,-5,-10
720575940639675480,right,L1,652,0.6111111111111112,-0.38983050847457623,0,-11
720575940639720637,right,L2,483,-0.2777777777777778,-0.2542372881355932,-6,-1
720575940639824499,right,L2,611,0.11111111111111116,-0.6271186440677966,-8,-10
720575940639828339,right,L1,569,-0.6666666666666667,0.18644067796610164,-3,9
720575940639847795,right,L2,130,-0.22222222222222232,0.38983050847457634,4,8
720575940639886755,right,L2,201,0.8333333333333333,0.2881355932203389,12,-3
720575940639895203,right,L3,320,0.16666666666666674,-0.18644067796610164,-1,-4
720575940640038333,right,L1,261,0.05555555555555558,0.423728813559322,7,6
720575940640073806,right,L2,464,-0.4444444444444444,-0.016949152542372836,-4,4
720575940640108120,right,L2,563,-0.6111111111111112,-0.4576271186440678,-12,-1
720575940640134077,right,L2,439,0.2777777777777777,-0.3220338983050848,-2,-7
720575940640139598,right,L2,286,0.0,-0.8305084745762712,-12,-12
720575940640144768,right,L1,491,-0.8333333333333333,-0.05084745762711862,-8,7
720575940640153216,right,L1,75,0.666666666666667,0.4576271186440677,13,1
720575940640162613,right,L1,771,-0.38888888888888895,-0.9322033898305084,-17,-10
720575940640202557,right,L2,628,0.0,-0.016949152542372836,0,0
720575940640211571,right,L3,560,0.7777777777777779,0.4576271186440677,14,0
720575940640218446,right,L1,474,0.2777777777777777,-0.5932203389830508,-6,-11
720575940640249934,right,L2,708,0.38888888888888906,-0.864406779661017,-9,-16
720575940640266584,right,L2,503,-0.38888888888888895,0.5593220338983051,5,12
720575940640299325,right,L1,180,-0.2777777777777778,-0.9322033898305084,-16,-11
720575940640301440,right,L2,398,0.3333333333333335,0.728813559322034,14,8
720575940640399987,right,L1,717,-0.22222222222222232,-0.7627118644067796,-13,-9
720575940640400243,right,L1,286,0.0,-0.8305084745762712,-12,-12
720575940640403827,right,L1,334,-0.11111111111111105,-0.8983050847457628,-14,-12
720575940640405667,right,L1,219,-0.6666666666666667,-0.15254237288135597,-8,4
720575940640407128,right,L1,757,0.0,-0.22033898305084743,-3,-3
720575940640408435,right,L1,14,-0.05555555555555558,-0.9322033898305084,-14,-13
720575940640409203,right,L1,726,-0.22222222222222232,-0.9661016949152542,-16,-12
720575940640411507,right,L1,525,0.11111111111111116,-0.6949152542372881,-9,-11
720575940640420771,right,L1,612,0.3333333333333335,-0.8983050847457628,-10,-16
720575940640429008,right,L3,702,0.5,0.7627118644067796,16,7
720575940640502435,right,L1,767,-0.11111111111111105,0.9322033898305084,13,15
720575940640507533,right,L2,421,0.11111111111111116,0.38983050847457634,7,5
720575940640540112,right,L3,658,-0.11111111111111105,0.6610169491525424,9,11
720575940640555635,right,L1,715,-0.4444444444444444,0.3220338983050848,1,9
720575940640609187,right,L1,227,0.7222222222222221,0.15254237288135597,9,-4
720575940640643901,right,L3,756,-0.5555555555555556,0.6610169491525424,5,15
720575940640653144,right,L3,386,0.6111111111111112,0.6271186440677967,15,4
720575940640687861,right,L1,125,-0.6111111111111112,0.2881355932203389,-1,10
720575940640863360,right,L2,74,0.05555555555555558,-0.3220338983050848,-4,-5
720575940640913571,right,L3,33,-0.33333333333333337,0.5932203389830508,6,12
720575940641045888,right,L3,457,0.16666666666666674,0.5593220338983051,10,7
720575940641169536,right,L2,571,0.0,-0.4915254237288136,-7,-7
720575940641257973,right,L3,623,-0.16666666666666674,0.423728813559322,5,8
720575940641317328,right,L2,788,-0.38888888888888895,0.8983050847457628,10,17
720575940641361360,right,L1,368,0.4444444444444444,-0.6949152542372881,-6,-14
720575940641512656,right,L1,17,-0.16666666666666674,-0.18644067796610164,-4,-1
720575940641517008,right,L1,32,0.0,0.38983050847457634,6,6
720575940641524443,right,L2,381,0.8333333333333333,-0.3220338983050848,3,-12
720575940641618896,right,L2,387,0.05555555555555558,-0.5254237288135593,-7,-8
720575940641623515,right,L1,350,-0.16666666666666674,0.4915254237288136,6,9
720575940641654480,right,L1,421,0.11111111111111116,0.38983050847457634,7,5
720575940641661429,right,L2,337,0.5555555555555554,-0.22033898305084743,2,-8
720575940641671888,right,L1,550,0.16666666666666674,0.0847457627118644,3,0
720575940641713909,right,L3,339,-0.7222222222222222,0.35593220338983045,-1,12
720575940641780621,right,L3,638,0.05555555555555558,0.22033898305084754,4,3
720575940642036187,right,L1,691,1.0,0.11864406779661008,11,-7
720575940642039693,right,L2,155,0.8333333333333333,0.423728813559322,14,-1
720575940642058971,right,L2,792,-0.888888888888889,0.05084745762711873,-7,9
720575940642079477,right,L3,660,-0.22222222222222232,0.9322033898305084,12,16
720575940642090459,right,L2,440,-0.16666666666666674,0.7627118644067796,10,13
720575940642277773,right,L3,314,0.9444444444444444,0.15254237288135597,11,-6
720575940642334965,right,L1,160,0.22222222222222232,0.6610169491525424,12,8
720575940642382477,right,L3,503,-0.38888888888888895,0.5593220338983051,5,12
720575940642385397,right,L1,295,0.16666666666666674,0.9661016949152543,16,13
720575940642421493,right,L3,151,0.3333333333333335,-0.4915254237288136,-4,-10
720575940642512603,right,L1,54,0.38888888888888906,0.0847457627118644,5,-2
720575940642551515,right,L3,475,0.38888888888888906,-0.05084745762711862,3,-4
720575940642565851,right,L1,299,0.4444444444444444,0.38983050847457634,10,2
720575940642630619,right,L1,202,0.05555555555555558,0.8983050847457628,14,13
720575940642756493,right,L2,423,-0.33333333333333337,-0.6271186440677966,-12,-6
720575940642781236,right,L1,675,0.7222222222222221,0.6271186440677967,16,3
720575940642998413,right,L2,15,-0.2777777777777778,-0.11864406779661019,-4,1
720575940643006349,right,L1,748,0.4444444444444444,0.6610169491525424,14,6
720575940643251104,right,L2,125,-0.6111111111111112,0.2881355932203389,-1,10
720575940643548468,right,L3,155,0.8333333333333333,0.423728813559322,14,-1
720575940643577198,right,L1,123,0.8888888888888888,0.3220338983050848,13,-3
720575940643642932,right,L2,261,0.05555555555555558,0.423728813559322,7,6
720575940643709344,right,L3,516,-0.7777777777777778,-0.6271186440677966,-16,-2
720575940643777844,right,L3,32,0.0,0.38983050847457634,6,6
720575940643779528,right,L2,17,-0.16666666666666674,-0.18644067796610164,-4,-1
720575940643788960,right,L1,314,0.9444444444444444,0.15254237288135597,11,-6
720575940643811488,right,L1,473,0.38888888888888906,0.7627118644067796,15,8
720575940643830984,right,L2,505,-0.6666666666666667,-0.7627118644067796,-17,-5
720575940643901344,right,L2,14,-0.05555555555555558,-0.9322033898305084,-14,-13
720575940644030920,right,L3,237,0.16666666666666674,0.8983050847457628,15,12
720575940644067232,right,L3,700,-0.6111111111111112,0.4915254237288136,2,13
720575940644150324,right,L3,685,0.5,-0.3220338983050848,0,-9
720575940644212640,right,L2,368,0.4444444444444444,-0.6949152542372881,-6,-14
720575940644276424,right,L3,552,-0.5,-0.05084745762711862,-5,4
720575940644478880,right,L3,510,0.16666666666666674,0.35593220338983045,7,4
720575940644518167,right,L2,71,0.16666666666666674,-0.11864406779661019,0,-3
720575940644552096,right,L2,493,0.2777777777777777,0.7627118644067796,14,9
720575940644555168,right,L2,196,0.11111111111111116,0.2542372881355932,5,3
720575940644714275,right,L2,602,-0.4444444444444444,-0.0847457627118644,-5,3
720575940644772900,right,L3,627,-0.05555555555555558,-0.05084745762711862,-1,0
720575940644883479,right,L1,648,-0.16666666666666674,0.22033898305084754,2,5
720575940644892360,right,L2,512,-0.6666666666666667,-0.016949152542372836,-6,6
720575940644925038,right,L1,234,-0.16666666666666674,0.0847457627118644,0,3
720575940645007895,right,L2,245,0.5,-0.11864406779661019,3,-6
720575940645060296,right,L2,488,-0.8333333333333333,0.15254237288135597,-5,10
720575940645102372,right,L2,742,0.38888888888888906,0.35593220338983045,9,2
720575940645127447,right,L3,129,-0.05555555555555558,-0.4576271186440678,-7,-6
720575940645156631,right,L3,610,-0.2777777777777778,-0.7966101694915254,-14,-9
720575940645172247,right,L2,407,0.5555555555555554,-0.35593220338983056,0,-10
720575940645329774,right,L2,64,-0.5,-0.7966101694915254,-16,-7
720575940645337454,right,L2,526,0.0,-0.35593220338983056,-5,-5
720575940645377828,right,L1,674,0.4444444444444444,-0.4915254237288136,-3,-11
720575940645381742,right,L3,423,-0.33333333333333337,-0.6271186440677966,-12,-6
720575940645401124,right,L2,656,-0.05555555555555558,-0.38983050847457623,-6,-5
720575940645437476,right,L2,159,-0.8333333333333333,0.22033898305084754,-4,11
720575940645458542,right,L1,245,0.5,-0.11864406779661019,3,-6
720575940645486103,right,L2,339,-0.7222222222222222,0.35593220338983045,-1,12
720575940645487127,right,L3,582,0.05555555555555558,0.7627118644067796,12,11
720575940645491748,right,L2,583,-0.38888888888888895,-0.864406779661017,-16,-9
720575940645569572,right,L3,279,0.4444444444444444,0.2542372881355932,8,0
720575940645578532,right,L2,37,-0.16666666666666674,0.15254237288135597,1,4
720575940645667438,right,L2,462,0.11111111111111116,0.5932203389830508,10,8
720575940645807726,right,L3,5,0.11111111111111116,0.5254237288135593,9,7
720575940645945111,right,L1,708,0.38888888888888906,-0.864406779661017,-9,-16
720575940646005539,right,L3,69,-0.11111111111111105,0.2542372881355932,3,5
720575940646073879,right,L3,221,0.7222222222222221,0.0847457627118644,8,-5
720575940646092567,right,L3,767,-0.11111111111111105,0.9322033898305084,13,15
720575940646108014,right,L3,180,-0.2777777777777778,-0.9322033898305084,-16,-11
720575940646131566,right,L1,650,0.2777777777777777,-0.864406779661017,-10,-15
720575940646305827,right,L1,139,-0.11111111111111105,-0.4915254237288136,-8,-6
720575940646547235,right,L3,79,-0.2777777777777778,0.016949152542372836,-2,3
720575940646592035,right,L2,577,-0.5555555555555556,-0.4915254237288136,-12,-2
720575940646632324,right,L3,120,0.05555555555555558,-0.05084745762711862,0,-1
720575940646916404,right,L3,276,-0.2777777777777778,0.0847457627118644,-1,4
720575940646990388,right,L3,408,0.666666666666667,-0.15254237288135597,4,-8
720575940647063428,right,L3,527,0.4444444444444444,-0.288135593220339,0,-8
720575940647104291,right,L2,38,0.0,-0.0847457627118644,-1,-1
720575940647109764,right,L1,755,-0.5,0.6271186440677967,5,14
720575940647118883,right,L1,90,0.38888888888888906,0.15254237288135597,6,-1
720575940647137844,right,L2,198,-0.6666666666666667,0.05084745762711873,-5,7
720575940647152419,right,L2,204,-0.5555555555555556,-0.0847457627118644,-6,4
720575940647188532,right,L3,461,-0.8333333333333333,-0.18644067796610164,-10,5
720575940647261987,right,L1,746,0.2777777777777777,0.0847457627118644,4,-1
720575940647354659,right,L3,708,0.38888888888888906,-0.864406779661017,-9,-16
720575940647377955,right,L2,208,-0.6111111111111112,-0.728813559322034,-16,-5
720575940647422596,right,L3,241,-0.2777777777777778,-0.5932203389830508,-11,-6
720575940647428643,right,L2,638,0.05555555555555558,0.22033898305084754,4,3
720575940647574324,right,L2,111,-0.22222222222222232,-0.8305084745762712,-14,-10
720575940647577140,right,L1,307,-0.6111111111111112,-0.864406779661017,-18,-7
720575940647580468,right,L1,351,0.05555555555555558,-0.5932203389830508,-8,-9
720575940647651892,right,L3,765,0.2777777777777777,0.2881355932203389,7,2
720575940647662388,right,L3,146,-0.11111111111111105,-0.22033898305084743,-4,-2
720575940647679028,right,L1,623,-0.16666666666666674,0.423728813559322,5,8
720575940647894068,right,L2,551,0.38888888888888906,-0.3220338983050848,-1,-8
720575940647946804,right,L2,344,0.16666666666666674,-0.5254237288135593,-6,-9
720575940648239492,right,L1,401,0.16666666666666674,-0.6610169491525424,-8,-11
720575940648240260,right,L1,606,0.05555555555555558,-0.6610169491525424,-9,-10
720575940648243076,right,L1,565,0.0,-0.8983050847457628,-13,-13
720575940648243588,right,L1,580,0.16666666666666674,-0.7966101694915254,-10,-13
720575940648480388,right,L2,769,-0.5,-0.9322033898305084,-18,-9
720575940648528772,right,L3,43,0.5555555555555554,0.5932203389830508,14,4
720575940649784185,right,L1,441,-0.33333333333333337,-0.5593220338983051,-11,-5
720575940649887609,right,L3,637,-0.38888888888888895,-0.728813559322034,-14,-7
720575940650823289,right,L3,721,-0.6111111111111112,0.423728813559322,1,12
720575940652489718,right,L3,172,-0.11111111111111105,0.728813559322034,10,12
720575940652492278,right,L3,2,0.8888888888888888,0.05084745762711873,9,-7
720575940652575222,right,L1,490,0.5555555555555554,0.18644067796610164,8,-2
720575940652603126,right,L3,55,0.38888888888888906,-0.38983050847457623,-2,-9
720575940652611062,right,L3,362,-0.22222222222222232,-0.6949152542372881,-12,-8
720575940652739062,right,L2,578,-0.5,-0.38983050847457623,-10,-1
720575940653065462,right,L1,785,0.3333333333333335,1.0,18,12
720575940653342966,right,L2,575,-0.7222222222222222,0.2881355932203389,-2,11
720575940653540513,right,L3,166,0.0,0.5932203389830508,9,9
720575940653597174,right,L1,153,-0.888888888888889,-0.016949152542372836,-8,8
720575940653734049,right,L2,572,0.8333333333333333,0.0847457627118644,9,-6
720575940654732193,right,L1,718,0.5555555555555554,0.7966101694915255,17,7
720575940654764961,right,L3,329,0.0,0.7966101694915255,12,12
720575940654887329,right,L3,82,0.7222222222222221,0.22033898305084754,10,-3
720575940654966945,right,L1,209,0.3333333333333335,-0.288135593220339,-1,-7
720575940655214241,right,L2,507,0.5555555555555554,-0.423728813559322,-1,-11
720575940655593889,right,L2,609,0.22222222222222232,-0.016949152542372836,2,-2
720575940655612833,right,L3,147,-0.16666666666666674,0.6949152542372881,9,12
720575940655871393,right,L2,705,-0.16666666666666674,0.016949152542372836,-1,2
720575940655977889,right,L3,14,-0.05555555555555558,-0.9322033898305084,-14,-13
720575940656012193,right,L3,267,0.666666666666667,0.05084745762711873,7,-5
720575940656058785,right,L1,389,0.666666666666667,-0.5593220338983051,-2,-14
720575940658842497,right,L1,381,0.8333333333333333,-0.3220338983050848,3,-12
720575940659743105,right,L2,784,0.38888888888888906,0.9661016949152543,18,11
720575940660107649,right,L3,212,-0.22222222222222232,-0.5593220338983051,-10,-6
720575940660133249,right,L3,741,0.22222222222222232,-0.4915254237288136,-5,-9
720575940660156545,right,L1,105,-0.33333333333333337,0.728813559322034,8,14
720575940660306305,right,L3,632,-0.33333333333333337,-0.6949152542372881,-13,-7
720575940660346241,right,L3,439,0.2777777777777777,-0.3220338983050848,-2,-7
720575940660372609,right,L2,55,0.38888888888888906,-0.38983050847457623,-2,-9
720575940660377729,right,L3,454,-0.5555555555555556,-0.423728813559322,-11,-1
720575940660952449,right,L2,485,0.2777777777777777,-0.11864406779661019,1,-4
720575940661118593,right,L3,287,0.5,0.423728813559322,11,2
720575940661120385,right,L1,442,0.5,0.8305084745762712,17,8
