root_id,hemisphere,type,column_id,x,y,p,q
95970,left,L1,490,-0.555555556,0.18644067796610164,8,-2
95971,left,L3,357,0.5,0.5593220338983051,4,13
95972,left,L3,343,-0.277777778,0.8983050847457628,16,11
95973,left,L1,223,-0.222222222,0.8644067796610169,15,11
95974,left,L2,313,0.8333333333333333,0.084745763,-6,9
95975,left,L1,353,0.22222222222222232,0.7966101694915255,10,14
95976,left,L2,80,0.5,0.423728814,2,11
95977,left,L3,263,-0.333333333,0.11864406779661008,5,-1
95978,left,L2,188,-0.5,0.5593220338983051,13,4
95979,left,L2,26,0.16666666666666674,-0.118644068,-3,0
95980,left,L3,289,-0.055555556,0.35593220338983045,6,5
95981,left,L2,159,0.8333333333333333,0.22033898305084754,-4,11
95982,left,L3,762,0,0.4576271186440677,7,7
95983,left,L1,327,0.6111111111111112,0.084745763,-4,7
95984,left,L2,122,-0.5,0.2881355932203389,9,0
95985,left,L3,94,0.5555555555555554,0.5932203389830508,4,14
95986,left,L2,284,0.055555556,0.8305084745762712,12,13
95987,left,L1,158,0.38888888888888906,-0.186440678,-6,1
95988,left,L3,639,-0.388888889,0.6271186440677967,13,6
95989,left,L3,624,0.16666666666666674,-0.593220339,-10,-7
95991,left,L3,318,0.5,-0.661016949,-14,-5
95993,left,L3,507,-0.555555556,-0.423728814,-1,-11
95995,left,L2,710,0.5,-0.86440678,-17,-8
95996,left,L2,158,0.38888888888888906,-0.186440678,-6,1
95997,left,L2,320,-0.166666667,-0.186440678,-1,-4
95998,left,L1,65,-0.111111111,0.9322033898305084,15,13
95999,left,L3,538,-0.388888889,0.016949152542372836,4,-3
96000,left,L1,227,-0.722222222,0.15254237288135597,9,-4
96001,left,L3,78,0.22222222222222232,0.6610169491525424,8,12
96002,left,L3,747,0,0.050847458,1,1
96003,left,L2,489,-0.333333333,0.3220338983050848,8,2
96004,left,L3,102,0.38888888888888906,0.423728814,3,10
96005,left,L2,211,-0.722222222,-0.050847458,6,-7
96006,left,L3,216,0.2777777777777777,0.6271186440677967,7,12
96007,left,L2,254,0.3333333333333335,-0.830508475,-15,-9
96008,left,L3,476,-0.055555556,0.4915254237288136,8,7
96009,left,L3,202,-0.055555556,0.8983050847457628,14,13
96011,left,L2,50,-0.166666667,0.6949152542372881,12,9
96012,left,L3,752,-0.166666667,0.22033898305084754,5,2
96013,left,L2,205,0.5555555555555554,-0.220338983,-8,2
96014,left,L2,596,-0.444444444,-0.559322034,-4,-12
96015,left,L1,509,-0.444444444,0.3220338983050848,9,1
96016,left,L2,330,0.38888888888888906,0.084745763,-2,5
96017,left,L3,700,0.6111111111111112,0.4915254237288136,2,13
96018,left,L3,620,0.8333333333333333,0.016949152542372836,-7,8
96019,left,L1,459,0.6111111111111112,-0.118644068,-7,4
96020,left,L1,73,0.22222222222222232,0.050847458,-1,3
96021,left,L1,552,0.5,-0.050847458,-5,4
96022,left,L3,247,-0.388888889,-0.525423729,-4,-11
96023,left,L1,596,-0.444444444,-0.559322034,-4,-12
96024,left,L1,184,-0.611111111,-0.186440678,3,-8
96025,left,L2,23,-0.333333333,-0.559322034,-5,-11
96026,left,L2,424,-0.333333333,-0.084745763,2,-4
96027,left,L1,100,0.22222222222222232,-0.355932203,-7,-3
96028,left,L1,381,0.5555555555555554,-0.898305085,-18,-8
96029,left,L1,38,0,-0.084745763,-1,-1
96030,left,L2,104,-0.055555556,-0.93220339,-13,-14
96031,left,L1,616,-0.277777778,0.4915254237288136,10,5
96032,left,L3,113,-0.222222222,0.11864406779661008,4,0
96033,left,L1,694,0.5,0.084745763,-3,6
96034,left,L3,279,-0.444444444,0.2542372881355932,8,0
96035,left,L2,755,0.5,0.6271186440677967,5,14
96036,left,L2,444,0.4444444444444444,-0.355932203,-9,-1
96037,left,L1,366,0.2777777777777777,-1,-17,-12
96038,left,L2,674,-0.444444444,-0.491525424,-3,-11
96039,left,L1,609,-0.222222222,-0.016949153,2,-2
96040,left,L3,134,-0.555555556,-0.627118644,-4,-14
96041,left,L2,764,0.8333333333333333,0.35593220338983045,-2,13
96042,left,L1,375,-0.611111111,0.22033898305084754,9,-2
96043,left,L2,6,-0.222222222,-0.152542373,0,-4
96044,left,L1,130,0.22222222222222232,0.38983050847457634,4,8
96045,left,L1,598,0.22222222222222232,-0.627118644,-11,-7
96046,left,L1,284,0.055555556,0.8305084745762712,12,13
96047,left,L2,321,0.8888888888888888,0.11864406779661008,-6,10
96049,left,L1,379,0.38888888888888906,-0.593220339,-12,-5
96051,left,L2,66,0.2777777777777777,0.4915254237288136,5,10
96053,left,L3,91,-0.111111111,0.18644067796610164,4,2
96054,left,L2,48,-0.444444444,-0.762711864,-7,-15
96055,left,L1,651,-0.388888889,-0.186440678,1,-6
96056,left,L2,585,-0.055555556,-0.796610169,-11,-12
96057,left,L2,38,0,-0.084745763,-1,-1
96058,left,L1,29,-0.055555556,-0.118644068,-1,-2
96059,left,L2,1,-0.611111111,0.423728814,12,1
96060,left,L3,660,0.22222222222222232,0.9322033898305084,12,16
96061,left,L2,116,-0.111111111,-0.288135593,-3,-5
96062,left,L1,178,0.2777777777777777,0.35593220338983045,3,8
96063,left,L1,512,0.666666667,-0.016949153,-6,6
96064,left,L1,590,0.16666666666666674,0.2881355932203389,3,6
96065,left,L1,731,-0.611111111,0.2881355932203389,10,-1
96066,left,L2,22,-0.055555556,0.084745763,2,1
96067,left,L3,15,0.2777777777777777,-0.118644068,-4,1
96068,left,L2,528,0.2777777777777777,0.22033898305084754,1,6
96069,left,L2,12,-0.722222222,0.2881355932203389,11,-2
96070,left,L3,273,-0.611111111,0.7627118644067796,17,6
96071,left,L3,353,0.22222222222222232,0.7966101694915255,10,14
96072,left,L3,651,-0.388888889,-0.186440678,1,-6
96073,left,L1,262,0.16666666666666674,-0.389830508,-7,-4
96074,left,L2,118,0.38888888888888906,0.016949152542372836,-3,4
96075,left,L1,138,0.055555556,0.8983050847457628,13,14
96076,left,L1,193,-0.555555556,0.11864406779661008,7,-3
96077,left,L2,484,0.38888888888888906,-0.322033898,-8,-1
96078,left,L3,746,-0.277777778,0.084745763,4,-1
96079,left,L1,45,-0.5,-0.050847458,4,-5
96080,left,L1,537,0.055555556,-0.796610169,-12,-11
96081,left,L2,348,0.3333333333333335,0.4576271186440677,4,10
96082,left,L3,495,0.5,0.15254237288135597,-2,7
96083,left,L1,649,-0.055555556,0.15254237288135597,3,2
96084,left,L3,68,0.3333333333333335,0.5254237288135593,5,11
96085,left,L2,266,-0.055555556,-0.86440678,-12,-13
96086,left,L2,431,-0.222222222,-0.355932203,-3,-7
96087,left,L3,680,-0.055555556,0.8305084745762712,13,12
96088,left,L1,286,0,-0.830508475,-12,-12
96089,left,L3,106,-0.722222222,0.35593220338983045,12,-1
96090,left,L2,81,0.666666667,-0.084745763,-7,5
96091,left,L2,109,0.5,-0.186440678,-7,2
96092,left,L2,742,-0.388888889,0.35593220338983045,9,2
96093,left,L2,178,0.2777777777777777,0.35593220338983045,3,8
96094,left,L2,380,-0.055555556,0.9661016949152543,15,14
96095,left,L1,633,-0.111111111,-0.830508475,-11,-13
96096,left,L1,709,-0.222222222,-0.830508475,-10,-14
96097,left,L3,603,-0.277777778,-0.796610169,-9,-14
96098,left,L2,36,0.666666667,0.2542372881355932,-2,10
96099,left,L1,566,0.5555555555555554,-0.288135593,-9,1
96101,left,L2,47,-0.944444444,-0.050847458,8,-9
96102,left,L3,691,0.7222222222222221,-0.728813559,-17,-4
96103,left,L1,571,0,-0.491525424,-7,-7
96104,left,L3,253,0.5555555555555554,0.5254237288135593,3,13
96105,left,L3,526,0,-0.355932203,-5,-5
96106,left,L2,373,0.16666666666666674,-0.728813559,-12,-9
96107,left,L2,723,-0.166666667,-0.389830508,-4,-7
96108,left,L1,147,0.16666666666666674,0.6949152542372881,9,12
96109,left,L2,298,-0.5,0.15254237288135597,7,-2
96110,left,L1,582,-0.055555556,0.7627118644067796,12,11
96111,left,L1,58,0.3333333333333335,0.38983050847457634,3,9
96112,left,L1,12,-0.722222222,0.2881355932203389,11,-2
96113,left,L1,122,-0.5,0.2881355932203389,9,0
96114,left,L1,311,-0.722222222,0.4915254237288136,14,1
96115,left,L1,267,-0.666666667,0.050847458,7,-5
96116,left,L3,459,0.6111111111111112,-0.118644068,-7,4
96117,left,L2,282,0,0.8644067796610169,13,13
96118,left,L2,93,-0.611111111,0.084745763,7,-4
96119,left,L2,238,-0.833333333,-0.118644068,6,-9
96120,left,L2,651,-0.388888889,-0.186440678,1,-6
96121,left,L3,363,0.7777777777777779,-0.152542373,-9,5
96122,left,L3,694,0.5,0.084745763,-3,6
96123,left,L2,107,0.8888888888888888,-0.084745763,-9,7
96124,left,L1,714,0.5555555555555554,0.38983050847457634,1,11
96125,left,L1,194,0.055555556,-0.186440678,-3,-2
96126,left,L2,267,-0.666666667,0.050847458,7,-5
96127,left,L3,501,0.11111111111111116,0.050847458,0,2
96128,left,L2,520,-0.222222222,-0.762711864,-9,-13
96129,left,L2,479,-0.222222222,0.3220338983050848,7,3
96130,left,L3,757,0,-0.220338983,-3,-3
96131,left,L3,545,0.6111111111111112,0.35593220338983045,0,11
96132,left,L3,215,0.7222222222222221,0.22033898305084754,-3,10
96133,left,L3,53,0.5555555555555554,0.4576271186440677,2,12
96134,left,L3,463,0.6111111111111112,0.5593220338983051,3,14
96135,left,L1,289,-0.055555556,0.35593220338983045,6,5
96136,left,L3,704,-0.777777778,0.2542372881355932,11,-3
96137,left,L2,527,-0.444444444,-0.288135593,0,-8
96138,left,L3,566,0.5555555555555554,-0.288135593,-9,1
96139,left,L3,743,0.7222222222222221,-0.661016949,-16,-3
96140,left,L1,664,0.16666666666666674,-0.93220339,-15,-12
96141,left,L3,485,-0.277777778,-0.118644068,1,-4
96142,left,L1,474,-0.277777778,-0.593220339,-6,-11
96143,left,L2,736,-0.833333333,0.016949152542372836,8,-7
96144,left,L2,623,0.16666666666666674,0.423728814,5,8
96145,left,L3,98,-0.111111111,-0.423728814,-5,-7
96146,left,L3,486,0.055555556,0.016949152542372836,0,1
96147,left,L2,374,0.2777777777777777,0.423728814,4,9
96148,left,L3,365,0.5,0.22033898305084754,-1,8
96149,left,L1,695,-0.666666667,0.3220338983050848,11,-1
96150,left,L2,342,0.2777777777777777,-0.525423729,-10,-5
96151,left,L1,455,0.8333333333333333,-0.254237288,-11,4
96152,left,L1,602,0.4444444444444444,-0.084745763,-5,3
96153,left,L3,693,-0.277777778,0.8305084745762712,15,10
96154,left,L1,35,0.11111111111111116,-0.830508475,-13,-11
96155,left,L1,548,0.11111111111111116,-0.559322034,-9,-7
96156,left,L1,542,0.7222222222222221,-0.457627119,-13,0
96157,left,L1,55,-0.388888889,-0.389830508,-2,-9
96158,left,L1,780,-0.166666667,-0.93220339,-12,-15
96159,left,L2,106,-0.722222222,0.35593220338983045,12,-1
96160,left,L2,573,0.4444444444444444,0.4576271186440677,3,11
96161,left,L2,465,0.3333333333333335,-0.016949153,-3,3
96162,left,L2,522,-0.444444444,-0.016949153,4,-4
96163,left,L3,126,0.38888888888888906,0.35593220338983045,2,9
96164,left,L2,512,0.666666667,-0.016949153,-6,6
96165,left,L1,60,-0.888888889,0.2542372881355932,12,-4
96166,left,L3,721,0.6111111111111112,0.423728814,1,12
96167,left,L2,409,0.055555556,-0.118644068,-2,-1
96168,left,L2,558,-0.388888889,-0.728813559,-7,-14
96169,left,L3,196,-0.111111111,0.2542372881355932,5,3
96170,left,L1,354,-0.222222222,-0.898305085,-11,-15
96171,left,L3,47,-0.944444444,-0.050847458,8,-9
96172,left,L1,624,0.16666666666666674,-0.593220339,-10,-7
96173,left,L2,521,0.7222222222222221,-0.322033898,-11,2
96174,left,L2,510,-0.166666667,0.35593220338983045,7,4
96175,left,L1,746,-0.277777778,0.084745763,4,-1
96176,left,L3,20,0.38888888888888906,-0.389830508,-9,-2
96177,left,L3,250,-0.055555556,0.016949152542372836,1,0
96178,left,L2,662,0.2777777777777777,-0.050847458,-3,2
96179,left,L1,450,0.2777777777777777,-0.322033898,-7,-2
96180,left,L3,88,0.7777777777777779,0.11864406779661008,-5,9
96181,left,L2,360,-0.5,0.6271186440677967,14,5
96182,left,L2,110,-0.777777778,-0.016949153,7,-7
96183,left,L2,775,0.5555555555555554,0.728813559,6,16
96184,left,L1,332,0.4444444444444444,-0.898305085,-17,-9
96185,left,L3,711,-0.055555556,0.6271186440677967,10,9
96186,left,L2,417,-0.666666667,-0.355932203,1,-11
96187,left,L3,310,0.22222222222222232,0.728813559,9,13
96188,left,L3,120,-0.055555556,-0.050847458,0,-1
96189,left,L3,66,0.2777777777777777,0.4915254237288136,5,10
96190,left,L1,1,-0.611111111,0.423728814,12,1
96191,left,L1,62,-0.166666667,-1,-13,-16
96192,left,L2,747,0,0.050847458,1,1
96193,left,L2,317,-0.555555556,-0.152542373,3,-7
96194,left,L2,515,-0.833333333,-0.254237288,4,-11
96195,left,L2,751,0.11111111111111116,0.18644067796610164,2,4
96196,left,L3,779,0.8888888888888888,0.18644067796610164,-5,11
96197,left,L3,654,-0.333333333,0.2542372881355932,7,1
96198,left,L2,442,-0.5,0.8305084745762712,17,8
96200,left,L3,39,0,0.6610169491525424,10,10
96201,left,L2,394,-0.777777778,-0.288135593,3,-11
96202,left,L2,372,0.11111111111111116,-0.084745763,-2,0
96203,left,L1,416,0.3333333333333335,-0.288135593,-7,-1
96204,left,L1,233,0.5,-0.457627119,-11,-2
96205,left,L1,640,-0.111111111,-0.559322034,-7,-9
96206,left,L1,697,0.11111111111111116,-0.762711864,-12,-10
96207,left,L1,681,-0.166666667,-0.728813559,-9,-12
96208,left,L2,499,0.5555555555555554,0.3220338983050848,0,10
96209,left,L3,261,-0.055555556,0.423728814,7,6
96210,left,L1,604,-0.055555556,-1,-14,-15
96211,left,L1,192,0.7777777777777779,0.3220338983050848,-2,12
96212,left,L1,621,0.11111111111111116,0.7966101694915255,11,13
96213,left,L2,724,0.4444444444444444,0.050847458,-3,5
96214,left,L1,8,-0.444444444,0.8644067796610169,17,9
96215,left,L2,712,-0.777777778,0.38983050847457634,13,-1
96216,left,L2,707,-0.166666667,0.8305084745762712,14,11
96217,left,L2,112,-0.611111111,0.016949152542372836,6,-5
96218,left,L3,276,0.2777777777777777,0.084745763,-1,4
96219,left,L3,636,0,0.18644067796610164,3,3
96220,left,L2,34,0.666666667,0.5932203389830508,3,15
96221,left,L1,420,0.7222222222222221,-0.118644068,-8,5
96222,left,L2,718,-0.555555556,0.7966101694915255,17,7
96223,left,L3,145,0,0.11864406779661008,2,2
96224,left,L1,6,-0.222222222,-0.152542373,0,-4
96225,left,L1,408,-0.666666667,-0.152542373,4,-8
96226,left,L1,781,0.8888888888888888,0.050847458,-7,9
96227,left,L3,416,0.3333333333333335,-0.288135593,-7,-1
96228,left,L1,92,0.055555556,0.2881355932203389,4,5
96229,left,L2,490,-0.555555556,0.18644067796610164,8,-2
96230,left,L1,715,0.4444444444444444,0.3220338983050848,1,9
96231,left,L2,140,0.3333333333333335,0.2542372881355932,1,7
96233,left,L3,325,0.6111111111111112,0.016949152542372836,-5,6
96234,left,L2,761,-0.444444444,-0.627118644,-5,-13
96235,left,L3,87,0.16666666666666674,0.35593220338983045,4,7
96236,left,L1,280,-0.666666667,-0.491525424,-1,-13
96237,left,L3,110,-0.777777778,-0.016949153,7,-7
96238,left,L3,508,-0.5,0.35593220338983045,10,1
96239,left,L1,499,0.5555555555555554,0.3220338983050848,0,10
96240,left,L3,576,0,0.9322033898305084,14,14
96241,left,L1,708,-0.388888889,-0.86440678,-9,-16
96242,left,L3,79,0.2777777777777777,0.016949152542372836,-2,3
96243,left,L2,648,0.16666666666666674,0.22033898305084754,2,5
96244,left,L3,536,0.3333333333333335,0.11864406779661008,-1,5
96246,left,L2,647,-0.388888889,-0.254237288,0,-7
96247,left,L1,269,0.2777777777777777,-0.661016949,-12,-7
96248,left,L3,493,-0.277777778,0.7627118644067796,14,9
96249,left,L2,477,-0.333333333,0.050847458,4,-2
96250,left,L1,680,-0.055555556,0.8305084745762712,13,12
96251,left,L1,96,0.11111111111111116,-0.355932203,-6,-4
96252,left,L2,131,-0.666666667,0.6610169491525424,16,4
96253,left,L3,475,-0.388888889,-0.050847458,3,-4
96254,left,L2,451,0.4444444444444444,0.6610169491525424,6,14
96255,left,L3,397,-0.277777778,-0.661016949,-7,-12
96256,left,L2,91,-0.111111111,0.18644067796610164,4,2
96257,left,L1,784,-0.388888889,0.9661016949152543,18,11
96258,left,L1,696,-0.222222222,0.5254237288135593,10,6
96259,left,L3,662,0.2777777777777777,-0.050847458,-3,2
96260,left,L3,418,-0.166666667,0.4915254237288136,9,6
96261,left,L3,165,0.4444444444444444,0.5254237288135593,4,12
96262,left,L1,326,0.22222222222222232,0.5254237288135593,6,10
96263,left,L1,132,0.22222222222222232,0.11864406779661008,0,4
96264,left,L1,272,0.3333333333333335,-0.084745763,-4,2
96265,left,L3,767,0.11111111111111116,0.9322033898305084,13,15
96266,left,L3,234,0.16666666666666674,0.084745763,0,3
96267,left,L1,238,-0.833333333,-0.118644068,6,-9
96268,left,L3,758,0.6111111111111112,-0.050847458,-6,5
96269,left,L2,270,0.11111111111111116,-0.288135593,-5,-3
96270,left,L3,593,0.3333333333333335,-0.491525424,-10,-4
96271,left,L3,558,-0.388888889,-0.728813559,-7,-14
96272,left,L3,292,-0.444444444,0.5932203389830508,13,5
96273,left,L3,163,0.4444444444444444,0.8644067796610169,9,17
96274,left,L2,407,-0.555555556,-0.355932203,0,-10
96275,left,L1,120,-0.055555556,-0.050847458,0,-1
96276,left,L3,609,-0.222222222,-0.016949153,2,-2
96277,left,L1,185,0.2777777777777777,-0.389830508,-8,-3
96278,left,L2,473,-0.388888889,0.7627118644067796,15,8
96279,left,L1,66,0.2777777777777777,0.4915254237288136,5,10
96280,left,L2,546,0.3333333333333335,0.18644067796610164,0,6
96281,left,L3,84,-0.222222222,0.38983050847457634,8,4
96282,left,L2,161,0.4444444444444444,-0.491525424,-11,-3
96283,left,L2,560,-0.777777778,0.4576271186440677,14,0
96284,left,L3,406,0.16666666666666674,-0.86440678,-14,-11
96285,left,L3,268,0.7777777777777779,-0.220338983,-10,4
96286,left,L2,233,0.5,-0.457627119,-11,-2
96287,left,L2,633,-0.111111111,-0.830508475,-11,-13
96288,left,L1,667,0.11111111111111116,-0.966101695,-15,-13
96289,left,L3,220,0.22222222222222232,-0.220338983,-5,-1
96290,left,L3,236,-0.111111111,0.11864406779661008,3,1
96293,left,L2,726,0.22222222222222232,-0.966101695,-16,-12
96294,left,L1,13,-0.111111111,-0.898305085,-12,-14
96295,left,L1,49,0.4444444444444444,-0.152542373,-6,2
96296,left,L1,109,0.5,-0.186440678,-7,2
96297,left,L1,74,-0.055555556,-0.322033898,-4,-5
96298,left,L3,544,0.38888888888888906,-0.457627119,-10,-3
96300,left,L1,7,-0.666666667,-0.220338983,3,-9
96301,left,L1,764,0.8333333333333333,0.35593220338983045,-2,13
96302,left,L2,243,-0.055555556,-0.728813559,-10,-11
96303,left,L1,37,0.16666666666666674,0.15254237288135597,1,4
96304,left,L3,708,-0.388888889,-0.86440678,-9,-16
96305,left,L2,706,0.6111111111111112,-0.93220339,-19,-8
96306,left,L2,677,0.055555556,0.35593220338983045,5,6
96309,left,L1,612,-0.333333333,-0.898305085,-10,-16
96310,left,L2,548,0.11111111111111116,-0.559322034,-9,-7
96311,left,L2,470,0.5,-0.322033898,-9,0
96312,left,L1,159,0.8333333333333333,0.22033898305084754,-4,11
96313,left,L1,468,-0.277777778,0.35593220338983045,8,3
96315,left,L3,282,0,0.8644067796610169,13,13
96316,left,L2,540,-0.166666667,-0.322033898,-3,-6
96317,left,L3,471,0.3333333333333335,-0.898305085,-16,-10
96318,left,L1,617,-0.166666667,-0.593220339,-7,-10
96320,left,L1,522,-0.444444444,-0.016949153,4,-4
96321,left,L2,401,-0.166666667,-0.661016949,-8,-11
96322,left,L3,305,-0.777777778,0.11864406779661008,9,-5
96324,left,L1,40,-0.222222222,-0.220338983,-1,-5
96325,left,L2,652,-0.611111111,-0.389830508,0,-11
96326,left,L2,544,0.38888888888888906,-0.457627119,-10,-3
96327,left,L2,655,0.7222222222222221,-0.050847458,-7,6
96328,left,L1,324,0.3333333333333335,0.7966101694915255,9,15
96329,left,L2,577,0.5555555555555554,-0.491525424,-12,-2
96330,left,L1,240,-0.388888889,-0.118644068,2,-5
96332,left,L2,354,-0.222222222,-0.898305085,-11,-15
96333,left,L1,425,0.3333333333333335,0.6610169491525424,7,13
96334,left,L3,513,-0.388888889,-0.457627119,-3,-10
96335,left,L1,488,0.8333333333333333,0.15254237288135597,-5,10
96336,left,L2,762,0,0.4576271186440677,7,7
96337,left,L1,308,-0.555555556,0.2542372881355932,9,-1
96338,left,L1,341,0.7222222222222221,-0.593220339,-15,-2
96339,left,L1,585,-0.055555556,-0.796610169,-11,-12
96340,left,L2,173,0.2777777777777777,-0.86440678,-15,-10
96341,left,L3,592,0.3333333333333335,-0.966101695,-17,-11
96342,left,L1,562,-0.555555556,-0.084745763,4,-6
96343,left,L3,498,0.666666667,0.3220338983050848,-1,11
96344,left,L1,186,-0.111111111,0.8644067796610169,14,12
96345,left,L1,690,-0.722222222,-0.118644068,5,-8
96346,left,L3,45,-0.5,-0.050847458,4,-5
96347,left,L2,37,0.16666666666666674,0.15254237288135597,1,4
96349,left,L2,581,0.38888888888888906,0.2881355932203389,1,8
96350,left,L2,463,0.6111111111111112,0.5593220338983051,3,14
96351,left,L3,462,-0.111111111,0.5932203389830508,10,8
96352,left,L1,47,-0.944444444,-0.050847458,8,-9
96353,left,L1,160,-0.222222222,0.6610169491525424,12,8
96354,left,L2,485,-0.277777778,-0.118644068,1,-4
96355,left,L1,544,0.38888888888888906,-0.457627119,-10,-3
96356,left,L2,60,-0.888888889,0.2542372881355932,12,-4
96357,left,L1,554,-0.277777778,-0.93220339,-11,-16
96358,left,L2,530,-0.277777778,-0.457627119,-4,-9
96359,left,L2,255,-0.611111111,-0.457627119,-1,-12
96360,left,L1,270,0.11111111111111116,-0.288135593,-5,-3
96361,left,L3,38,0,-0.084745763,-1,-1
96364,left,L2,117,-0.888888889,-0.084745763,7,-9
96365,left,L3,643,0.666666667,0.4576271186440677,1,13
96366,left,L1,164,-0.111111111,-0.084745763,0,-2
96367,left,L2,598,0.22222222222222232,-0.627118644,-11,-7
96368,left,L1,673,0.2777777777777777,0.15254237288135597,0,5
96369,left,L1,207,0.16666666666666674,0.9661016949152543,13,16
96370,left,L2,9,0.5,0.2881355932203389,0,9
96371,left,L3,598,0.22222222222222232,-0.627118644,-11,-7
96372,left,L3,51,0.055555556,-0.661016949,-10,-9
96373,left,L1,333,0.055555556,-0.728813559,-11,-10
96374,left,L2,653,-0.666666667,-0.423728814,0,-12
96375,left,L2,358,-0.277777778,0.5593220338983051,11,6
96376,left,L1,17,0.16666666666666674,-0.186440678,-4,-1
96377,left,L2,275,-0.833333333,-0.050847458,7,-8
96379,left,L1,356,0,0.728813559,11,11
96380,left,L2,346,-0.722222222,-0.322033898,2,-11
96381,left,L1,209,-0.333333333,-0.288135593,-1,-7
96382,left,L2,276,0.2777777777777777,0.084745763,-1,4
96383,left,L3,262,0.16666666666666674,-0.389830508,-7,-4
96384,left,L1,726,0.22222222222222232,-0.966101695,-16,-12
96385,left,L2,545,0.6111111111111112,0.35593220338983045,0,11
96386,left,L3,287,-0.5,0.423728814,11,2
96387,left,L3,181,0.11111111111111116,-0.152542373,-3,-1
96388,left,L2,201,-0.833333333,0.2881355932203389,12,-3
96390,left,L1,728,0.7777777777777779,0.38983050847457634,-1,13
96391,left,L1,328,0.6111111111111112,-0.322033898,-10,1
96392,left,L2,351,-0.055555556,-0.593220339,-8,-9
96393,left,L3,499,0.5555555555555554,0.3220338983050848,0,10
96394,left,L1,283,-0.444444444,0.11864406779661008,6,-2
96395,left,L3,509,-0.444444444,0.3220338983050848,9,1
96396,left,L2,269,0.2777777777777777,-0.661016949,-12,-7
96397,left,L2,427,0.5555555555555554,-0.627118644,-14,-4
96398,left,L2,497,0.7222222222222221,0.016949152542372836,-6,7
96399,left,L1,520,-0.222222222,-0.762711864,-9,-13
96400,left,L3,759,0.7777777777777779,0.4576271186440677,0,14
96401,left,L2,638,-0.055555556,0.22033898305084754,4,3
96402,left,L2,234,0.16666666666666674,0.084745763,0,3
96403,left,L1,410,-0.222222222,-0.084745763,1,-3
96404,left,L2,468,-0.277777778,0.35593220338983045,8,3
96405,left,L3,688,-0.777777778,0.3220338983050848,12,-2
96406,left,L1,222,-0.333333333,0.8644067796610169,16,10
96407,left,L2,184,-0.611111111,-0.186440678,3,-8
96408,left,L1,782,-0.111111111,-0.966101695,-13,-15
96409,left,L3,712,-0.777777778,0.38983050847457634,13,-1
96410,left,L1,305,-0.777777778,0.11864406779661008,9,-5
96411,left,L1,752,-0.166666667,0.22033898305084754,5,2
96412,left,L3,150,-0.833333333,0.15254237288135597,10,-5
96413,left,L2,429,-0.222222222,0.4576271186440677,9,5
96414,left,L2,552,0.5,-0.050847458,-5,4
96415,left,L1,161,0.4444444444444444,-0.491525424,-11,-3
96416,left,L2,95,0.5,-0.728813559,-15,-6
96417,left,L3,173,0.2777777777777777,-0.86440678,-15,-10
96418,left,L1,506,0.11111111111111116,-0.423728814,-7,-5
96419,left,L1,529,0.22222222222222232,-0.084745763,-3,1
96420,left,L2,179,-0.555555556,-0.559322034,-3,-13
96421,left,L2,288,-0.111111111,1,16,14
96422,left,L2,709,-0.222222222,-0.830508475,-10,-14
96423,left,L1,359,0.2777777777777777,0.7627118644067796,9,14
96424,left,L2,341,0.7222222222222221,-0.593220339,-15,-2
96425,left,L1,216,0.2777777777777777,0.6271186440677967,7,12
96426,left,L3,487,0.16666666666666674,-0.050847458,-2,1
96428,left,L1,260,-0.277777778,0.6271186440677967,12,7
96429,left,L3,128,0.3333333333333335,-0.762711864,-14,-8
96430,left,L2,402,0.3333333333333335,0.8644067796610169,10,16
96431,left,L3,233,0.5,-0.457627119,-11,-2
96432,left,L2,163,0.4444444444444444,0.8644067796610169,9,17
96433,left,L1,86,-0.5,-0.254237288,1,-8
96434,left,L1,456,0.055555556,0.6949152542372881,10,11
96435,left,L3,122,-0.5,0.2881355932203389,9,0
96436,left,L1,553,-0.333333333,0.5254237288135593,11,5
96437,left,L3,559,-0.666666667,0.728813559,17,5
96438,left,L2,549,0.055555556,-0.322033898,-5,-4
96439,left,L1,783,-0.444444444,0.9322033898305084,18,10
96440,left,L1,75,-0.666666667,0.4576271186440677,13,1
96441,left,L2,503,0.38888888888888906,0.5593220338983051,5,12
96443,left,L3,277,0.8333333333333333,-0.118644068,-9,6
96444,left,L3,615,-0.722222222,-0.254237288,3,-10
96446,left,L1,90,-0.388888889,0.15254237288135597,6,-1
96448,left,L2,25,-0.944444444,0.084745763,10,-7
96449,left,L2,592,0.3333333333333335,-0.966101695,-17,-11
96450,left,L2,296,0.11111111111111116,-0.627118644,-10,-8
96451,left,L3,240,-0.388888889,-0.118644068,2,-5
96452,left,L3,338,-0.111111111,-0.016949153,1,-1
96453,left,L3,180,0.2777777777777777,-0.93220339,-16,-11
96454,left,L2,628,0,-0.016949153,0,0
96455,left,L2,210,-0.666666667,0.2542372881355932,10,-2
96456,left,L2,421,-0.111111111,0.38983050847457634,7,5
96457,left,L1,650,-0.277777778,-0.86440678,-10,-15
96458,left,L1,226,0.6111111111111112,0.6271186440677967,4,15
96459,left,L3,366,0.2777777777777777,-1,-17,-12
96460,left,L2,774,-0.888888889,0.18644067796610164,11,-5
96461,left,L2,349,-0.555555556,-0.491525424,-2,-12
96462,left,L1,154,-0.888888889,-0.016949153,8,-8
96463,left,L2,616,-0.277777778,0.4915254237288136,10,5
96464,left,L3,294,0.11111111111111116,-0.694915254,-11,-9
96465,left,L1,545,0.6111111111111112,0.35593220338983045,0,11
96466,left,L2,412,-0.611111111,0.6949152542372881,16,5
96467,left,L1,102,0.38888888888888906,0.423728814,3,10
96468,left,L2,701,0,-0.152542373,-2,-2
96469,left,L2,714,0.5555555555555554,0.38983050847457634,1,11
96470,left,L3,638,-0.055555556,0.22033898305084754,4,3
96471,left,L2,641,-0.833333333,-0.186440678,5,-10
96472,left,L2,456,0.055555556,0.6949152542372881,10,11
96473,left,L1,242,-0.444444444,0.18644067796610164,7,-1
96474,left,L2,130,0.22222222222222232,0.38983050847457634,4,8
96475,left,L1,751,0.11111111111111116,0.18644067796610164,2,4
96476,left,L1,510,-0.166666667,0.35593220338983045,7,4
96477,left,L1,26,0.16666666666666674,-0.118644068,-3,0
96478,left,L2,73,0.22222222222222232,0.050847458,-1,3
96479,left,L1,317,-0.555555556,-0.152542373,3,-7
96480,left,L2,326,0.22222222222222232,0.5254237288135593,6,10
96481,left,L1,747,0,0.050847458,1,1
96482,left,L2,457,-0.166666667,0.5593220338983051,10,7
96483,left,L2,87,0.16666666666666674,0.35593220338983045,4,7
96484,left,L2,76,-0.333333333,-0.152542373,1,-5
96485,left,L2,639,-0.388888889,0.6271186440677967,13,6
96486,left,L2,136,0.055555556,0.084745763,1,2
96487,left,L2,31,0,0.5254237288135593,8,8
96489,left,L2,273,-0.611111111,0.7627118644067796,17,6
96490,left,L2,773,0.6111111111111112,-0.661016949,-15,-4
96491,left,L3,34,0.666666667,0.5932203389830508,3,15
96492,left,L2,138,0.055555556,0.8983050847457628,13,14
96493,left,L2,436,0.055555556,-0.525423729,-8,-7
96494,left,L2,183,-0.5,-0.525423729,-3,-12
96495,left,L1,527,-0.444444444,-0.288135593,0,-8
96496,left,L3,692,-0.444444444,0.7966101694915255,16,8
96497,left,L3,221,-0.722222222,0.084745763,8,-5
96498,left,L2,261,-0.055555556,0.423728814,7,6
96499,left,L1,777,0.666666667,0.6610169491525424,4,16
96500,left,L2,419,-0.277777778,-0.389830508,-3,-8
96501,left,L1,536,0.3333333333333335,0.11864406779661008,-1,5
96502,left,L3,719,0.16666666666666674,0.8983050847457628,12,15
96503,left,L1,277,0.8333333333333333,-0.118644068,-9,6
96504,left,L3,600,0.3333333333333335,-0.355932203,-8,-2
96505,left,L3,783,-0.444444444,0.9322033898305084,18,10
96506,left,L1,98,-0.111111111,-0.423728814,-5,-7
96507,left,L2,311,-0.722222222,0.4915254237288136,14,1
96508,left,L2,471,0.3333333333333335,-0.898305085,-16,-10
96509,left,L3,514,-0.444444444,-0.355932203,-1,-9
96510,left,L2,226,0.6111111111111112,0.6271186440677967,4,15
96511,left,L1,441,0.3333333333333335,-0.559322034,-11,-5
96512,left,L1,436,0.055555556,-0.525423729,-8,-7
96513,left,L2,438,0.2777777777777777,0.8983050847457628,11,16
96514,left,L2,242,-0.444444444,0.18644067796610164,7,-1
96515,left,L2,516,0.7777777777777779,-0.627118644,-16,-2
96516,left,L2,454,0.5555555555555554,-0.423728814,-11,-1
96517,left,L2,422,-0.777777778,-0.152542373,5,-9
96518,left,L3,317,-0.555555556,-0.152542373,3,-7
96520,left,L3,54,-0.388888889,0.084745763,5,-2
96521,left,L2,69,0.11111111111111116,0.2542372881355932,3,5
96522,left,L3,303,-0.555555556,0.728813559,16,6
96523,left,L2,491,0.8333333333333333,-0.050847458,-8,7
96524,left,L1,234,0.16666666666666674,0.084745763,0,3
96525,left,L3,155,-0.833333333,0.423728814,14,-1
96526,left,L2,89,0.16666666666666674,-0.661016949,-11,-8
96527,left,L3,738,-0.277777778,0.423728814,9,4
96528,left,L2,370,-0.277777778,0.6949152542372881,13,8
96529,left,L2,5,-0.111111111,0.5254237288135593,9,7
96530,left,L3,748,-0.444444444,0.6610169491525424,14,6
96531,left,L1,350,0.16666666666666674,0.4915254237288136,6,9
96532,left,L3,670,0.6111111111111112,0.15254237288135597,-3,8
96533,left,L3,673,0.2777777777777777,0.15254237288135597,0,5
96534,left,L2,564,0.38888888888888906,-0.796610169,-15,-8
96535,left,L3,689,-0.222222222,0.5932203389830508,11,7
96536,left,L3,775,0.5555555555555554,0.728813559,6,16
96537,left,L2,719,0.16666666666666674,0.8983050847457628,12,15
96538,left,L1,198,0.666666667,0.050847458,-5,7
96539,left,L2,61,-0.444444444,-0.152542373,2,-6
96540,left,L1,518,-0.444444444,0.728813559,15,7
96541,left,L1,155,-0.833333333,0.423728814,14,-1
96542,left,L1,508,-0.5,0.35593220338983045,10,1
96543,left,L1,428,-0.166666667,0.7627118644067796,13,10
96544,left,L3,665,0.7777777777777779,-0.084745763,-8,6
96545,left,L1,36,0.666666667,0.2542372881355932,-2,10
96546,left,L3,60,-0.888888889,0.2542372881355932,12,-4
96547,left,L1,559,-0.666666667,0.728813559,17,5
96548,left,L2,681,-0.166666667,-0.728813559,-9,-12
96549,left,L3,33,0.3333333333333335,0.5932203389830508,6,12
96550,left,L1,388,0.38888888888888906,0.6271186440677967,6,13
96551,left,L1,81,0.666666667,-0.084745763,-7,5
96552,left,L1,486,0.055555556,0.016949152542372836,0,1
96553,left,L2,624,0.16666666666666674,-0.593220339,-10,-7
96554,left,L1,703,-0.277777778,0.016949152542372836,3,-2
96555,left,L1,477,-0.333333333,0.050847458,4,-2
96556,left,L3,424,-0.333333333,-0.084745763,2,-4
96557,left,L3,577,0.5555555555555554,-0.491525424,-12,-2
96558,left,L1,717,0.22222222222222232,-0.762711864,-13,-9
96559,left,L1,395,0,-0.762711864,-11,-11
96560,left,L1,584,0.5,0.7627118644067796,7,16
96561,left,L3,13,-0.111111111,-0.898305085,-12,-14
96562,left,L3,246,-0.388888889,0.4915254237288136,11,4
96563,left,L2,135,-0.333333333,-0.762711864,-8,-14
96564,left,L3,452,0.16666666666666674,-0.322033898,-6,-3
96565,left,L2,441,0.3333333333333335,-0.559322034,-11,-5
96566,left,L1,677,0.055555556,0.35593220338983045,5,6
96567,left,L2,753,-0.333333333,0.7966101694915255,15,9
96568,left,L3,717,0.22222222222222232,-0.762711864,-13,-9
96569,left,L3,392,-0.388888889,0.22033898305084754,7,0
96570,left,L3,686,0.5555555555555554,-0.762711864,-16,-6
96571,left,L3,550,-0.166666667,0.084745763,3,0
96572,left,L3,90,-0.388888889,0.15254237288135597,6,-1
96573,left,L1,578,0.5,-0.389830508,-10,-1
96574,left,L2,285,0.666666667,-0.627118644,-15,-3
96575,left,L2,458,0.5555555555555554,-0.016949153,-5,5
96576,left,L2,310,0.22222222222222232,0.728813559,9,13
96577,left,L3,375,-0.611111111,0.22033898305084754,9,-2
96578,left,L2,426,-0.333333333,-0.016949153,3,-3
96579,left,L3,114,0.2777777777777777,-0.457627119,-9,-4
96580,left,L3,496,0.7777777777777779,0.2542372881355932,-3,11
96581,left,L2,239,-0.666666667,0.18644067796610164,9,-3
96582,left,L2,661,-0.333333333,0.4576271186440677,10,4
96583,left,L3,637,0.38888888888888906,-0.728813559,-14,-7
96584,left,L2,445,-0.222222222,0.2542372881355932,6,2
96585,left,L2,680,-0.055555556,0.8305084745762712,13,12
96586,left,L2,397,-0.277777778,-0.661016949,-7,-12
96587,left,L2,627,0.055555556,-0.050847458,-1,0
96588,left,L2,760,0.055555556,0.5593220338983051,8,9
96589,left,L1,127,0.055555556,0.4915254237288136,7,8
96590,left,L2,327,0.6111111111111112,0.084745763,-4,7
96591,left,L3,429,-0.222222222,0.4576271186440677,9,5
96592,left,L3,321,0.8888888888888888,0.11864406779661008,-6,10
96593,left,L3,224,0.055555556,0.15254237288135597,2,3
96594,left,L2,582,-0.055555556,0.7627118644067796,12,11
96595,left,L1,669,0.4444444444444444,-0.559322034,-12,-4
96596,left,L1,668,0.16666666666666674,0.6271186440677967,8,11
96597,left,L3,629,0.4444444444444444,0.7966101694915255,8,16
96598,left,L1,144,0.8333333333333333,-0.389830508,-13,2
96599,left,L1,660,0.22222222222222232,0.9322033898305084,12,16
96600,left,L1,266,-0.055555556,-0.86440678,-12,-13
96601,left,L3,295,-0.166666667,0.9661016949152543,16,13
96602,left,L3,188,-0.5,0.5593220338983051,13,4
96603,left,L3,89,0.16666666666666674,-0.661016949,-11,-8
96604,left,L2,18,0.5555555555555554,-0.559322034,-13,-3
96605,left,L2,676,-0.277777778,-0.728813559,-8,-13
96606,left,L3,257,0.2777777777777777,0.6949152542372881,8,13
96607,left,L3,439,-0.277777778,-0.322033898,-2,-7
96608,left,L1,487,0.16666666666666674,-0.050847458,-2,1
96609,left,L2,614,-0.222222222,-0.288135593,-2,-6
96610,left,L1,501,0.11111111111111116,0.050847458,0,2
96611,left,L3,556,0,0.3220338983050848,5,5
96612,left,L2,713,-0.666666667,0.5254237288135593,14,2
96613,left,L3,488,0.8333333333333333,0.15254237288135597,-5,10
96614,left,L2,687,-0.611111111,-0.118644068,4,-7
96615,left,L2,517,0.7222222222222221,0.084745763,-5,8
96616,left,L3,646,0.666666667,-0.830508475,-18,-6
96617,left,L1,68,0.3333333333333335,0.5254237288135593,5,11
96618,left,L3,616,-0.277777778,0.4915254237288136,10,5
96619,left,L1,478,-0.777777778,0.5254237288135593,15,1
96620,left,L1,489,-0.333333333,0.3220338983050848,8,2
96621,left,L3,170,-0.5,0.016949152542372836,5,-4
96622,left,L1,32,0,0.38983050847457634,6,6
96624,left,L3,35,0.11111111111111116,-0.830508475,-13,-11
96625,left,L3,631,0.11111111111111116,0.8644067796610169,12,14
96626,left,L1,733,-0.5,-0.593220339,-4,-13
96627,left,L3,707,-0.166666667,0.8305084745762712,14,11
96628,left,L3,777,0.666666667,0.6610169491525424,4,16
96629,left,L2,574,-0.611111111,0.15254237288135597,8,-3
96631,left,L2,340,-0.388888889,0.5593220338983051,12,5
96632,left,L2,673,0.2777777777777777,0.15254237288135597,0,5
96633,left,L3,434,-0.277777778,0.22033898305084754,6,1
96634,left,L2,246,-0.388888889,0.4915254237288136,11,4
96635,left,L1,87,0.16666666666666674,0.35593220338983045,4,7
96636,left,L2,141,0.6111111111111112,-0.796610169,-17,-6
96637,left,L2,400,0.16666666666666674,-1,-16,-13
96638,left,L2,572,-0.833333333,0.084745763,9,-6
96639,left,L2,776,0.6111111111111112,0.6949152542372881,5,16
96640,left,L1,106,-0.722222222,0.35593220338983045,12,-1
96641,left,L3,209,-0.333333333,-0.288135593,-1,-7
96642,left,L3,162,-0.444444444,-0.084745763,3,-5
96643,left,L3,230,0.2777777777777777,0.2881355932203389,2,7
96644,left,L3,159,0.8333333333333333,0.22033898305084754,-4,11
96645,left,L2,727,0.7777777777777779,0.18644067796610164,-4,10
96646,left,L2,49,0.4444444444444444,-0.152542373,-6,2
96647,left,L3,227,-0.722222222,0.15254237288135597,9,-4
96648,left,L1,51,0.055555556,-0.661016949,-10,-9
96649,left,L2,717,0.22222222222222232,-0.762711864,-13,-9
96650,left,L1,469,-0.722222222,0.423728814,13,0
96651,left,L3,156,-0.944444444,0.016949152542372836,9,-8
96652,left,L3,136,0.055555556,0.084745763,1,2
96653,left,L1,50,-0.166666667,0.6949152542372881,12,9
96654,left,L1,31,0,0.5254237288135593,8,8
96655,left,L2,464,0.4444444444444444,-0.016949153,-4,4
96657,left,L2,309,-0.666666667,0.38983050847457634,12,0
96658,left,L1,535,0.8888888888888888,-0.152542373,-10,6
96659,left,L1,716,0.4444444444444444,-0.220338983,-7,1
96660,left,L3,715,0.4444444444444444,0.3220338983050848,1,9
96662,left,L2,679,0.4444444444444444,0.5932203389830508,5,13
96663,left,L3,200,-0.555555556,0.38983050847457634,11,1
96664,left,L3,504,-0.166666667,0.2881355932203389,6,3
96665,left,L1,688,-0.777777778,0.3220338983050848,12,-2
96666,left,L1,399,-0.222222222,-0.966101695,-12,-16
96667,left,L1,547,-0.055555556,0.6949152542372881,11,10
96668,left,L2,217,0.7222222222222221,0.4915254237288136,1,14
96669,left,L3,311,-0.722222222,0.4915254237288136,14,1
96670,left,L2,162,-0.444444444,-0.084745763,3,-5
96671,left,L3,539,-0.611111111,0.4915254237288136,13,2
96672,left,L3,518,-0.444444444,0.728813559,15,7
96674,left,L3,85,0.4444444444444444,-0.762711864,-15,-7
96675,left,L3,588,0.11111111111111116,0.11864406779661008,1,3
96676,left,L2,300,0.4444444444444444,-0.627118644,-13,-5
96677,left,L1,429,-0.222222222,0.4576271186440677,9,5
96678,left,L3,168,-0.055555556,0.5593220338983051,9,8
96679,left,L3,540,-0.166666667,-0.322033898,-3,-6
96680,left,L3,133,-0.333333333,0.6610169491525424,13,7
96681,left,L3,314,-0.944444444,0.15254237288135597,11,-6
96682,left,L3,404,-0.111111111,0.6610169491525424,11,9
96683,left,L2,46,-0.5,0.4915254237288136,12,3
96684,left,L2,398,-0.333333333,0.728813559,14,8
96685,left,L3,469,-0.722222222,0.423728814,13,0
96686,left,L2,765,-0.277777778,0.2881355932203389,7,2
96687,left,L3,121,-0.888888889,0.11864406779661008,10,-6
96688,left,L1,597,0.5,0.016949152542372836,-4,5
96689,left,L2,423,0.3333333333333335,-0.627118644,-12,-6
96690,left,L2,576,0,0.9322033898305084,14,14
96691,left,L2,443,-0.666666667,0.11864406779661008,8,-4
96692,left,L3,131,-0.666666667,0.6610169491525424,16,4
96693,left,L2,672,-0.833333333,0.35593220338983045,13,-2
96694,left,L2,216,0.2777777777777777,0.6271186440677967,7,12
96695,left,L1,339,0.7222222222222221,0.35593220338983045,-1,12
96696,left,L2,732,-0.333333333,0.18644067796610164,6,0
96697,left,L2,82,-0.722222222,0.22033898305084754,10,-3
96698,left,L2,245,-0.5,-0.118644068,3,-6
96699,left,L3,667,0.11111111111111116,-0.966101695,-15,-13
96700,left,L1,457,-0.166666667,0.5593220338983051,10,7
96702,left,L2,155,-0.833333333,0.423728814,14,-1
96703,left,L2,613,0.7222222222222221,-0.796610169,-18,-5
96704,left,L2,390,-0.611111111,-0.322033898,1,-10
96705,left,L1,23,-0.333333333,-0.559322034,-5,-11
96706,left,L1,626,-0.555555556,-0.288135593,1,-9
96707,left,L2,493,-0.277777778,0.7627118644067796,14,9
96708,left,L3,41,-0.333333333,0.9322033898305084,17,11
96709,left,L2,177,-0.166666667,-0.050847458,1,-2
96710,left,L2,486,0.055555556,0.016949152542372836,0,1
96711,left,L1,505,0.666666667,-0.762711864,-17,-5
96712,left,L1,653,-0.666666667,-0.423728814,0,-12
96713,left,L3,699,-0.555555556,-0.016949153,5,-5
96714,left,L1,334,0.11111111111111116,-0.898305085,-14,-12
96715,left,L2,236,-0.111111111,0.11864406779661008,3,1
96716,left,L1,279,-0.444444444,0.2542372881355932,8,0
96717,left,L1,385,-0.333333333,-0.627118644,-6,-12
96719,left,L3,510,-0.166666667,0.35593220338983045,7,4
96720,left,L3,258,-0.388888889,-0.593220339,-5,-12
96721,left,L3,555,-0.388888889,0.2881355932203389,8,1
96722,left,L3,344,-0.166666667,-0.525423729,-6,-9
96723,left,L2,293,0.5,-0.593220339,-13,-4
96724,left,L1,654,-0.333333333,0.2542372881355932,7,1
96725,left,L1,99,0.5,0.4915254237288136,3,12
96726,left,L2,366,0.2777777777777777,-1,-17,-12
96727,left,L2,357,0.5,0.5593220338983051,4,13
96728,left,L1,523,0.22222222222222232,0.4576271186440677,5,9
96729,left,L3,260,-0.277777778,0.6271186440677967,12,7
96730,left,L3,341,0.7222222222222221,-0.593220339,-15,-2
96731,left,L2,55,-0.388888889,-0.389830508,-2,-9
96732,left,L1,276,0.2777777777777777,0.084745763,-1,4
96733,left,L1,421,-0.111111111,0.38983050847457634,7,5
96734,left,L3,304,0.7222222222222221,0.15254237288135597,-4,9
96735,left,L3,674,-0.444444444,-0.491525424,-3,-11
96736,left,L2,247,-0.388888889,-0.525423729,-4,-11
96737,left,L3,27,0.055555556,-0.86440678,-13,-12
96738,left,L1,730,0.7777777777777779,-0.016949153,-7,7
96739,left,L2,403,-0.222222222,-0.423728814,-4,-8
96740,left,L3,1,-0.611111111,0.423728814,12,1
96741,left,L2,345,0.3333333333333335,-0.423728814,-9,-3
96742,left,L3,467,-0.222222222,-0.694915254,-8,-12
96743,left,L3,608,0.11111111111111116,0.3220338983050848,4,6
96744,left,L2,224,0.055555556,0.15254237288135597,2,3
96745,left,L1,298,-0.5,0.15254237288135597,7,-2
96747,left,L1,531,0.11111111111111116,-0.016949153,-1,1
96748,left,L1,643,0.666666667,0.4576271186440677,1,13
96749,left,L3,389,0.4444444444444444,-0.966101695,-18,-10
96750,left,L1,188,-0.5,0.5593220338983051,13,4
96751,left,L1,721,0.6111111111111112,0.423728814,1,12
96752,left,L3,132,0.22222222222222232,0.11864406779661008,0,4
96754,left,L2,42,-0.111111111,0.4576271186440677,8,6
96755,left,L2,53,0.5555555555555554,0.4576271186440677,2,12
96756,left,L1,231,0.4444444444444444,-0.423728814,-10,-2
96757,left,L2,96,0.11111111111111116,-0.355932203,-6,-4
96758,left,L1,550,-0.166666667,0.084745763,3,0
96759,left,L1,622,-0.555555556,0.6610169491525424,15,5
96760,left,L2,120,-0.055555556,-0.050847458,0,-1
96761,left,L3,714,0.5555555555555554,0.38983050847457634,1,11
96762,left,L2,671,-0.388888889,-0.796610169,-8,-15
96763,left,L2,430,-0.277777778,-0.254237288,-1,-6
96764,left,L2,331,0.16666666666666674,-0.525423729,-9,-6
96765,left,L1,329,0,0.7966101694915255,12,12
96766,left,L2,67,-0.166666667,-0.457627119,-5,-8
96767,left,L3,244,-0.444444444,-0.423728814,-2,-10
96768,left,L2,195,-0.277777778,-0.050847458,2,-3
96769,left,L2,728,0.7777777777777779,0.38983050847457634,-1,13
96770,left,L1,320,-0.166666667,-0.186440678,-1,-4
96771,left,L1,482,0.16666666666666674,0.5593220338983051,7,10
96773,left,L2,607,0.11111111111111116,0.5932203389830508,8,10
96774,left,L1,173,0.2777777777777777,-0.86440678,-15,-10
96775,left,L2,127,0.055555556,0.4915254237288136,7,8
96776,left,L1,241,0.2777777777777777,-0.593220339,-11,-6
96777,left,L1,568,-0.666666667,-0.288135593,2,-10
96778,left,L1,454,0.5555555555555554,-0.423728814,-11,-1
96779,left,L1,296,0.11111111111111116,-0.627118644,-10,-8
96780,left,L2,367,-0.611111111,-0.525423729,-2,-13
96781,left,L2,308,-0.555555556,0.2542372881355932,9,-1
96782,left,L2,72,0,-0.966101695,-14,-14
96783,left,L2,408,-0.666666667,-0.152542373,4,-8
96784,left,L2,699,-0.555555556,-0.016949153,5,-5
96785,left,L2,328,0.6111111111111112,-0.322033898,-10,1
96786,left,L3,22,-0.055555556,0.084745763,2,1
96787,left,L1,321,0.8888888888888888,0.11864406779661008,-6,10
96788,left,L2,27,0.055555556,-0.86440678,-13,-12
96789,left,L1,754,-0.055555556,-0.457627119,-6,-7
96791,left,L3,423,0.3333333333333335,-0.627118644,-12,-6
96792,left,L2,13,-0.111111111,-0.898305085,-12,-14
96794,left,L2,785,0.9444444444444444,0.084745763,-7,10
96795,left,L1,435,0.6111111111111112,-0.593220339,-14,-3
96796,left,L1,447,-0.111111111,0.050847458,2,0
96797,left,L2,324,0.3333333333333335,0.7966101694915255,9,15
96798,left,L3,765,-0.277777778,0.2881355932203389,7,2
96799,left,L3,210,-0.666666667,0.2542372881355932,10,-2
96801,left,L3,735,0.16666666666666674,-0.796610169,-13,-10
96802,left,L1,313,0.8333333333333333,0.084745763,-6,9
96803,left,L2,301,-0.555555556,0.5254237288135593,13,3
96804,left,L1,599,-0.055555556,0.2881355932203389,5,4
96805,left,L1,302,0.2777777777777777,0.5593220338983051,6,11
96806,left,L1,757,0,-0.220338983,-3,-3
96807,left,L1,243,-0.055555556,-0.728813559,-10,-11
96808,left,L1,483,0.2777777777777777,-0.254237288,-6,-1
96809,left,L1,524,0.4444444444444444,-0.694915254,-14,-6
96810,left,L3,334,0.11111111111111116,-0.898305085,-14,-12
96811,left,L1,318,0.5,-0.661016949,-14,-5
96812,left,L1,526,0,-0.355932203,-5,-5
96813,left,L1,140,0.3333333333333335,0.2542372881355932,1,7
96814,left,L3,684,-0.611111111,0.5593220338983051,14,3
96815,left,L3,43,-0.555555556,0.5932203389830508,14,4
96816,left,L2,783,-0.444444444,0.9322033898305084,18,10
96817,left,L2,336,0.055555556,0.7627118644067796,11,12
96818,left,L3,658,0.11111111111111116,0.6610169491525424,9,11
96819,left,L2,21,-0.166666667,0.6271186440677967,11,8
96820,left,L3,569,0.666666667,0.18644067796610164,-3,9
96821,left,L1,394,-0.777777778,-0.288135593,3,-11
96822,left,L1,323,-0.388888889,-0.93220339,-10,-17
96824,left,L3,409,0.055555556,-0.118644068,-2,-1
96825,left,L1,77,0.2777777777777777,-0.186440678,-5,0
96826,left,L3,479,-0.222222222,0.3220338983050848,7,3
96827,left,L2,387,-0.055555556,-0.525423729,-7,-8
96828,left,L3,396,-0.111111111,0.3220338983050848,6,4
96829,left,L3,445,-0.222222222,0.2542372881355932,6,2
96830,left,L2,600,0.3333333333333335,-0.355932203,-8,-2
96831,left,L3,489,-0.333333333,0.3220338983050848,8,2
96832,left,L3,648,0.16666666666666674,0.22033898305084754,2,5
96833,left,L3,713,-0.666666667,0.5254237288135593,14,2
96834,left,L1,539,-0.611111111,0.4915254237288136,13,2
96835,left,L2,137,0.6111111111111112,-0.254237288,-9,2
96836,left,L1,615,-0.722222222,-0.254237288,3,-10
96837,left,L3,157,-0.055555556,-0.254237288,-3,-4
96838,left,L2,754,-0.055555556,-0.457627119,-6,-7
96840,left,L3,546,0.3333333333333335,0.18644067796610164,0,6
96841,left,L3,444,0.4444444444444444,-0.355932203,-9,-1
96842,left,L1,759,0.7777777777777779,0.4576271186440677,0,14
96843,left,L3,524,0.4444444444444444,-0.694915254,-14,-6
96844,left,L3,413,-0.166666667,-0.254237288,-2,-5
96845,left,L2,740,0.22222222222222232,-0.288135593,-6,-2
96846,left,L2,20,0.38888888888888906,-0.389830508,-9,-2
96847,left,L2,228,-0.722222222,0.016949152542372836,7,-6
96848,left,L2,593,0.3333333333333335,-0.491525424,-10,-4
96849,left,L1,205,0.5555555555555554,-0.220338983,-8,2
96850,left,L1,772,0.11111111111111116,0.38983050847457634,5,7
96851,left,L1,196,-0.111111111,0.2542372881355932,5,3
96853,left,L3,407,-0.555555556,-0.355932203,0,-10
96854,left,L3,632,0.3333333333333335,-0.694915254,-13,-7
96855,left,L3,332,0.4444444444444444,-0.898305085,-17,-9
96856,left,L1,674,-0.444444444,-0.491525424,-3,-11
96857,left,L2,449,0.666666667,-0.559322034,-14,-2
96858,left,L3,251,-0.111111111,-0.491525424,-6,-8
96859,left,L3,529,0.22222222222222232,-0.084745763,-3,1
96860,left,L3,402,0.3333333333333335,0.8644067796610169,10,16
96861,left,L3,195,-0.277777778,-0.050847458,2,-3
96862,left,L3,477,-0.333333333,0.050847458,4,-2
96863,left,L3,494,0.055555556,0.9661016949152543,14,15
96864,left,L2,759,0.7777777777777779,0.4576271186440677,0,14
96865,left,L3,772,0.11111111111111116,0.38983050847457634,5,7
96866,left,L3,218,0.22222222222222232,0.3220338983050848,3,7
96867,left,L2,467,-0.222222222,-0.694915254,-8,-12
96868,left,L3,2,-0.888888889,0.050847458,9,-7
96869,left,L2,505,0.666666667,-0.762711864,-17,-5
96870,left,L1,675,-0.722222222,0.6271186440677967,16,3
96871,left,L2,664,0.16666666666666674,-0.93220339,-15,-12
96872,left,L2,208,0.6111111111111112,-0.728813559,-16,-5
96873,left,L3,352,-0.222222222,0.9322033898305084,16,12
96874,left,L2,605,0.38888888888888906,0.4915254237288136,4,11
96875,left,L2,249,0.22222222222222232,-0.423728814,-8,-4
96876,left,L3,138,0.055555556,0.8983050847457628,13,14
96877,left,L2,529,0.22222222222222232,-0.084745763,-3,1
96878,left,L2,550,-0.166666667,0.084745763,3,0
96879,left,L1,42,-0.111111111,0.4576271186440677,8,6
96880,left,L3,270,0.11111111111111116,-0.288135593,-5,-3
96881,left,L3,676,-0.277777778,-0.728813559,-8,-13
96883,left,L3,480,0.38888888888888906,-0.661016949,-13,-6
96884,left,L3,647,-0.388888889,-0.254237288,0,-7
96885,left,L2,272,0.3333333333333335,-0.084745763,-4,2
96886,left,L1,767,0.11111111111111116,0.9322033898305084,13,15
96887,left,L3,398,-0.333333333,0.728813559,14,8
96888,left,L2,559,-0.666666667,0.728813559,17,5
96889,left,L2,319,-0.166666667,0.15254237288135597,4,1
96890,left,L2,752,-0.166666667,0.22033898305084754,5,2
96891,left,L2,720,-0.5,0.6949152542372881,15,6
96892,left,L2,215,0.7222222222222221,0.22033898305084754,-3,10
96893,left,L3,458,0.5555555555555554,-0.016949153,-5,5
96894,left,L1,397,-0.277777778,-0.661016949,-7,-12
96895,left,L1,638,-0.055555556,0.22033898305084754,4,3
96896,left,L1,686,0.5555555555555554,-0.762711864,-16,-6
96897,left,L3,141,0.6111111111111112,-0.796610169,-17,-6
96898,left,L3,753,-0.333333333,0.7966101694915255,15,9
96899,left,L3,358,-0.277777778,0.5593220338983051,11,6
96900,left,L2,589,-0.055555556,-0.186440678,-2,-3
96901,left,L2,83,0.2777777777777777,-0.728813559,-13,-8
96902,left,L3,5,-0.111111111,0.5254237288135593,9,7
96903,left,L3,521,0.7222222222222221,-0.322033898,-11,2
96904,left,L1,19,-0.722222222,0.5593220338983051,15,2
96905,left,L2,258,-0.388888889,-0.593220339,-5,-12
96906,left,L2,43,-0.555555556,0.5932203389830508,14,4
96907,left,L3,586,0.22222222222222232,0.5932203389830508,7,11
96908,left,L3,77,0.2777777777777777,-0.186440678,-5,0
96909,left,L2,369,0.6111111111111112,-0.186440678,-8,3
96910,left,L1,357,0.5,0.5593220338983051,4,13
96911,left,L1,698,0.7222222222222221,-0.254237288,-10,3
96912,left,L3,74,-0.055555556,-0.322033898,-4,-5
96913,left,L2,289,-0.055555556,0.35593220338983045,6,5
96915,left,L1,27,0.055555556,-0.86440678,-13,-12
96917,left,L1,172,0.11111111111111116,0.728813559,10,12
96918,left,L2,565,0,-0.898305085,-13,-13
96919,left,L2,197,0,-0.694915254,-10,-10
96920,left,L3,737,0.055555556,0.6271186440677967,9,10
96921,left,L1,256,0.5555555555555554,-0.694915254,-15,-5
96922,left,L1,634,-0.277777778,-0.525423729,-5,-10
96923,left,L1,564,0.38888888888888906,-0.796610169,-15,-8
96924,left,L1,376,-0.777777778,-0.355932203,2,-12
96925,left,L2,103,0.8333333333333333,0.2881355932203389,-3,12
96926,left,L1,97,-0.555555556,0.050847458,6,-4
96927,left,L1,514,-0.444444444,-0.355932203,-1,-9
96928,left,L1,142,-0.222222222,-0.627118644,-7,-11
96929,left,L1,342,0.2777777777777777,-0.525423729,-10,-5
96930,left,L1,745,0.055555556,0.423728814,6,7
96931,left,L1,704,-0.777777778,0.2542372881355932,11,-3
96932,left,L1,691,0.7222222222222221,-0.728813559,-17,-4
96933,left,L1,480,0.38888888888888906,-0.661016949,-13,-6
96934,left,L1,259,-0.722222222,-0.186440678,4,-9
96935,left,L2,41,-0.333333333,0.9322033898305084,17,11
96936,left,L1,595,0.7777777777777779,-0.423728814,-13,1
96937,left,L1,146,0.11111111111111116,-0.220338983,-4,-2
96938,left,L1,225,0.22222222222222232,-0.898305085,-15,-11
96939,left,L2,702,-0.5,0.7627118644067796,16,7
96940,left,L1,150,-0.833333333,0.15254237288135597,10,-5
96941,left,L2,462,-0.111111111,0.5932203389830508,10,8
96942,left,L1,275,-0.833333333,-0.050847458,7,-8
96943,left,L1,727,0.7777777777777779,0.18644067796610164,-4,10
96944,left,L1,82,-0.722222222,0.22033898305084754,10,-3
96945,left,L2,534,0.3333333333333335,0.050847458,-2,4
96946,left,L2,218,0.22222222222222232,0.3220338983050848,3,7
96947,left,L2,690,-0.722222222,-0.118644068,5,-8
96948,left,L2,580,-0.166666667,-0.796610169,-10,-13
96949,left,L2,362,0.22222222222222232,-0.694915254,-12,-8
96950,left,L3,515,-0.833333333,-0.254237288,4,-11
96952,left,L2,385,-0.333333333,-0.627118644,-6,-12
96953,left,L2,469,-0.722222222,0.423728814,13,0
96954,left,L1,591,0.38888888888888906,-0.118644068,-5,2
96955,left,L2,697,0.11111111111111116,-0.762711864,-12,-10
96956,left,L3,578,0.5,-0.389830508,-10,-1
96957,left,L2,433,0,-0.288135593,-4,-4
96958,left,L2,609,-0.222222222,-0.016949153,2,-2
96959,left,L2,361,0.055555556,-0.254237288,-4,-3
96961,left,L1,204,0.5555555555555554,-0.084745763,-6,4
96962,left,L2,312,0.5,-0.254237288,-8,1
96963,left,L2,134,-0.555555556,-0.627118644,-4,-14
96964,left,L3,451,0.4444444444444444,0.6610169491525424,6,14
96965,left,L2,448,0,1,15,15
96966,left,L2,290,0.5555555555555554,-0.830508475,-17,-7
96967,left,L1,167,0.055555556,-0.593220339,-9,-8
96968,left,L2,643,0.666666667,0.4576271186440677,1,13
96969,left,L1,541,-0.444444444,0.4576271186440677,11,3
96970,left,L2,395,0,-0.762711864,-11,-11
96971,left,L2,318,0.5,-0.661016949,-14,-5
96972,left,L3,97,-0.555555556,0.050847458,6,-4
96973,left,L2,265,-0.611111111,-0.050847458,5,-6
96974,left,L2,202,-0.055555556,0.8983050847457628,14,13
96975,left,L3,333,0.055555556,-0.728813559,-11,-10
96976,left,L2,526,0,-0.355932203,-5,-5
96977,left,L3,729,-0.277777778,0.9661016949152543,17,12
96978,left,L2,650,-0.277777778,-0.86440678,-10,-15
96979,left,L3,579,-0.333333333,-0.355932203,-2,-8
96980,left,L3,701,0,-0.152542373,-2,-2
96981,left,L2,353,0.22222222222222232,0.7966101694915255,10,14
96982,left,L1,48,-0.444444444,-0.762711864,-7,-15
96983,left,L3,123,-0.888888889,0.3220338983050848,13,-3
96984,left,L2,287,-0.5,0.423728814,11,2
96985,left,L1,203,0.38888888888888906,-0.050847458,-4,3
96986,left,L2,222,-0.333333333,0.8644067796610169,16,10
96987,left,L3,264,-0.111111111,-0.220338983,-2,-4
96988,left,L2,514,-0.444444444,-0.355932203,-1,-9
96989,left,L2,734,0.22222222222222232,-0.016949153,-2,2
96990,left,L2,123,-0.888888889,0.3220338983050848,13,-3
96991,left,L3,770,0.5555555555555554,0.11864406779661008,-3,7
96992,left,L2,314,-0.944444444,0.15254237288135597,11,-6
96993,left,L3,259,-0.722222222,-0.186440678,4,-9
96994,left,L2,343,-0.277777778,0.8983050847457628,16,11
96995,left,L1,53,0.5555555555555554,0.4576271186440677,2,12
96996,left,L3,192,0.7777777777777779,0.3220338983050848,-2,12
96997,left,L1,292,-0.444444444,0.5932203389830508,13,5
96998,left,L1,34,0.666666667,0.5932203389830508,3,15
96999,left,L2,121,-0.888888889,0.11864406779661008,10,-6
97000,left,L1,246,-0.388888889,0.4915254237288136,11,4
97001,left,L2,253,0.5555555555555554,0.5254237288135593,3,13
97002,left,L1,770,0.5555555555555554,0.11864406779661008,-3,7
97003,left,L1,549,0.055555556,-0.322033898,-5,-4
97004,left,L1,580,-0.166666667,-0.796610169,-10,-13
97005,left,L2,601,0.11111111111111116,0.5254237288135593,7,9
97006,left,L1,250,-0.055555556,0.016949152542372836,1,0
97008,left,L2,292,-0.444444444,0.5932203389830508,13,5
97009,left,L2,325,0.6111111111111112,0.016949152542372836,-5,6
97010,left,L2,780,-0.166666667,-0.93220339,-12,-15
97011,left,L3,695,-0.666666667,0.3220338983050848,11,-1
97012,left,L3,81,0.666666667,-0.084745763,-7,5
97013,left,L2,695,-0.666666667,0.3220338983050848,11,-1
97014,left,L2,733,-0.5,-0.593220339,-4,-13
97015,left,L1,581,0.38888888888888906,0.2881355932203389,1,8
97016,left,L1,415,0.666666667,0.38983050847457634,0,12
97017,left,L3,575,0.7222222222222221,0.2881355932203389,-2,11
97018,left,L1,44,0.5555555555555554,-0.355932203,-10,0
97019,left,L1,762,0,0.4576271186440677,7,7
97020,left,L1,417,-0.666666667,-0.355932203,1,-11
97021,left,L1,685,-0.5,-0.322033898,0,-9
97022,left,L1,778,0.8333333333333333,-0.525423729,-15,0
97023,left,L2,244,-0.444444444,-0.423728814,-2,-10
97024,left,L1,593,0.3333333333333335,-0.491525424,-10,-4
97025,left,L3,361,0.055555556,-0.254237288,-4,-3
97026,left,L1,409,0.055555556,-0.118644068,-2,-1
97027,left,L1,346,-0.722222222,-0.322033898,2,-11
97028,left,L2,658,0.11111111111111116,0.6610169491525424,9,11
97029,left,L1,255,-0.611111111,-0.457627119,-1,-12
97030,left,L1,614,-0.222222222,-0.288135593,-2,-6
97031,left,L2,70,-0.388888889,0.6949152542372881,14,7
97032,left,L3,383,-0.611111111,0.35593220338983045,11,0
97033,left,L2,339,0.7222222222222221,0.35593220338983045,-1,12
97035,left,L3,29,-0.055555556,-0.118644068,-1,-2
97036,left,L1,2,-0.888888889,0.050847458,9,-7
97037,left,L2,124,0.16666666666666674,-0.254237288,-5,-2
97038,left,L3,541,-0.444444444,0.4576271186440677,11,3
97039,left,L2,584,0.5,0.7627118644067796,7,16
97040,left,L2,612,-0.333333333,-0.898305085,-10,-16
97041,left,L3,256,0.5555555555555554,-0.694915254,-15,-5
97042,left,L2,323,-0.388888889,-0.93220339,-10,-17
97043,left,L3,379,0.38888888888888906,-0.593220339,-12,-5
97044,left,L3,678,0.38888888888888906,-0.254237288,-7,0
97045,left,L1,392,-0.388888889,0.22033898305084754,7,0
97046,left,L3,57,0.7222222222222221,-0.389830508,-12,1
97047,left,L3,725,-0.333333333,-0.830508475,-9,-15
97048,left,L3,415,0.666666667,0.38983050847457634,0,12
97049,left,L2,620,0.8333333333333333,0.016949152542372836,-7,8
97050,left,L2,730,0.7777777777777779,-0.016949153,-7,7
97051,left,L3,552,0.5,-0.050847458,-5,4
97052,left,L2,657,-0.166666667,-0.86440678,-11,-14
97053,left,L2,579,-0.333333333,-0.355932203,-2,-8
97054,left,L3,214,-0.5,0.084745763,6,-3
97055,left,L3,175,-0.611111111,-0.254237288,2,-9
97056,left,L1,199,0,-0.423728814,-6,-6
97057,left,L1,565,0,-0.898305085,-13,-13
97058,left,L2,583,0.38888888888888906,-0.86440678,-16,-9
97059,left,L1,760,0.055555556,0.5593220338983051,8,9
97061,left,L1,264,-0.111111111,-0.220338983,-2,-4
97062,left,L1,448,0,1,15,15
97063,left,L1,647,-0.388888889,-0.254237288,0,-7
97064,left,L2,511,0.6111111111111112,-0.389830508,-11,0
97065,left,L3,299,-0.444444444,0.38983050847457634,10,2
97066,left,L3,252,0.38888888888888906,0.7627118644067796,8,15
97067,left,L1,52,-0.111111111,-0.762711864,-10,-12
97068,left,L3,523,0.22222222222222232,0.4576271186440677,5,9
97069,left,L1,588,0.11111111111111116,0.11864406779661008,1,3
97070,left,L1,755,0.5,0.6271186440677967,5,14
97071,left,L2,748,-0.444444444,0.6610169491525424,14,6
97072,left,L2,543,-0.111111111,-0.152542373,-1,-3
97073,left,L3,76,-0.333333333,-0.152542373,1,-5
97074,left,L3,457,-0.166666667,0.5593220338983051,10,7
97075,left,L3,235,0.5,0.35593220338983045,1,10
97076,left,L3,417,-0.666666667,-0.355932203,1,-11
97077,left,L1,69,0.11111111111111116,0.2542372881355932,3,5
97078,left,L3,502,0.5555555555555554,0.2542372881355932,-1,9
97079,left,L1,658,0.11111111111111116,0.6610169491525424,9,11
97080,left,L1,310,0.22222222222222232,0.728813559,9,13
97081,left,L3,744,-0.388888889,0.8305084745762712,16,9
97083,left,L3,306,0.38888888888888906,0.22033898305084754,0,7
97084,left,L2,632,0.3333333333333335,-0.694915254,-13,-7
97085,left,L1,534,0.3333333333333335,0.050847458,-2,4
97086,left,L1,516,0.7777777777777779,-0.627118644,-16,-2
97087,left,L1,261,-0.055555556,0.423728814,7,6
97088,left,L2,220,0.22222222222222232,-0.220338983,-5,-1
97089,left,L1,652,-0.611111111,-0.389830508,0,-11
97090,left,L1,629,0.4444444444444444,0.7966101694915255,8,16
97091,left,L1,396,-0.111111111,0.3220338983050848,6,4
97092,left,L2,160,-0.222222222,0.6610169491525424,12,8
97093,left,L3,288,-0.111111111,1,16,14
97094,left,L2,466,0.11111111111111116,0.4576271186440677,6,8
97095,left,L1,43,-0.555555556,0.5932203389830508,14,4
97096,left,L1,64,0.5,-0.796610169,-16,-7
97098,left,L1,645,-0.388888889,0.8983050847457628,17,10
97099,left,L1,230,0.2777777777777777,0.2881355932203389,2,7
97100,left,L1,473,-0.388888889,0.7627118644067796,15,8
97101,left,L1,303,-0.555555556,0.728813559,16,6
97102,left,L1,46,-0.5,0.4915254237288136,12,3
97103,left,L1,466,0.11111111111111116,0.4576271186440677,6,8
97104,left,L1,623,0.16666666666666674,0.423728814,5,8
97105,left,L1,165,0.4444444444444444,0.5254237288135593,4,12
97106,left,L1,94,0.5555555555555554,0.5932203389830508,4,14
97107,left,L1,201,-0.833333333,0.2881355932203389,12,-3
97108,left,L1,123,-0.888888889,0.3220338983050848,13,-3
97109,left,L1,217,0.7222222222222221,0.4915254237288136,1,14
97110,left,L1,504,-0.166666667,0.2881355932203389,6,3
97111,left,L1,432,-0.5,0.22033898305084754,8,-1
97112,left,L1,532,-0.833333333,0.22033898305084754,11,-4
97113,left,L2,274,0.666666667,0.11864406779661008,-4,8
97114,left,L1,465,0.3333333333333335,-0.016949153,-3,3
97115,left,L1,330,0.38888888888888906,0.084745763,-2,5
97116,left,L1,304,0.7222222222222221,0.15254237288135597,-4,9
97117,left,L2,63,0.4444444444444444,0.38983050847457634,2,10
97118,left,L1,684,-0.611111111,0.5593220338983051,14,3
97119,left,L1,718,-0.555555556,0.7966101694915255,17,7
97120,left,L1,135,-0.333333333,-0.762711864,-8,-14
97121,left,L1,678,0.38888888888888906,-0.254237288,-7,0
97122,left,L3,178,0.2777777777777777,0.35593220338983045,3,8
97123,left,L1,110,-0.777777778,-0.016949153,7,-7
97124,left,L1,253,0.5555555555555554,0.5254237288135593,3,13
97125,left,L1,479,-0.222222222,0.3220338983050848,7,3
97126,left,L2,508,-0.5,0.35593220338983045,10,1
97127,left,L1,263,-0.333333333,0.11864406779661008,5,-1
97128,left,L2,86,-0.5,-0.254237288,1,-8
97129,left,L3,653,-0.666666667,-0.423728814,0,-12
97130,left,L3,601,0.11111111111111116,0.5254237288135593,7,9
97131,left,L2,420,0.7222222222222221,-0.118644068,-8,5
97132,left,L3,83,0.2777777777777777,-0.728813559,-13,-8
97133,left,L2,604,-0.055555556,-1,-14,-15
97134,left,L3,448,0,1,15,15
97135,left,L2,542,0.7222222222222221,-0.457627119,-13,0
97136,left,L1,393,-0.111111111,0.728813559,12,10
97137,left,L2,568,-0.666666667,-0.288135593,2,-10
97138,left,L2,413,-0.166666667,-0.254237288,-2,-5
97139,left,L2,113,-0.222222222,0.11864406779661008,4,0
97140,left,L3,739,-0.777777778,0.050847458,8,-6
97141,left,L3,56,0.16666666666666674,-0.457627119,-8,-5
97142,left,L3,522,-0.444444444,-0.016949153,4,-4
97143,left,L3,622,-0.555555556,0.6610169491525424,15,5
97144,left,L2,260,-0.277777778,0.6271186440677967,12,7
97145,left,L2,745,0.055555556,0.423728814,6,7
97146,left,L1,72,0,-0.966101695,-14,-14
97147,left,L1,710,0.5,-0.86440678,-17,-8
97148,left,L1,212,0.22222222222222232,-0.559322034,-10,-6
97149,left,L3,199,0,-0.423728814,-6,-6
97150,left,L3,393,-0.111111111,0.728813559,12,10
97151,left,L3,370,-0.277777778,0.6949152542372881,13,8
97152,left,L1,637,0.38888888888888906,-0.728813559,-14,-7
97153,left,L3,75,-0.666666667,0.4576271186440677,13,1
97154,left,L3,28,0.5555555555555554,0.18644067796610164,-2,8
97155,left,L3,442,-0.5,0.8305084745762712,17,8
97156,left,L2,435,0.6111111111111112,-0.593220339,-14,-3
97157,left,L3,723,-0.166666667,-0.389830508,-4,-7
97158,left,L2,741,-0.222222222,-0.491525424,-5,-9
97160,left,L1,336,0.055555556,0.7627118644067796,11,12
97161,left,L3,621,0.11111111111111116,0.7966101694915255,11,13
97162,left,L3,364,0.4444444444444444,0.11864406779661008,-2,6
97163,left,L1,411,-0.5,-0.661016949,-5,-14
97164,left,L2,634,-0.277777778,-0.525423729,-5,-10
97165,left,L1,464,0.4444444444444444,-0.016949153,-4,4
97166,left,L3,491,0.8333333333333333,-0.050847458,-8,7
97167,left,L2,333,0.055555556,-0.728813559,-11,-10
97168,left,L3,604,-0.055555556,-1,-14,-15
97169,left,L3,212,0.22222222222222232,-0.559322034,-10,-6
97170,left,L3,581,0.38888888888888906,0.2881355932203389,1,8
97171,left,L1,453,0.38888888888888906,0.8305084745762712,9,16
97172,left,L2,635,0.666666667,-0.220338983,-9,3
97173,left,L2,777,0.666666667,0.6610169491525424,4,16
97174,left,L3,497,0.7222222222222221,0.016949152542372836,-6,7
97175,left,L3,535,0.8888888888888888,-0.152542373,-10,6
97176,left,L3,411,-0.5,-0.661016949,-5,-14
97177,left,L2,383,-0.611111111,0.35593220338983045,11,0
97178,left,L2,191,-0.055555556,-0.389830508,-5,-6
97179,left,L2,388,0.38888888888888906,0.6271186440677967,6,13
97182,left,L1,558,-0.388888889,-0.728813559,-7,-14
97183,left,L2,502,0.5555555555555554,0.2542372881355932,-1,9
97184,left,L2,590,0.16666666666666674,0.2881355932203389,3,6
97185,left,L2,547,-0.055555556,0.6949152542372881,11,10
97186,left,L2,303,-0.555555556,0.728813559,16,6
97187,left,L2,405,0.3333333333333335,0.3220338983050848,2,8
97188,left,L3,339,0.7222222222222221,0.35593220338983045,-1,12
97189,left,L2,452,0.16666666666666674,-0.322033898,-6,-3
97190,left,L1,299,-0.444444444,0.38983050847457634,10,2
97191,left,L2,659,-0.444444444,-0.220338983,1,-7
97192,left,L2,92,0.055555556,0.2881355932203389,4,5
97193,left,L2,262,0.16666666666666674,-0.389830508,-7,-4
97194,left,L3,269,0.2777777777777777,-0.661016949,-12,-7
97196,left,L2,386,-0.611111111,0.6271186440677967,15,4
97197,left,L1,769,0.5,-0.93220339,-18,-9
97199,left,L2,772,0.11111111111111116,0.38983050847457634,5,7
97200,left,L2,599,-0.055555556,0.2881355932203389,5,4
97201,left,L2,305,-0.777777778,0.11864406779661008,9,-5
97202,left,L1,734,0.22222222222222232,-0.016949153,-2,2
97203,left,L1,702,-0.5,0.7627118644067796,16,7
97204,left,L2,692,-0.444444444,0.7966101694915255,16,8
97205,left,L3,44,0.5555555555555554,-0.355932203,-10,0
97206,left,L2,167,0.055555556,-0.593220339,-9,-8
97207,left,L3,12,-0.722222222,0.2881355932203389,11,-2
97208,left,L3,732,-0.333333333,0.18644067796610164,6,0
97209,left,L1,133,-0.333333333,0.6610169491525424,13,7
97210,left,L1,148,-0.722222222,-0.389830508,1,-12
97211,left,L1,600,0.3333333333333335,-0.355932203,-8,-2
97212,left,L1,706,0.6111111111111112,-0.93220339,-19,-8
97213,left,L2,563,0.6111111111111112,-0.457627119,-12,-1
97214,left,L1,736,-0.833333333,0.016949152542372836,8,-7
97215,left,L3,160,-0.222222222,0.6610169491525424,12,8
97216,left,L3,441,0.3333333333333335,-0.559322034,-11,-5
97218,left,L3,223,-0.222222222,0.8644067796610169,15,11
97219,left,L3,763,-0.555555556,0.4576271186440677,12,2
97220,left,L3,481,0.4444444444444444,-0.288135593,-8,0
97221,left,L3,103,0.8333333333333333,0.2881355932203389,-3,12
97222,left,L1,551,-0.388888889,-0.322033898,-1,-8
97224,left,L2,180,0.2777777777777777,-0.93220339,-16,-11
97225,left,L1,729,-0.277777778,0.9661016949152543,17,12
97226,left,L1,555,-0.388888889,0.2881355932203389,8,1
97227,left,L3,675,-0.722222222,0.6271186440677967,16,3
97228,left,L3,453,0.38888888888888906,0.8305084745762712,9,16
97229,left,L1,594,0.7777777777777779,-0.559322034,-15,-1
97230,left,L1,765,-0.277777778,0.2881355932203389,7,2
97231,left,L3,716,0.4444444444444444,-0.220338983,-7,1
97232,left,L2,437,-0.333333333,0.38983050847457634,9,3
97233,left,L3,112,-0.611111111,0.016949152542372836,6,-5
97234,left,L3,751,0.11111111111111116,0.18644067796610164,2,4
97235,left,L2,518,-0.444444444,0.728813559,15,7
97236,left,L3,663,0,0.2542372881355932,4,4
97237,left,L2,221,-0.722222222,0.084745763,8,-5
97238,left,L1,63,0.4444444444444444,0.38983050847457634,2,10
97239,left,L3,628,0,-0.016949153,0,0
97240,left,L2,414,0.5,0.6949152542372881,6,15
97241,left,L2,2,-0.888888889,0.050847458,9,-7
97242,left,L3,330,0.38888888888888906,0.084745763,-2,5
97243,left,L1,208,0.6111111111111112,-0.728813559,-16,-5
97244,left,L1,515,-0.833333333,-0.254237288,4,-11
97245,left,L1,20,0.38888888888888906,-0.389830508,-9,-2
97246,left,L3,296,0.11111111111111116,-0.627118644,-10,-8
97247,left,L3,378,-0.333333333,0.5932203389830508,12,6
97248,left,L1,22,-0.055555556,0.084745763,2,1
97249,left,L2,482,0.16666666666666674,0.5593220338983051,7,10
97250,left,L1,249,0.22222222222222232,-0.423728814,-8,-4
97251,left,L1,374,0.2777777777777777,0.423728814,4,9
97252,left,L1,445,-0.222222222,0.2542372881355932,6,2
97253,left,L2,264,-0.111111111,-0.220338983,-2,-4
97254,left,L1,362,0.22222222222222232,-0.694915254,-12,-8
97255,left,L2,475,-0.388888889,-0.050847458,3,-4
97256,left,L3,25,-0.944444444,0.084745763,10,-7
97257,left,L3,677,0.055555556,0.35593220338983045,5,6
97258,left,L1,705,0.16666666666666674,0.016949152542372836,-1,2
97259,left,L3,590,0.16666666666666674,0.2881355932203389,3,6
97260,left,L1,152,0.38888888888888906,-0.525423729,-11,-4
97261,left,L2,232,-0.388888889,0.423728814,10,3
97262,left,L3,346,-0.722222222,-0.322033898,2,-11
97264,left,L1,605,0.38888888888888906,0.4915254237288136,4,11
97265,left,L1,24,-0.111111111,-0.355932203,-4,-6
97267,left,L3,372,0.11111111111111116,-0.084745763,-2,0
97268,left,L1,116,-0.111111111,-0.288135593,-3,-5
97269,left,L1,312,0.5,-0.254237288,-8,1
97270,left,L3,187,0.38888888888888906,0.6949152542372881,7,14
97271,left,L1,406,0.16666666666666674,-0.86440678,-14,-11
97272,left,L1,563,0.6111111111111112,-0.457627119,-12,-1
97273,left,L3,740,0.22222222222222232,-0.288135593,-6,-2
97274,left,L3,645,-0.388888889,0.8983050847457628,17,10
97275,left,L1,619,-0.388888889,-0.661016949,-6,-13
97277,left,L2,299,-0.444444444,0.38983050847457634,10,2
97278,left,L1,431,-0.222222222,-0.355932203,-3,-7
97279,left,L3,642,-0.5,-0.389830508,-1,-10
97280,left,L2,608,0.11111111111111116,0.3220338983050848,4,6
97281,left,L1,635,0.666666667,-0.220338983,-9,3
97282,left,L2,368,-0.444444444,-0.694915254,-6,-14
97283,left,L2,142,-0.222222222,-0.627118644,-7,-11
97284,left,L1,363,0.7777777777777779,-0.152542373,-9,5
97285,left,L1,412,-0.611111111,0.6949152542372881,16,5
97286,left,L1,712,-0.777777778,0.38983050847457634,13,-1
97287,left,L1,561,0.6111111111111112,0.22033898305084754,-2,9
97288,left,L1,71,-0.166666667,-0.118644068,0,-3
97289,left,L3,431,-0.222222222,-0.355932203,-3,-7
97290,left,L1,692,-0.444444444,0.7966101694915255,16,8
97291,left,L2,744,-0.388888889,0.8305084745762712,16,9
97292,left,L1,402,0.3333333333333335,0.8644067796610169,10,16
97293,left,L1,182,0.7777777777777779,-0.355932203,-12,2
97294,left,L2,355,-0.777777778,-0.220338983,4,-10
97295,left,L1,121,-0.888888889,0.11864406779661008,10,-6
97296,left,L1,774,-0.888888889,0.18644067796610164,11,-5
97297,left,L1,221,-0.722222222,0.084745763,8,-5
97298,left,L2,603,-0.277777778,-0.796610169,-9,-14
97299,left,L3,226,0.6111111111111112,0.6271186440677967,4,15
97300,left,L1,758,0.6111111111111112,-0.050847458,-6,5
97301,left,L2,30,0.666666667,0.5254237288135593,2,14
97302,left,L3,9,0.5,0.2881355932203389,0,9
97303,left,L1,134,-0.555555556,-0.627118644,-4,-14
97304,left,L1,507,-0.555555556,-0.423728814,-1,-11
97305,left,L1,285,0.666666667,-0.627118644,-15,-3
97307,left,L1,3,0.666666667,-0.423728814,-12,0
97308,left,L1,293,0.5,-0.593220339,-13,-4
97309,left,L1,722,0.7222222222222221,-0.525423729,-14,-1
97310,left,L2,501,0.11111111111111116,0.050847458,0,2
97311,left,L3,730,0.7777777777777779,-0.016949153,-7,7
97312,left,L1,625,-0.222222222,0.7966101694915255,14,10
97313,left,L2,669,0.4444444444444444,-0.559322034,-12,-4
97314,left,L1,737,0.055555556,0.6271186440677967,9,10
97315,left,L3,99,0.5,0.4915254237288136,3,12
97316,left,L3,456,0.055555556,0.6949152542372881,10,11
97317,left,L3,473,-0.388888889,0.7627118644067796,15,8
97318,left,L2,225,0.22222222222222232,-0.898305085,-15,-11
97319,left,L1,742,-0.388888889,0.35593220338983045,9,2
97320,left,L1,91,-0.111111111,0.18644067796610164,4,2
97321,left,L2,338,-0.111111111,-0.016949153,1,-1
97322,left,L2,347,-0.5,-0.457627119,-2,-11
97323,left,L3,443,-0.666666667,0.11864406779661008,8,-4
97324,left,L2,494,0.055555556,0.9661016949152543,14,15
97325,left,L2,85,0.4444444444444444,-0.762711864,-15,-7
97326,left,L2,306,0.38888888888888906,0.22033898305084754,0,7
97327,left,L3,703,-0.277777778,0.016949152542372836,3,-2
97328,left,L1,33,0.3333333333333335,0.5932203389830508,6,12
97329,left,L1,405,0.3333333333333335,0.3220338983050848,2,8
97330,left,L1,257,0.2777777777777777,0.6949152542372881,8,13
97331,left,L1,761,-0.444444444,-0.627118644,-5,-13
97332,left,L3,242,-0.444444444,0.18644067796610164,7,-1
97333,left,L1,700,0.6111111111111112,0.4915254237288136,2,13
97335,left,L1,401,-0.166666667,-0.661016949,-8,-11
97336,left,L1,592,0.3333333333333335,-0.966101695,-17,-11
97337,left,L1,672,-0.833333333,0.35593220338983045,13,-2
97338,left,L2,416,0.3333333333333335,-0.288135593,-7,-1
97339,left,L3,166,0,0.5932203389830508,9,9
97340,left,L2,654,-0.333333333,0.2542372881355932,7,1
97341,left,L1,57,0.7222222222222221,-0.389830508,-12,1
97342,left,L1,768,0.38888888888888906,0.15254237288135597,-1,6
97343,left,L2,618,-0.111111111,0.7966101694915255,13,11
97344,left,L1,18,0.5555555555555554,-0.559322034,-13,-3
97345,left,L1,30,0.666666667,0.5254237288135593,2,14
97346,left,L2,649,-0.055555556,0.15254237288135597,3,2
97347,left,L2,483,0.2777777777777777,-0.254237288,-6,-1
97348,left,L3,528,0.2777777777777777,0.22033898305084754,1,6
97349,left,L2,460,-0.333333333,-0.694915254,-7,-13
97350,left,L3,32,0,0.38983050847457634,6,6
97351,left,L3,191,-0.055555556,-0.389830508,-5,-6
97352,left,L1,671,-0.388888889,-0.796610169,-8,-15
97353,left,L3,627,0.055555556,-0.050847458,-1,0
97354,left,L2,279,-0.444444444,0.2542372881355932,8,0
97355,left,L3,193,-0.555555556,0.11864406779661008,7,-3
97356,left,L2,90,-0.388888889,0.15254237288135597,6,-1
97357,left,L2,404,-0.111111111,0.6610169491525424,11,9
97358,left,L1,642,-0.5,-0.389830508,-1,-10
97359,left,L2,570,0.2777777777777777,0.8305084745762712,10,15
97360,left,L1,124,0.16666666666666674,-0.254237288,-5,-2
97361,left,L3,421,-0.111111111,0.38983050847457634,7,5
97362,left,L2,703,-0.277777778,0.016949152542372836,3,-2
97363,left,L2,781,0.8888888888888888,0.050847458,-7,9
97364,left,L3,336,0.055555556,0.7627118644067796,11,12
97365,left,L2,101,-0.777777778,0.18644067796610164,10,-4
97366,left,L1,556,0,0.3220338983050848,5,5
97367,left,L3,466,0.11111111111111116,0.4576271186440677,6,8
97368,left,L2,434,-0.277777778,0.22033898305084754,6,1
97369,left,L3,530,-0.277777778,-0.457627119,-4,-9
97370,left,L2,171,0.666666667,-0.694915254,-16,-4
97371,left,L1,587,0.4444444444444444,0.728813559,7,15
97372,left,L1,93,-0.611111111,0.084745763,7,-4
97373,left,L3,644,-0.666666667,0.5932203389830508,15,3
97374,left,L3,435,0.6111111111111112,-0.593220339,-14,-3
97375,left,L2,447,-0.111111111,0.050847458,2,0
97376,left,L2,152,0.38888888888888906,-0.525423729,-11,-4
97377,left,L1,245,-0.5,-0.118644068,3,-6
97378,left,L1,713,-0.666666667,0.5254237288135593,14,2
97380,left,L2,743,0.7222222222222221,-0.661016949,-16,-3
97381,left,L1,112,-0.611111111,0.016949152542372836,6,-5
97382,left,L3,72,0,-0.966101695,-14,-14
97383,left,L3,104,-0.055555556,-0.93220339,-13,-14
97384,left,L1,498,0.666666667,0.3220338983050848,-1,11
97385,left,L2,337,-0.555555556,-0.220338983,2,-8
97386,left,L1,756,0.5555555555555554,0.6610169491525424,5,15
97387,left,L1,335,0.22222222222222232,0.2542372881355932,2,6
97388,left,L2,203,0.38888888888888906,-0.050847458,-4,3
97389,left,L1,290,0.5555555555555554,-0.830508475,-17,-7
97390,left,L2,715,0.4444444444444444,0.3220338983050848,1,9
97391,left,L3,340,-0.388888889,0.5593220338983051,12,5
97392,left,L1,10,0.6111111111111112,-0.525423729,-13,-2
97393,left,L2,263,-0.333333333,0.11864406779661008,5,-1
97394,left,L2,237,-0.166666667,0.8983050847457628,15,12
97395,left,L1,579,-0.333333333,-0.355932203,-2,-8
97396,left,L2,696,-0.222222222,0.5254237288135593,10,6
97397,left,L2,626,-0.555555556,-0.288135593,1,-9
97398,left,L2,17,0.16666666666666674,-0.186440678,-4,-1
97399,left,L2,199,0,-0.423728814,-6,-6
97400,left,L2,769,0.5,-0.93220339,-18,-9
97401,left,L1,463,0.6111111111111112,0.5593220338983051,3,14
97402,left,L1,166,0,0.5932203389830508,9,9
97403,left,L2,378,-0.333333333,0.5932203389830508,12,6
97406,left,L2,472,0.16666666666666674,0.8305084745762712,11,14
97407,left,L1,9,0.5,0.2881355932203389,0,9
97408,left,L1,197,0,-0.694915254,-10,-10
97409,left,L2,392,-0.388888889,0.22033898305084754,7,0
97410,left,L3,185,0.2777777777777777,-0.389830508,-8,-3
97411,left,L1,511,0.6111111111111112,-0.389830508,-11,0
97412,left,L2,75,-0.666666667,0.4576271186440677,13,1
97413,left,L3,146,0.11111111111111116,-0.220338983,-4,-2
97414,left,L3,284,0.055555556,0.8305084745762712,12,13
97416,left,L1,725,-0.333333333,-0.830508475,-9,-15
97417,left,L3,95,0.5,-0.728813559,-15,-6
97418,left,L1,572,-0.833333333,0.084745763,9,-6
97419,left,L1,446,0.22222222222222232,-0.491525424,-9,-5
97420,left,L1,738,-0.277777778,0.423728814,9,4
97421,left,L1,11,0.7777777777777779,-0.491525424,-14,0
97422,left,L1,440,0.16666666666666674,0.7627118644067796,10,13
97423,left,L1,309,-0.666666667,0.38983050847457634,12,0
97424,left,L2,708,-0.388888889,-0.86440678,-9,-16
97425,left,L2,615,-0.722222222,-0.254237288,3,-10
97426,left,L2,686,0.5555555555555554,-0.762711864,-16,-6
97427,left,L3,650,-0.277777778,-0.86440678,-10,-15
97428,left,L3,271,0.4444444444444444,0.18644067796610164,-1,7
97429,left,L2,640,-0.111111111,-0.559322034,-7,-9
97430,left,L1,126,0.38888888888888906,0.35593220338983045,2,9
97431,left,L3,400,0.16666666666666674,-1,-16,-13
97433,left,L1,370,-0.277777778,0.6949152542372881,13,8
97434,left,L2,784,-0.388888889,0.9661016949152543,18,11
97435,left,L1,54,-0.388888889,0.084745763,5,-2
97436,left,L3,324,0.3333333333333335,0.7966101694915255,9,15
97437,left,L1,125,0.6111111111111112,0.2881355932203389,-1,10
97438,left,L2,11,0.7777777777777779,-0.491525424,-14,0
97439,left,L1,639,-0.388888889,0.6271186440677967,13,6
97440,left,L3,672,-0.833333333,0.35593220338983045,13,-2
97441,left,L3,326,0.22222222222222232,0.5254237288135593,6,10
97442,left,L1,14,0.055555556,-0.93220339,-14,-13
97443,left,L3,420,0.7222222222222221,-0.118644068,-8,5
97444,left,L2,644,-0.666666667,0.5932203389830508,15,3
97445,left,L3,520,-0.222222222,-0.762711864,-9,-13
97446,left,L3,582,-0.055555556,0.7627118644067796,12,11
97447,left,L3,291,0.7777777777777779,0.050847458,-6,8
97448,left,L3,425,0.3333333333333335,0.6610169491525424,7,13
97449,left,L1,174,0.5,-0.525423729,-12,-3
97450,left,L3,484,0.38888888888888906,-0.322033898,-8,-1
97451,left,L2,194,0.055555556,-0.186440678,-3,-2
97452,left,L1,743,0.7222222222222221,-0.661016949,-16,-3
97453,left,L2,725,-0.333333333,-0.830508475,-9,-15
97454,left,L1,300,0.4444444444444444,-0.627118644,-13,-5
97455,left,L1,248,-0.666666667,-0.016949153,6,-6
97456,left,L1,287,-0.5,0.423728814,11,2
97457,left,L1,611,-0.111111111,-0.627118644,-8,-10
97458,left,L1,618,-0.111111111,0.7966101694915255,13,11
97459,left,L3,401,-0.166666667,-0.661016949,-8,-11
97460,left,L1,744,-0.388888889,0.8305084745762712,16,9
97461,left,L2,281,-1,0.050847458,10,-8
97462,left,L1,720,-0.5,0.6949152542372881,15,6
97463,left,L1,4,-0.5,-0.728813559,-6,-15
97464,left,L1,632,0.3333333333333335,-0.694915254,-13,-7
97465,left,L1,430,-0.277777778,-0.254237288,-1,-6
97466,left,L1,589,-0.055555556,-0.186440678,-2,-3
97467,left,L2,363,0.7777777777777779,-0.152542373,-9,5
97468,left,L2,35,0.11111111111111116,-0.830508475,-13,-11
97469,left,L2,646,0.666666667,-0.830508475,-18,-6
97470,left,L2,40,-0.222222222,-0.220338983,-1,-5
97471,left,L3,232,-0.388888889,0.423728814,10,3
97472,left,L3,474,-0.277777778,-0.593220339,-6,-11
97473,left,L3,207,0.16666666666666674,0.9661016949152543,13,16
97474,left,L2,476,-0.055555556,0.4915254237288136,8,7
97475,left,L2,556,0,0.3220338983050848,5,5
97476,left,L2,156,-0.944444444,0.016949152542372836,9,-8
97477,left,L1,750,0.4444444444444444,-0.830508475,-16,-8
97478,left,L1,337,-0.555555556,-0.220338983,2,-8
97479,left,L1,413,-0.166666667,-0.254237288,-2,-5
97480,left,L1,149,0.666666667,-0.491525424,-13,-1
97481,left,L1,294,0.11111111111111116,-0.694915254,-11,-9
97482,left,L2,19,-0.722222222,0.5593220338983051,15,2
97483,left,L3,630,0.4444444444444444,0.2542372881355932,0,8
97484,left,L1,187,0.38888888888888906,0.6949152542372881,7,14
97485,left,L2,425,0.3333333333333335,0.6610169491525424,7,13
97486,left,L1,423,0.3333333333333335,-0.627118644,-12,-6
97487,left,L2,642,-0.5,-0.389830508,-1,-10
97488,left,L3,727,0.7777777777777779,0.18644067796610164,-4,10
97489,left,L3,286,0,-0.830508475,-12,-12
97490,left,L2,391,0.5,-0.118644068,-6,3
97491,left,L3,776,0.6111111111111112,0.6949152542372881,5,16
97492,left,L1,254,0.3333333333333335,-0.830508475,-15,-9
97493,left,L1,711,-0.055555556,0.6271186440677967,10,9
97494,left,L1,380,-0.055555556,0.9661016949152543,15,14
97495,left,L1,274,0.666666667,0.11864406779661008,-4,8
97496,left,L3,327,0.6111111111111112,0.084745763,-4,7
97497,left,L3,231,0.4444444444444444,-0.423728814,-10,-2
97498,left,L2,611,-0.111111111,-0.627118644,-8,-10
97499,left,L1,433,0,-0.288135593,-4,-4
97500,left,L3,46,-0.5,0.4915254237288136,12,3
97501,left,L1,570,0.2777777777777777,0.8305084745762712,10,15
97502,left,L3,706,0.6111111111111112,-0.93220339,-19,-8
97503,left,L3,225,0.22222222222222232,-0.898305085,-15,-11
97504,left,L1,525,-0.111111111,-0.694915254,-9,-11
97505,left,L2,410,-0.222222222,-0.084745763,1,-3
97506,left,L2,283,-0.444444444,0.11864406779661008,6,-2
97507,left,L2,52,-0.111111111,-0.762711864,-10,-12
97508,left,L2,44,0.5555555555555554,-0.355932203,-10,0
97509,left,L1,345,0.3333333333333335,-0.423728814,-9,-3
97510,left,L2,667,0.11111111111111116,-0.966101695,-15,-13
97511,left,L2,79,0.2777777777777777,0.016949152542372836,-2,3
97512,left,L3,313,0.8333333333333333,0.084745763,-6,9
97513,left,L2,481,0.4444444444444444,-0.288135593,-8,0
97514,left,L3,213,0.3333333333333335,-0.152542373,-5,1
97515,left,L2,230,0.2777777777777777,0.2881355932203389,2,7
97518,left,L3,697,0.11111111111111116,-0.762711864,-12,-10
97519,left,L3,331,0.16666666666666674,-0.525423729,-9,-6
97520,left,L3,649,-0.055555556,0.15254237288135597,3,2
97521,left,L3,124,0.16666666666666674,-0.254237288,-5,-2
97522,left,L3,69,0.11111111111111116,0.2542372881355932,3,5
97523,left,L2,28,0.5555555555555554,0.18644067796610164,-2,8
97524,left,L3,241,0.2777777777777777,-0.593220339,-11,-6
97525,left,L2,569,0.666666667,0.18644067796610164,-3,9
97526,left,L3,8,-0.444444444,0.8644067796610169,17,9
97527,left,L3,749,-0.166666667,0.016949152542372836,2,-1
97528,left,L1,351,-0.055555556,-0.593220339,-8,-9
97529,left,L1,521,0.7222222222222221,-0.322033898,-11,2
97530,left,L1,567,-0.222222222,0.728813559,13,9
97531,left,L2,731,-0.611111111,0.2881355932203389,10,-1
97532,left,L1,538,-0.388888889,0.016949152542372836,4,-3
97533,left,L2,350,0.16666666666666674,0.4915254237288136,6,9
97534,left,L2,213,0.3333333333333335,-0.152542373,-5,1
97535,left,L2,146,0.11111111111111116,-0.220338983,-4,-2
97536,left,L2,746,-0.277777778,0.084745763,4,-1
97537,left,L2,418,-0.166666667,0.4915254237288136,9,6
97538,left,L1,111,0.22222222222222232,-0.830508475,-14,-10
97539,left,L1,67,-0.166666667,-0.457627119,-5,-8
97540,left,L2,756,0.5555555555555554,0.6610169491525424,5,15
97541,left,L1,606,-0.055555556,-0.661016949,-9,-10
97542,left,L2,375,-0.611111111,0.22033898305084754,9,-2
97543,left,L2,750,0.4444444444444444,-0.830508475,-16,-8
97544,left,L3,272,0.3333333333333335,-0.084745763,-4,2
97545,left,L1,103,0.8333333333333333,0.2881355932203389,-3,12
97546,left,L1,361,0.055555556,-0.254237288,-4,-3
97547,left,L1,467,-0.222222222,-0.694915254,-8,-12
97548,left,L2,344,-0.166666667,-0.525423729,-6,-9
97549,left,L2,379,0.38888888888888906,-0.593220339,-12,-5
97550,left,L2,32,0,0.38983050847457634,6,6
97551,left,L2,200,-0.555555556,0.38983050847457634,11,1
97552,left,L3,101,-0.777777778,0.18644067796610164,10,-4
97553,left,L2,625,-0.222222222,0.7966101694915255,14,10
97554,left,L3,23,-0.333333333,-0.559322034,-5,-11
97555,left,L1,107,0.8888888888888888,-0.084745763,-9,7
97556,left,L3,374,0.2777777777777777,0.423728814,4,9
97557,left,L3,641,-0.833333333,-0.186440678,5,-10
97558,left,L3,172,0.11111111111111116,0.728813559,10,12
97559,left,L2,495,0.5,0.15254237288135597,-2,7
97560,left,L3,302,0.2777777777777777,0.5593220338983051,6,11
97561,left,L2,757,0,-0.220338983,-3,-3
97562,left,L1,314,-0.944444444,0.15254237288135597,11,-6
97563,left,L2,488,0.8333333333333333,0.15254237288135597,-5,10
97564,left,L3,380,-0.055555556,0.9661016949152543,15,14
97565,left,L1,352,-0.222222222,0.9322033898305084,16,12
97566,left,L1,237,-0.166666667,0.8983050847457628,15,12
97567,left,L3,591,0.38888888888888906,-0.118644068,-5,2
97568,left,L2,143,-0.444444444,0.5254237288135593,12,4
97569,left,L2,322,0.22222222222222232,0.8644067796610169,11,15
97570,left,L1,322,0.22222222222222232,0.8644067796610169,11,15
97571,left,L2,684,-0.611111111,0.5593220338983051,14,3
97572,left,L3,161,0.4444444444444444,-0.491525424,-11,-3
97573,left,L2,622,-0.555555556,0.6610169491525424,15,5
97574,left,L1,699,-0.555555556,-0.016949153,5,-5
97575,left,L1,500,0.7777777777777779,-0.288135593,-11,3
97576,left,L1,608,0.11111111111111116,0.3220338983050848,4,6
97577,left,L1,358,-0.277777778,0.5593220338983051,11,6
97578,left,L3,718,-0.555555556,0.7966101694915255,17,7
97579,left,L1,449,0.666666667,-0.559322034,-14,-2
97580,left,L3,405,0.3333333333333335,0.3220338983050848,2,8
97581,left,L3,437,-0.333333333,0.38983050847457634,9,3
97582,left,L2,94,0.5555555555555554,0.5932203389830508,4,14
97583,left,L1,387,-0.055555556,-0.525423729,-7,-8
97584,left,L2,4,-0.5,-0.728813559,-6,-15
97585,left,L1,373,0.16666666666666674,-0.728813559,-12,-9
97586,left,L2,33,0.3333333333333335,0.5932203389830508,6,12
97587,left,L1,575,0.7222222222222221,0.2881355932203389,-2,11
97589,left,L2,645,-0.388888889,0.8983050847457628,17,10
97590,left,L1,576,0,0.9322033898305084,14,14
97592,left,L3,587,0.4444444444444444,0.728813559,7,15
97593,left,L2,536,0.3333333333333335,0.11864406779661008,-1,5
97594,left,L3,267,-0.666666667,0.050847458,7,-5
97595,left,L1,689,-0.222222222,0.5932203389830508,11,7
97596,left,L3,31,0,0.5254237288135593,8,8
97597,left,L1,131,-0.666666667,0.6610169491525424,16,4
97598,left,L2,636,0,0.18644067796610164,3,3
97599,left,L1,493,-0.277777778,0.7627118644067796,14,9
97600,left,L2,231,0.4444444444444444,-0.423728814,-10,-2
97601,left,L1,315,-0.333333333,-0.220338983,0,-6
97602,left,L3,130,0.22222222222222232,0.38983050847457634,4,8
97603,left,L2,8,-0.444444444,0.8644067796610169,17,9
97604,left,L2,125,0.6111111111111112,0.2881355932203389,-1,10
97606,left,L2,150,-0.833333333,0.15254237288135597,10,-5
97607,left,L1,503,0.38888888888888906,0.5593220338983051,5,12
97608,left,L1,574,-0.611111111,0.15254237288135597,8,-3
97609,left,L2,496,0.7777777777777779,0.2542372881355932,-3,11
97611,left,L2,190,-0.277777778,-0.186440678,0,-5
97612,left,L1,211,-0.722222222,-0.050847458,6,-7
97613,left,L3,784,-0.388888889,0.9661016949152543,18,11
97614,left,L3,359,0.2777777777777777,0.7627118644067796,9,14
97615,left,L3,283,-0.444444444,0.11864406779661008,6,-2
97616,left,L3,203,0.38888888888888906,-0.050847458,-4,3
97617,left,L3,419,-0.277777778,-0.389830508,-3,-8
97618,left,L2,259,-0.722222222,-0.186440678,4,-9
97619,left,L2,533,0,-0.559322034,-8,-8
97620,left,L3,384,-0.666666667,-0.084745763,5,-7
97621,left,L1,191,-0.055555556,-0.389830508,-5,-6
97622,left,L2,376,-0.777777778,-0.355932203,2,-12
97623,left,L1,422,-0.777777778,-0.152542373,5,-9
97624,left,L3,414,0.5,0.6949152542372881,6,15
97625,left,L1,452,0.16666666666666674,-0.322033898,-6,-3
97626,left,L1,497,0.7222222222222221,0.016949152542372836,-6,7
97627,left,L1,95,0.5,-0.728813559,-15,-6
97629,left,L2,735,0.16666666666666674,-0.796610169,-13,-10
97630,left,L2,151,-0.333333333,-0.491525424,-4,-10
97631,left,L2,45,-0.5,-0.050847458,4,-5
97632,left,L3,37,0.16666666666666674,0.15254237288135597,1,4
97633,left,L2,204,0.5555555555555554,-0.084745763,-6,4
97634,left,L2,381,0.5555555555555554,-0.898305085,-18,-8
97635,left,L2,453,0.38888888888888906,0.8305084745762712,9,16
97636,left,L3,574,-0.611111111,0.15254237288135597,8,-3
97637,left,L2,384,-0.666666667,-0.084745763,5,-7
97638,left,L1,214,-0.5,0.084745763,6,-3
97639,left,L1,644,-0.666666667,0.5932203389830508,15,3
97640,left,L3,201,-0.833333333,0.2881355932203389,12,-3
97641,left,L2,415,0.666666667,0.38983050847457634,0,12
97642,left,L1,170,-0.5,0.016949152542372836,5,-4
97643,left,L1,343,-0.277777778,0.8983050847457628,16,11
97644,left,L1,273,-0.611111111,0.7627118644067796,17,6
97645,left,L2,721,0.6111111111111112,0.423728814,1,12
97646,left,L1,156,-0.944444444,0.016949152542372836,9,-8
97647,left,L3,731,-0.611111111,0.2881355932203389,10,-1
97648,left,L2,700,0.6111111111111112,0.4915254237288136,2,13
97649,left,L2,252,0.38888888888888906,0.7627118644067796,8,15
97650,left,L2,59,-0.222222222,0.050847458,3,-1
97651,left,L3,584,0.5,0.7627118644067796,7,16
97652,left,L3,376,-0.777777778,-0.355932203,2,-12
97653,left,L3,764,0.8333333333333333,0.35593220338983045,-2,13
97654,left,L2,154,-0.888888889,-0.016949153,8,-8
97655,left,L1,666,0.8333333333333333,-0.457627119,-14,1
97656,left,L1,569,0.666666667,0.18644067796610164,-3,9
97657,left,L2,532,-0.833333333,0.22033898305084754,11,-4
97658,left,L3,64,0.5,-0.796610169,-16,-7
97659,left,L1,368,-0.444444444,-0.694915254,-6,-14
97660,left,L1,407,-0.555555556,-0.355932203,0,-10
97662,left,L1,367,-0.611111111,-0.525423729,-2,-13
97663,left,L1,656,0.055555556,-0.389830508,-6,-5
97664,left,L1,247,-0.388888889,-0.525423729,-4,-11
97665,left,L1,157,-0.055555556,-0.254237288,-3,-4
97666,left,L3,189,0.7222222222222221,0.423728814,0,13
97667,left,L2,758,0.6111111111111112,-0.050847458,-6,5
97668,left,L2,766,0.22222222222222232,-0.152542373,-4,0
97669,left,L2,164,-0.111111111,-0.084745763,0,-2
97670,left,L3,42,-0.111111111,0.4576271186440677,8,6
97671,left,L1,344,-0.166666667,-0.525423729,-6,-9
97672,left,L3,298,-0.5,0.15254237288135597,7,-2
97674,left,L3,319,-0.166666667,0.15254237288135597,4,1
97675,left,L3,470,0.5,-0.322033898,-9,0
97677,left,L2,97,-0.555555556,0.050847458,6,-4
97678,left,L1,773,0.6111111111111112,-0.661016949,-15,-4
97679,left,L3,217,0.7222222222222221,0.4915254237288136,1,14
97680,left,L2,98,-0.111111111,-0.423728814,-5,-7
97681,left,L2,77,0.2777777777777777,-0.186440678,-5,0
97682,left,L1,195,-0.277777778,-0.050847458,2,-3
97683,left,L3,478,-0.777777778,0.5254237288135593,15,1
97684,left,L1,771,0.38888888888888906,-0.93220339,-17,-10
97685,left,L1,180,0.2777777777777777,-0.93220339,-16,-11
97686,left,L2,551,-0.388888889,-0.322033898,-1,-8
97687,left,L3,664,0.16666666666666674,-0.93220339,-15,-12
97688,left,L2,166,0,0.5932203389830508,9,9
97689,left,L2,14,0.055555556,-0.93220339,-14,-13
97690,left,L2,567,-0.222222222,0.728813559,13,9
97691,left,L2,153,0.8888888888888888,-0.016949153,-8,8
97692,left,L3,742,-0.388888889,0.35593220338983045,9,2
97693,left,L2,586,0.22222222222222232,0.5932203389830508,7,11
97694,left,L3,59,-0.222222222,0.050847458,3,-1
97695,left,L1,620,0.8333333333333333,0.016949152542372836,-7,8
97696,left,L1,215,0.7222222222222221,0.22033898305084754,-3,10
97697,left,L1,355,-0.777777778,-0.220338983,4,-10
97698,left,L3,412,-0.611111111,0.6949152542372881,16,5
97699,left,L2,119,-0.222222222,0.18644067796610164,5,1
97700,left,L1,295,-0.166666667,0.9661016949152543,16,13
97701,left,L3,490,-0.555555556,0.18644067796610164,8,-2
97702,left,L1,533,0,-0.559322034,-8,-8
97703,left,L1,577,0.5555555555555554,-0.491525424,-12,-2
97704,left,L1,340,-0.388888889,0.5593220338983051,12,5
97705,left,L1,232,-0.388888889,0.423728814,10,3
97706,left,L3,549,0.055555556,-0.322033898,-5,-4
97707,left,L2,566,0.5555555555555554,-0.288135593,-9,1
97708,left,L3,619,-0.388888889,-0.661016949,-6,-13
97709,left,L3,430,-0.277777778,-0.254237288,-1,-6
97710,left,L1,347,-0.5,-0.457627119,-2,-11
97711,left,L1,16,-0.222222222,-0.559322034,-6,-10
97712,left,L1,118,0.38888888888888906,0.016949152542372836,-3,4
97713,left,L3,111,0.22222222222222232,-0.830508475,-14,-10
97714,left,L3,625,-0.222222222,0.7966101694915255,14,10
97715,left,L2,148,-0.722222222,-0.389830508,1,-12
97716,left,L1,200,-0.555555556,0.38983050847457634,11,1
97718,left,L3,573,0.4444444444444444,0.4576271186440677,3,11
97719,left,L2,181,0.11111111111111116,-0.152542373,-3,-1
97720,left,L1,462,-0.111111111,0.5932203389830508,10,8
97721,left,L3,390,-0.611111111,-0.322033898,1,-10
97722,left,L3,640,-0.111111111,-0.559322034,-7,-9
97723,left,L1,137,0.6111111111111112,-0.254237288,-9,2
97724,left,L3,58,0.3333333333333335,0.38983050847457634,3,9
97725,left,L2,332,0.4444444444444444,-0.898305085,-17,-9
97726,left,L2,291,0.7777777777777779,0.050847458,-6,8
97727,left,L1,128,0.3333333333333335,-0.762711864,-14,-8
97728,left,L1,377,0.055555556,0.22033898305084754,3,4
97729,left,L2,541,-0.444444444,0.4576271186440677,11,3
97730,left,L1,607,0.11111111111111116,0.5932203389830508,8,10
97731,left,L3,728,0.7777777777777779,0.38983050847457634,-1,13
97732,left,L1,281,-1,0.050847458,10,-8
97733,left,L2,365,0.5,0.22033898305084754,-1,8
97734,left,L1,85,0.4444444444444444,-0.762711864,-15,-7
97735,left,L3,531,0.11111111111111116,-0.016949153,-1,1
97736,left,L3,237,-0.166666667,0.8983050847457628,15,12
97737,left,L1,80,0.5,0.423728814,2,11
97738,left,L3,702,-0.5,0.7627118644067796,16,7
97739,left,L1,176,-0.166666667,0.423728814,8,5
97740,left,L2,610,0.2777777777777777,-0.796610169,-14,-9
97741,left,L3,655,0.7222222222222221,-0.050847458,-7,6
97742,left,L3,301,-0.555555556,0.5254237288135593,13,3
97743,left,L3,119,-0.222222222,0.18644067796610164,5,1
97744,left,L3,322,0.22222222222222232,0.8644067796610169,11,15
97745,left,L3,561,0.6111111111111112,0.22033898305084754,-2,9
97747,left,L3,82,-0.722222222,0.22033898305084754,10,-3
97748,left,L1,719,0.16666666666666674,0.8983050847457628,12,15
97749,left,L3,583,0.38888888888888906,-0.86440678,-16,-9
97750,left,L1,583,0.38888888888888906,-0.86440678,-16,-9
97751,left,L1,378,-0.333333333,0.5932203389830508,12,6
97752,left,L3,154,-0.888888889,-0.016949153,8,-8
97753,left,L1,252,0.38888888888888906,0.7627118644067796,8,15
97754,left,L1,21,-0.166666667,0.6271186440677967,11,8
97755,left,L1,383,-0.611111111,0.35593220338983045,11,0
97756,left,L1,763,-0.555555556,0.4576271186440677,12,2
97757,left,L1,470,0.5,-0.322033898,-9,0
97759,left,L1,384,-0.666666667,-0.084745763,5,-7
97762,left,L2,315,-0.333333333,-0.220338983,0,-6
97763,left,L2,335,0.22222222222222232,0.2542372881355932,2,6
97764,left,L3,222,-0.333333333,0.8644067796610169,16,10
97765,left,L1,400,0.16666666666666674,-1,-16,-13
97766,left,L2,128,0.3333333333333335,-0.762711864,-14,-8
97767,left,L3,391,0.5,-0.118644068,-6,3
97768,left,L2,209,-0.333333333,-0.288135593,-1,-7
97769,left,L1,171,0.666666667,-0.694915254,-16,-4
97770,left,L1,228,-0.722222222,0.016949152542372836,7,-6
97771,left,L3,144,0.8333333333333333,-0.389830508,-13,2
97772,left,L1,476,-0.055555556,0.4915254237288136,8,7
97773,left,L2,665,0.7777777777777779,-0.084745763,-8,6
97774,left,L2,587,0.4444444444444444,0.728813559,7,15
97775,left,L2,716,0.4444444444444444,-0.220338983,-7,1
97776,left,L2,535,0.8888888888888888,-0.152542373,-10,6
97777,left,L1,239,-0.666666667,0.18644067796610164,9,-3
97778,left,L3,734,0.22222222222222232,-0.016949153,-2,2
97779,left,L2,439,-0.277777778,-0.322033898,-2,-7
97780,left,L2,602,0.4444444444444444,-0.084745763,-5,3
97781,left,L3,125,0.6111111111111112,0.2881355932203389,-1,10
97782,left,L3,750,0.4444444444444444,-0.830508475,-16,-8
97783,left,L3,186,-0.111111111,0.8644067796610169,14,12
97784,left,L2,126,0.38888888888888906,0.35593220338983045,2,9
97785,left,L3,360,-0.5,0.6271186440677967,14,5
97786,left,L1,517,0.7222222222222221,0.084745763,-5,8
97787,left,L1,56,0.16666666666666674,-0.457627119,-8,-5
97788,left,L3,373,0.16666666666666674,-0.728813559,-12,-9
97789,left,L1,136,0.055555556,0.084745763,1,2
97790,left,L3,71,-0.166666667,-0.118644068,0,-3
97792,left,L1,25,-0.944444444,0.084745763,10,-7
97793,left,L1,319,-0.166666667,0.15254237288135597,4,1
97794,left,L2,352,-0.222222222,0.9322033898305084,16,12
97795,left,L3,696,-0.222222222,0.5254237288135593,10,6
97796,left,L1,301,-0.555555556,0.5254237288135593,13,3
97797,left,L1,236,-0.111111111,0.11864406779661008,3,1
97798,left,L3,564,0.38888888888888906,-0.796610169,-15,-8
97799,left,L1,683,0.22222222222222232,0.18644067796610164,1,5
97800,left,L1,443,-0.666666667,0.11864406779661008,8,-4
97801,left,L1,143,-0.444444444,0.5254237288135593,12,4
97802,left,L2,10,0.6111111111111112,-0.525423729,-13,-2
97803,left,L3,585,-0.055555556,-0.796610169,-11,-12
97804,left,L1,753,-0.333333333,0.7966101694915255,15,9
97805,left,L3,16,-0.222222222,-0.559322034,-6,-10
97806,left,L2,74,-0.055555556,-0.322033898,-4,-5
97807,left,L2,206,-0.277777778,0.15254237288135597,5,0
97808,left,L2,295,-0.166666667,0.9661016949152543,16,13
97809,left,L1,15,0.2777777777777777,-0.118644068,-4,1
97810,left,L1,190,-0.277777778,-0.186440678,0,-5
97811,left,L2,187,0.38888888888888906,0.6949152542372881,7,14
97812,left,L2,193,-0.555555556,0.11864406779661008,7,-3
97813,left,L3,362,0.22222222222222232,-0.694915254,-12,-8
97814,left,L3,426,-0.333333333,-0.016949153,3,-3
97815,left,L1,104,-0.055555556,-0.93220339,-13,-14
97816,left,L1,114,0.2777777777777777,-0.457627119,-9,-4
97817,left,L1,657,-0.166666667,-0.86440678,-11,-14
97818,left,L2,393,-0.111111111,0.728813559,12,10
97819,left,L3,597,0.5,0.016949152542372836,-4,5
97820,left,L2,207,0.16666666666666674,0.9661016949152543,13,16
97821,left,L2,99,0.5,0.4915254237288136,3,12
97822,left,L2,711,-0.055555556,0.6271186440677967,10,9
97824,left,L3,26,0.16666666666666674,-0.118644068,-3,0
97825,left,L3,205,0.5555555555555554,-0.220338983,-8,2
97826,left,L3,345,0.3333333333333335,-0.423728814,-9,-3
97827,left,L1,372,0.11111111111111116,-0.084745763,-2,0
97828,left,L2,722,0.7222222222222221,-0.525423729,-14,-1
97829,left,L1,391,0.5,-0.118644068,-6,3
97830,left,L2,64,0.5,-0.796610169,-16,-7
97831,left,L3,472,0.16666666666666674,0.8305084745762712,11,14
97832,left,L1,543,-0.111111111,-0.152542373,-1,-3
97833,left,L1,776,0.6111111111111112,0.6949152542372881,5,16
97834,left,L1,113,-0.222222222,0.11864406779661008,4,0
97835,left,L2,737,0.055555556,0.6271186440677967,9,10
97836,left,L3,610,0.2777777777777777,-0.796610169,-14,-9
97837,left,L1,655,0.7222222222222221,-0.050847458,-7,6
97838,left,L3,612,-0.333333333,-0.898305085,-10,-16
97839,left,L1,458,0.5555555555555554,-0.016949153,-5,5
97840,left,L3,553,-0.333333333,0.5254237288135593,11,5
97841,left,L3,148,-0.722222222,-0.389830508,1,-12
97842,left,L3,685,-0.5,-0.322033898,0,-9
97843,left,L1,175,-0.611111111,-0.254237288,2,-9
97844,left,L3,652,-0.611111111,-0.389830508,0,-11
97845,left,L3,377,0.055555556,0.22033898305084754,3,4
97846,left,L2,396,-0.111111111,0.3220338983050848,6,4
97847,left,L2,251,-0.111111111,-0.491525424,-6,-8
97848,left,L2,54,-0.388888889,0.084745763,5,-2
97849,left,L2,575,0.7222222222222221,0.2881355932203389,-2,11
97850,left,L2,133,-0.333333333,0.6610169491525424,13,7
97851,left,L1,360,-0.5,0.6271186440677967,14,5
97852,left,L2,683,0.22222222222222232,0.18644067796610164,1,5
97853,left,L2,39,0,0.6610169491525424,10,10
97854,left,L1,739,-0.777777778,0.050847458,8,-6
97855,left,L1,79,0.2777777777777777,0.016949152542372836,-2,3
97856,left,L1,153,0.8888888888888888,-0.016949153,-8,8
97857,left,L1,189,0.7222222222222221,0.423728814,0,13
97858,left,L1,484,0.38888888888888906,-0.322033898,-8,-1
97859,left,L2,334,0.11111111111111116,-0.898305085,-14,-12
97860,left,L2,555,-0.388888889,0.2881355932203389,8,1
97861,left,L1,665,0.7777777777777779,-0.084745763,-8,6
97862,left,L1,213,0.3333333333333335,-0.152542373,-5,1
97863,left,L1,220,0.22222222222222232,-0.220338983,-5,-1
97864,left,L1,740,0.22222222222222232,-0.288135593,-6,-2
97865,left,L1,513,-0.388888889,-0.457627119,-3,-10
97866,left,L1,766,0.22222222222222232,-0.152542373,-4,0
97867,left,L3,190,-0.277777778,-0.186440678,0,-5
97868,left,L2,115,-0.444444444,0.050847458,5,-3
97869,left,L1,141,0.6111111111111112,-0.796610169,-17,-6
97870,left,L2,779,0.8888888888888888,0.18644067796610164,-5,11
97871,left,L3,30,0.666666667,0.5254237288135593,2,14
97872,left,L1,183,-0.5,-0.525423729,-3,-12
97873,left,L1,369,0.6111111111111112,-0.186440678,-8,3
97874,left,L1,460,-0.333333333,-0.694915254,-7,-13
97875,left,L1,485,-0.277777778,-0.118644068,1,-4
97876,left,L2,487,0.16666666666666674,-0.050847458,-2,1
97877,left,L1,89,0.16666666666666674,-0.661016949,-11,-8
97878,left,L3,254,0.3333333333333335,-0.830508475,-15,-9
97879,left,L2,656,0.055555556,-0.389830508,-6,-5
97880,left,L3,605,0.38888888888888906,0.4915254237288136,4,11
97881,left,L2,738,-0.277777778,0.423728814,9,4
97882,left,L3,176,-0.166666667,0.423728814,8,5
97883,left,L3,607,0.11111111111111116,0.5932203389830508,8,10
97884,left,L3,572,-0.833333333,0.084745763,9,-6
97885,left,L1,641,-0.833333333,-0.186440678,5,-10
97886,left,L3,80,0.5,0.423728814,2,11
97887,left,L3,733,-0.5,-0.593220339,-4,-13
97888,left,L1,475,-0.388888889,-0.050847458,3,-4
97889,left,L2,105,0.3333333333333335,0.728813559,8,14
97890,left,L2,629,0.4444444444444444,0.7966101694915255,8,16
97891,left,L2,739,-0.777777778,0.050847458,8,-6
97892,left,L2,170,-0.5,0.016949152542372836,5,-4
97893,left,L1,177,-0.166666667,-0.050847458,1,-2
97894,left,L2,196,-0.111111111,0.2542372881355932,5,3
97895,left,L3,135,-0.333333333,-0.762711864,-8,-14
97896,left,L3,63,0.4444444444444444,0.38983050847457634,2,10
97897,left,L3,118,0.38888888888888906,0.016949152542372836,-3,4
97898,left,L2,302,0.2777777777777777,0.5593220338983051,6,11
97900,left,L2,531,0.11111111111111116,-0.016949153,-1,1
97901,left,L1,502,0.5555555555555554,0.2542372881355932,-1,9
97902,left,L2,509,-0.444444444,0.3220338983050848,9,1
97903,left,L3,428,-0.166666667,0.7627118644067796,13,10
97904,left,L1,630,0.4444444444444444,0.2542372881355932,0,8
97906,left,L1,451,0.4444444444444444,0.6610169491525424,6,14
97907,left,L1,573,0.4444444444444444,0.4576271186440677,3,11
97908,left,L1,424,-0.333333333,-0.084745763,2,-4
97909,left,L2,498,0.666666667,0.3220338983050848,-1,11
97910,left,L1,244,-0.444444444,-0.423728814,-2,-10
97911,left,L1,636,0,0.18644067796610164,3,3
97912,left,L2,165,0.4444444444444444,0.5254237288135593,4,12
97914,left,L3,745,0.055555556,0.423728814,6,7
97915,left,L3,108,-0.333333333,-0.423728814,-3,-9
97916,left,L2,446,0.22222222222222232,-0.491525424,-9,-5
97917,left,L2,172,0.11111111111111116,0.728813559,10,12
97918,left,L3,771,0.38888888888888906,-0.93220339,-17,-10
97919,left,L3,679,0.4444444444444444,0.5932203389830508,5,13
97920,left,L1,278,-0.555555556,0.3220338983050848,10,0
97921,left,L1,224,0.055555556,0.15254237288135597,2,3
97922,left,L2,186,-0.111111111,0.8644067796610169,14,12
97923,left,L1,258,-0.388888889,-0.593220339,-5,-12
97924,left,L2,15,0.2777777777777777,-0.118644068,-4,1
97925,left,L3,755,0.5,0.6271186440677967,5,14
97926,left,L2,198,0.666666667,0.050847458,-5,7
97927,left,L3,248,-0.666666667,-0.016949153,6,-6
97928,left,L3,228,-0.722222222,0.016949152542372836,7,-6
97929,left,L2,212,0.22222222222222232,-0.559322034,-10,-6
97930,left,L1,472,0.16666666666666674,0.8305084745762712,11,14
97931,left,L3,143,-0.444444444,0.5254237288135593,12,4
97932,left,L1,659,-0.444444444,-0.220338983,1,-7
97933,left,L2,621,0.11111111111111116,0.7966101694915255,11,13
97934,left,L1,528,0.2777777777777777,0.22033898305084754,1,6
97935,left,L2,257,0.2777777777777777,0.6949152542372881,8,13
97936,left,L1,444,0.4444444444444444,-0.355932203,-9,-1
97937,left,L1,557,0.666666667,-0.355932203,-11,1
97938,left,L2,382,0.3333333333333335,-0.220338983,-6,0
97939,left,L3,602,0.4444444444444444,-0.084745763,-5,3
97941,left,L1,163,0.4444444444444444,0.8644067796610169,9,17
97942,left,L1,181,0.11111111111111116,-0.152542373,-3,-1
97943,left,L3,48,-0.444444444,-0.762711864,-7,-15
97944,left,L3,356,0,0.728813559,11,11
97945,left,L1,676,-0.277777778,-0.728813559,-8,-13
97946,left,L1,297,0.8333333333333333,-0.322033898,-12,3
97947,left,L1,117,-0.888888889,-0.084745763,7,-9
97948,left,L1,775,0.5555555555555554,0.728813559,6,16
97950,left,L2,129,0.055555556,-0.457627119,-7,-6
97951,left,L1,426,-0.333333333,-0.016949153,3,-3
97952,left,L1,101,-0.777777778,0.18644067796610164,10,-4
97953,left,L2,578,0.5,-0.389830508,-10,-1
97954,left,L1,59,-0.222222222,0.050847458,3,-1
97955,left,L3,547,-0.055555556,0.6949152542372881,11,10
97956,left,L1,679,0.4444444444444444,0.5932203389830508,5,13
97958,left,L1,494,0.055555556,0.9661016949152543,14,15
97959,left,L2,250,-0.055555556,0.016949152542372836,1,0
97960,left,L3,781,0.8888888888888888,0.050847458,-7,9
97961,left,L2,630,0.4444444444444444,0.2542372881355932,0,8
97962,left,L3,49,0.4444444444444444,-0.152542373,-6,2
97963,left,L3,766,0.22222222222222232,-0.152542373,-4,0
97964,left,L2,316,0.5555555555555554,-0.152542373,-7,3
97965,left,L3,158,0.38888888888888906,-0.186440678,-6,1
97966,left,L1,162,-0.444444444,-0.084745763,3,-5
97967,left,L1,78,0.22222222222222232,0.6610169491525424,8,12
97968,left,L3,308,-0.555555556,0.2542372881355932,9,-1
97969,left,L1,661,-0.333333333,0.4576271186440677,10,4
97970,left,L3,52,-0.111111111,-0.762711864,-10,-12
97971,left,L1,349,-0.555555556,-0.491525424,-2,-12
97972,left,L1,219,0.666666667,-0.152542373,-8,4
97973,left,L2,678,0.38888888888888906,-0.254237288,-7,0
97974,left,L1,414,0.5,0.6949152542372881,6,15
97975,left,L2,663,0,0.2542372881355932,4,4
97976,left,L3,683,0.22222222222222232,0.18644067796610164,1,5
97978,left,L3,350,0.16666666666666674,0.4915254237288136,6,9
97979,left,L2,561,0.6111111111111112,0.22033898305084754,-2,9
97980,left,L2,176,-0.166666667,0.423728814,8,5
97981,left,L2,406,0.16666666666666674,-0.86440678,-14,-11
97982,left,L1,610,0.2777777777777777,-0.796610169,-14,-9
97983,left,L2,71,-0.166666667,-0.118644068,0,-3
97984,left,L1,603,-0.277777778,-0.796610169,-9,-14
97985,left,L3,73,0.22222222222222232,0.050847458,-1,3
97986,left,L1,748,-0.444444444,0.6610169491525424,14,6
97987,left,L2,688,-0.777777778,0.3220338983050848,12,-2
97988,left,L3,278,-0.555555556,0.3220338983050848,10,0
97989,left,L2,749,-0.166666667,0.016949152542372836,2,-1
97990,left,L3,668,0.16666666666666674,0.6271186440677967,8,11
97991,left,L3,206,-0.277777778,0.15254237288135597,5,0
97992,left,L2,223,-0.222222222,0.8644067796610169,15,11
97993,left,L2,280,-0.666666667,-0.491525424,-1,-13
97994,left,L3,21,-0.166666667,0.6271186440677967,11,8
97995,left,L3,623,0.16666666666666674,0.423728814,5,8
97996,left,L2,29,-0.055555556,-0.118644068,-1,-2
97997,left,L2,459,0.6111111111111112,-0.118644068,-7,4
97998,left,L3,599,-0.055555556,0.2881355932203389,5,4
97999,left,L2,132,0.22222222222222232,0.11864406779661008,0,4
98000,left,L1,461,0.8333333333333333,-0.186440678,-10,5
98001,left,L1,389,0.4444444444444444,-0.966101695,-18,-10
98002,left,L2,631,0.11111111111111116,0.8644067796610169,12,14
98003,left,L1,785,0.9444444444444444,0.084745763,-7,10
98004,left,L1,403,-0.222222222,-0.423728814,-4,-8
98005,left,L2,57,0.7222222222222221,-0.389830508,-12,1
98006,left,L3,661,-0.333333333,0.4576271186440677,10,4
98007,left,L1,84,-0.222222222,0.38983050847457634,8,4
98008,left,L1,495,0.5,0.15254237288135597,-2,7
98009,left,L3,36,0.666666667,0.2542372881355932,-2,10
98010,left,L2,771,0.38888888888888906,-0.93220339,-17,-10
98011,left,L2,571,0,-0.491525424,-7,-7
98012,left,L3,229,0.5555555555555554,0.050847458,-4,6
98013,left,L3,709,-0.222222222,-0.830508475,-10,-14
98014,left,L1,701,0,-0.152542373,-2,-2
98015,left,L3,70,-0.388888889,0.6949152542372881,14,7
98016,left,L2,147,0.16666666666666674,0.6949152542372881,9,12
98017,left,L1,481,0.4444444444444444,-0.288135593,-8,0
98018,left,L2,271,0.4444444444444444,0.18644067796610164,-1,7
98019,left,L1,438,0.2777777777777777,0.8983050847457628,11,16
98020,left,L2,168,-0.055555556,0.5593220338983051,9,8
98021,left,L3,348,0.3333333333333335,0.4576271186440677,4,10
98022,left,L1,206,-0.277777778,0.15254237288135597,5,0
98023,left,L1,434,-0.277777778,0.22033898305084754,6,1
98024,left,L2,617,-0.166666667,-0.593220339,-7,-10
98025,left,L1,235,0.5,0.35593220338983045,1,10
98026,left,L3,382,0.3333333333333335,-0.220338983,-6,0
98027,left,L2,428,-0.166666667,0.7627118644067796,13,10
98028,left,L1,735,0.16666666666666674,-0.796610169,-13,-10
98029,left,L3,61,-0.444444444,-0.152542373,2,-6
98030,left,L3,147,0.16666666666666674,0.6949152542372881,9,12
98031,left,L3,512,0.666666667,-0.016949153,-6,6
98032,left,L1,338,-0.111111111,-0.016949153,1,-1
98033,left,L1,687,-0.611111111,-0.118644068,4,-7
98034,left,L3,65,-0.111111111,0.9322033898305084,15,13
98035,left,L1,129,0.055555556,-0.457627119,-7,-6
98036,left,L1,307,0.6111111111111112,-0.86440678,-18,-7
98037,left,L3,105,0.3333333333333335,0.728813559,8,14
98038,left,L1,707,-0.166666667,0.8305084745762712,14,11
98039,left,L1,364,0.4444444444444444,0.11864406779661008,-2,6
98040,left,L3,140,0.3333333333333335,0.2542372881355932,1,7
98041,left,L2,637,0.38888888888888906,-0.728813559,-14,-7
98042,left,L1,732,-0.333333333,0.18644067796610164,6,0
98043,left,L1,39,0,0.6610169491525424,10,10
98044,left,L3,534,0.3333333333333335,0.050847458,-2,4
98045,left,L2,525,-0.111111111,-0.694915254,-9,-11
98046,left,L1,471,0.3333333333333335,-0.898305085,-16,-10
98047,left,L1,348,0.3333333333333335,0.4576271186440677,4,10
98048,left,L2,307,0.6111111111111112,-0.86440678,-18,-7
98049,left,L2,694,0.5,0.084745763,-3,6
98050,left,L1,325,0.6111111111111112,0.016949152542372836,-5,6
98051,left,L2,58,0.3333333333333335,0.38983050847457634,3,9
98052,left,L2,474,-0.277777778,-0.593220339,-6,-11
98053,left,L2,304,0.7222222222222221,0.15254237288135597,-4,9
98054,left,L1,229,0.5555555555555554,0.050847458,-4,6
98055,left,L3,19,-0.722222222,0.5593220338983051,15,2
98056,left,L1,251,-0.111111111,-0.491525424,-6,-8
98057,left,L3,255,-0.611111111,-0.457627119,-1,-12
98058,left,L1,83,0.2777777777777777,-0.728813559,-13,-8
98059,left,L3,440,0.16666666666666674,0.7627118644067796,10,13
98060,left,L2,277,0.8333333333333333,-0.118644068,-9,6
98061,left,L1,404,-0.111111111,0.6610169491525424,11,9
98062,left,L2,294,0.11111111111111116,-0.694915254,-11,-9
98063,left,L1,151,-0.333333333,-0.491525424,-4,-10
98064,left,L2,256,0.5555555555555554,-0.694915254,-15,-5
98065,left,L3,756,0.5555555555555554,0.6610169491525424,5,15
98066,left,L2,3,0.666666667,-0.423728814,-12,0
98067,left,L2,248,-0.666666667,-0.016949153,6,-6
98068,left,L1,218,0.22222222222222232,0.3220338983050848,3,7
98069,left,L1,306,0.38888888888888906,0.22033898305084754,0,7
98071,left,L2,513,-0.388888889,-0.457627119,-3,-10
98072,left,L3,109,0.5,-0.186440678,-7,2
98073,left,L3,386,-0.611111111,0.6271186440677967,15,4
98074,left,L3,115,-0.444444444,0.050847458,5,-3
98075,left,L2,229,0.5555555555555554,0.050847458,-4,6
98076,left,L2,768,0.38888888888888906,0.15254237288135597,-1,6
98078,left,L3,482,0.16666666666666674,0.5593220338983051,7,10
98079,left,L3,388,0.38888888888888906,0.6271186440677967,6,13
98080,left,L1,631,0.11111111111111116,0.8644067796610169,12,14
98081,left,L1,268,0.7777777777777779,-0.220338983,-10,4
98082,left,L1,442,-0.5,0.8305084745762712,17,8
98083,left,L1,586,0.22222222222222232,0.5932203389830508,7,11
98084,left,L2,185,0.2777777777777777,-0.389830508,-8,-3
98085,left,L3,410,-0.222222222,-0.084745763,1,-3
98086,left,L3,503,0.38888888888888906,0.5593220338983051,5,12
98087,left,L3,50,-0.166666667,0.6949152542372881,12,9
98088,left,L1,271,0.4444444444444444,0.18644067796610164,-1,7
98089,left,L3,177,-0.166666667,-0.050847458,1,-2
98090,left,L1,662,0.2777777777777777,-0.050847458,-3,2
98091,left,L3,92,0.055555556,0.2881355932203389,4,5
98092,left,L1,663,0,0.2542372881355932,4,4
98093,left,L2,377,0.055555556,0.22033898305084754,3,4
98094,left,L1,437,-0.333333333,0.38983050847457634,9,3
98095,left,L2,329,0,0.7966101694915255,12,12
98097,left,L3,774,-0.888888889,0.18644067796610164,11,-5
98098,left,L2,364,0.4444444444444444,0.11864406779661008,-2,6
98099,left,L3,335,0.22222222222222232,0.2542372881355932,2,6
98100,left,L2,51,0.055555556,-0.661016949,-10,-9
98101,left,L1,627,0.055555556,-0.050847458,-1,0
98102,left,L1,115,-0.444444444,0.050847458,5,-3
98103,left,L1,265,-0.611111111,-0.050847458,5,-6
98104,left,L1,519,-0.5,-0.186440678,2,-7
98105,left,L1,496,0.7777777777777779,0.2542372881355932,-3,11
98106,left,L1,779,0.8888888888888888,0.18644067796610164,-5,11
98107,left,L2,84,-0.222222222,0.38983050847457634,8,4
98108,left,L1,613,0.7222222222222221,-0.796610169,-18,-5
98109,left,L2,693,-0.277777778,0.8305084745762712,15,10
98110,left,L3,204,0.5555555555555554,-0.084745763,-6,4
98111,left,L2,523,0.22222222222222232,0.4576271186440677,5,9
98112,left,L3,690,-0.722222222,-0.118644068,5,-8
98113,left,L3,516,0.7777777777777779,-0.627118644,-16,-2
98114,left,L3,433,0,-0.288135593,-4,-4
98115,left,L3,184,-0.611111111,-0.186440678,3,-8
98116,left,L1,61,-0.444444444,-0.152542373,2,-6
98117,left,L2,139,0.11111111111111116,-0.491525424,-8,-6
98118,left,L2,16,-0.222222222,-0.559322034,-6,-10
98119,left,L2,108,-0.333333333,-0.423728814,-3,-9
98120,left,L2,192,0.7777777777777779,0.3220338983050848,-2,12
98121,left,L2,705,0.16666666666666674,0.016949152542372836,-1,2
98122,left,L3,720,-0.5,0.6949152542372881,15,6
98123,left,L3,483,0.2777777777777777,-0.254237288,-6,-1
98124,left,L1,670,0.6111111111111112,0.15254237288135597,-3,8
98125,left,L1,119,-0.222222222,0.18644067796610164,5,1
98126,left,L1,386,-0.611111111,0.6271186440677967,15,4
98127,left,L1,179,-0.555555556,-0.559322034,-3,-13
98128,left,L1,427,0.5555555555555554,-0.627118644,-14,-4
98129,left,L1,390,-0.611111111,-0.322033898,1,-10
98130,left,L1,139,0.11111111111111116,-0.491525424,-8,-6
98132,left,L2,519,-0.5,-0.186440678,2,-7
98133,left,L2,619,-0.388888889,-0.661016949,-6,-13
98134,left,L3,760,0.055555556,0.5593220338983051,8,9
98135,left,L3,385,-0.333333333,-0.627118644,-6,-12
98136,left,L3,560,-0.777777778,0.4576271186440677,14,0
98137,left,L1,331,0.16666666666666674,-0.525423729,-9,-6
98138,left,L3,724,0.4444444444444444,0.050847458,-3,5
98139,left,L2,24,-0.111111111,-0.355932203,-4,-6
98140,left,L2,524,0.4444444444444444,-0.694915254,-14,-6
98141,left,L1,682,0.666666667,-0.288135593,-10,2
98142,left,L2,729,-0.277777778,0.9661016949152543,17,12
98143,left,L2,506,0.11111111111111116,-0.423728814,-7,-5
98144,left,L2,169,0,-0.627118644,-9,-9
98145,left,L1,145,0,0.11864406779661008,2,2
98146,left,L1,491,0.8333333333333333,-0.050847458,-8,7
98147,left,L3,153,0.8888888888888888,-0.016949153,-8,8
98148,left,L1,105,0.3333333333333335,0.728813559,8,14
98150,left,L1,70,-0.388888889,0.6949152542372881,14,7
98151,left,L3,355,-0.777777778,-0.220338983,4,-10
98152,left,L2,660,0.22222222222222232,0.9322033898305084,12,16
98153,left,L1,282,0,0.8644067796610169,13,13
98154,left,L2,432,-0.5,0.22033898305084754,8,-1
98155,left,L1,628,0,-0.016949153,0,0
98156,left,L2,68,0.3333333333333335,0.5254237288135593,5,11
98157,left,L1,291,0.7777777777777779,0.050847458,-6,8
98158,left,L2,356,0,0.728813559,11,11
98159,left,L3,567,-0.222222222,0.728813559,13,9
98160,left,L1,382,0.3333333333333335,-0.220338983,-6,0
98161,left,L2,174,0.5,-0.525423729,-12,-3
98162,left,L2,588,0.11111111111111116,0.11864406779661008,1,3
98163,left,L2,504,-0.166666667,0.2881355932203389,6,3
98164,left,L2,111,0.22222222222222232,-0.830508475,-14,-10
98165,left,L3,367,-0.611111111,-0.525423729,-2,-13
98166,left,L3,265,-0.611111111,-0.050847458,5,-6
98167,left,L2,507,-0.555555556,-0.423728814,-1,-11
98168,left,L3,67,-0.166666667,-0.457627119,-5,-8
98169,left,L2,227,-0.722222222,0.15254237288135597,9,-4
98170,left,L2,682,0.666666667,-0.288135593,-10,2
98171,left,L3,14,0.055555556,-0.93220339,-14,-13
98172,left,L3,238,-0.833333333,-0.118644068,6,-9
98173,left,L2,478,-0.777777778,0.5254237288135593,15,1
98174,left,L3,432,-0.5,0.22033898305084754,8,-1
98175,left,L3,568,-0.666666667,-0.288135593,2,-10
98176,left,L1,202,-0.055555556,0.8983050847457628,14,13
98178,left,L2,553,-0.333333333,0.5254237288135593,11,5
98179,left,L2,214,-0.5,0.084745763,6,-3
98180,left,L2,591,0.38888888888888906,-0.118644068,-5,2
98181,left,L3,239,-0.666666667,0.18644067796610164,9,-3
98182,left,L3,465,0.3333333333333335,-0.016949153,-3,3
98183,left,L1,210,-0.666666667,0.2542372881355932,10,-2
98184,left,L1,76,-0.333333333,-0.152542373,1,-5
98185,left,L2,606,-0.055555556,-0.661016949,-9,-10
98186,left,L1,492,-0.777777778,-0.084745763,6,-8
98187,left,L2,480,0.38888888888888906,-0.661016949,-13,-6
98188,left,L2,704,-0.777777778,0.2542372881355932,11,-3
98189,left,L3,281,-1,0.050847458,10,-8
98190,left,L2,149,0.666666667,-0.491525424,-13,-1
98191,left,L2,359,0.2777777777777777,0.7627118644067796,9,14
98192,left,L1,41,-0.333333333,0.9322033898305084,17,11
98193,left,L2,240,-0.388888889,-0.118644068,2,-5
98194,left,L3,464,0.4444444444444444,-0.016949153,-4,4
98195,left,L1,418,-0.166666667,0.4915254237288136,9,6
98196,left,L1,741,-0.222222222,-0.491525424,-5,-9
98197,left,L2,114,0.2777777777777777,-0.457627119,-9,-4
98198,left,L1,546,0.3333333333333335,0.18644067796610164,0,6
98199,left,L2,492,-0.777777778,-0.084745763,6,-8
98200,left,L3,17,0.16666666666666674,-0.186440678,-4,-1
98201,left,L1,398,-0.333333333,0.728813559,14,8
98202,left,L2,56,0.16666666666666674,-0.457627119,-8,-5
98203,left,L2,537,0.055555556,-0.796610169,-12,-11
98204,left,L3,710,0.5,-0.86440678,-17,-8
98206,left,L3,309,-0.666666667,0.38983050847457634,12,0
98207,left,L1,540,-0.166666667,-0.322033898,-3,-6
98208,left,L3,633,-0.111111111,-0.830508475,-11,-13
98209,left,L2,538,-0.388888889,0.016949152542372836,4,-3
98210,left,L3,460,-0.333333333,-0.694915254,-7,-13
98211,left,L3,705,0.16666666666666674,0.016949152542372836,-1,2
98212,left,L2,440,0.16666666666666674,0.7627118644067796,10,13
98213,left,L1,648,0.16666666666666674,0.22033898305084754,2,5
98214,left,L1,108,-0.333333333,-0.423728814,-3,-9
98215,left,L1,749,-0.166666667,0.016949152542372836,2,-1
98216,left,L3,570,0.2777777777777777,0.8305084745762712,10,15
98217,left,L2,557,0.666666667,-0.355932203,-11,1
98218,left,L3,249,0.22222222222222232,-0.423728814,-8,-4
98219,left,L2,100,0.22222222222222232,-0.355932203,-7,-3
98220,left,L3,447,-0.111111111,0.050847458,2,0
98222,left,L3,275,-0.833333333,-0.050847458,7,-8
98223,left,L2,241,0.2777777777777777,-0.593220339,-11,-6
98224,left,L2,278,-0.555555556,0.3220338983050848,10,0
98226,left,L2,145,0,0.11864406779661008,2,2
98227,left,L3,468,-0.277777778,0.35593220338983045,8,3
98228,left,L3,438,0.2777777777777777,0.8983050847457628,11,16
98229,left,L2,102,0.38888888888888906,0.423728814,3,10
98230,left,L2,770,0.5555555555555554,0.11864406779661008,-3,7
98231,left,L3,127,0.055555556,0.4915254237288136,7,8
98232,left,L1,601,0.11111111111111116,0.5254237288135593,7,9
98233,left,L3,164,-0.111111111,-0.084745763,0,-2
98234,left,L2,597,0.5,0.016949152542372836,-4,5
98235,left,L2,763,-0.555555556,0.4576271186440677,12,2
98236,left,L3,450,0.2777777777777777,-0.322033898,-7,-2
98237,left,L3,40,-0.222222222,-0.220338983,-1,-5
98238,left,L1,530,-0.277777778,-0.457627119,-4,-9
98239,left,L3,517,0.7222222222222221,0.084745763,-5,8
98240,left,L3,454,0.5555555555555554,-0.423728814,-11,-1
98241,left,L2,670,0.6111111111111112,0.15254237288135597,-3,8
98242,left,L2,539,-0.611111111,0.4915254237288136,13,2
98243,left,L1,168,-0.055555556,0.5593220338983051,9,8
98244,left,L1,316,0.5555555555555554,-0.152542373,-7,3
98245,left,L2,235,0.5,0.35593220338983045,1,10
98247,left,L2,7,-0.666666667,-0.220338983,3,-9
98248,left,L2,685,-0.5,-0.322033898,0,-9
98249,left,L1,724,0.4444444444444444,0.050847458,-3,5
98250,left,L2,668,0.16666666666666674,0.6271186440677967,8,11
98251,left,L3,211,-0.722222222,-0.050847458,6,-7
98252,left,L1,560,-0.777777778,0.4576271186440677,14,0
98253,left,L1,365,0.5,0.22033898305084754,-1,8
98254,left,L1,723,-0.166666667,-0.389830508,-4,-7
98255,left,L2,562,-0.555555556,-0.084745763,4,-6
98256,left,L3,198,0.666666667,0.050847458,-5,7
98257,left,L3,617,-0.166666667,-0.593220339,-7,-10
98258,left,L2,461,0.8333333333333333,-0.186440678,-10,5
98259,left,L2,78,0.22222222222222232,0.6610169491525424,8,12
98260,left,L3,300,0.4444444444444444,-0.627118644,-13,-5
98261,left,L3,618,-0.111111111,0.7966101694915255,13,11
98262,left,L3,274,0.666666667,0.11864406779661008,-4,8
98263,left,L1,439,-0.277777778,-0.322033898,-2,-7
98264,left,L3,208,0.6111111111111112,-0.728813559,-16,-5
98265,left,L1,28,0.5555555555555554,0.18644067796610164,-2,8
98266,left,L3,768,0.38888888888888906,0.15254237288135597,-1,6
98268,left,L2,675,-0.722222222,0.6271186440677967,16,3
98269,left,L2,689,-0.222222222,0.5932203389830508,11,7
98270,left,L3,329,0,0.7966101694915255,12,12
98271,left,L1,693,-0.277777778,0.8305084745762712,15,10
98272,left,L2,219,0.666666667,-0.152542373,-8,4
98275,left,L1,169,0,-0.627118644,-9,-9
98277,left,L1,646,0.666666667,-0.830508475,-18,-6
98278,left,L2,189,0.7222222222222221,0.423728814,0,13
98279,left,L1,419,-0.277777778,-0.389830508,-3,-8
98280,left,L2,411,-0.5,-0.661016949,-5,-14
98281,left,L2,286,0,-0.830508475,-12,-12
98282,left,L2,594,0.7777777777777779,-0.559322034,-15,-1
98283,left,L3,669,0.4444444444444444,-0.559322034,-12,-4
98284,left,L1,5,-0.111111111,0.5254237288135593,9,7
98285,left,L2,157,-0.055555556,-0.254237288,-3,-4
98286,left,L3,18,0.5555555555555554,-0.559322034,-13,-3
98287,left,L1,371,0.7222222222222221,-0.186440678,-9,4
98289,left,L2,65,-0.111111111,0.9322033898305084,15,13
98290,left,L3,634,-0.277777778,-0.525423729,-5,-10
