root_id,hemisphere,type,column_id,x,y,p,q
39112,right,L1,188,0.5,0.5593220338983051,13,4
39113,right,L1,135,0.3333333333333335,-0.762711864,-8,-14
39114,right,L3,580,0.16666666666666674,-0.796610169,-10,-13
39115,right,L2,591,-0.388888889,-0.118644068,-5,2
39116,right,L1,231,-0.444444444,-0.423728814,-10,-2
39117,right,L2,678,-0.388888889,-0.254237288,-7,0
39118,right,L1,728,-0.777777778,0.38983050847457634,-1,13
39119,right,L2,128,-0.333333333,-0.762711864,-14,-8
39120,right,L2,173,-0.277777778,-0.86440678,-15,-10
39121,right,L3,197,0,-0.694915254,-10,-10
39122,right,L3,194,-0.055555556,-0.186440678,-3,-2
39123,right,L1,646,-0.722222222,0.5593220338983051,2,15
39124,right,L3,614,0.22222222222222232,-0.288135593,-2,-6
39125,right,L2,34,-0.666666667,0.5932203389830508,3,15
39126,right,L2,209,0.3333333333333335,-0.288135593,-1,-7
39127,right,L1,654,0.3333333333333335,0.2542372881355932,7,1
39128,right,L2,673,-0.277777778,0.15254237288135597,0,5
39129,right,L1,779,-0.555555556,0.7966101694915255,7,17
39130,right,L3,779,-0.555555556,0.7966101694915255,7,17
39131,right,L1,64,-0.5,-0.796610169,-16,-7
39132,right,L2,555,0.38888888888888906,0.2881355932203389,8,1
39133,right,L2,65,0.11111111111111116,0.9322033898305084,15,13
39134,right,L3,382,-0.333333333,-0.220338983,-6,0
39135,right,L1,115,0.4444444444444444,0.050847458,5,-3
39136,right,L1,440,-0.166666667,0.7627118644067796,10,13
39137,right,L2,254,-0.333333333,-0.830508475,-15,-9
39138,right,L3,290,-0.555555556,-0.830508475,-17,-7
39139,right,L2,43,0.5555555555555554,0.5932203389830508,14,4
39140,right,L1,376,0.7777777777777779,-0.355932203,2,-12
39141,right,L3,214,0.5,0.084745763,6,-3
39142,right,L3,703,0.2777777777777777,0.016949152542372836,3,-2
39143,right,L1,121,0.8888888888888888,0.11864406779661008,10,-6
39144,right,L2,153,-0.888888889,-0.016949153,-8,8
39145,right,L2,491,-0.833333333,-0.050847458,-8,7
39146,right,L2,329,0,0.7966101694915255,12,12
39147,right,L2,333,-0.055555556,-0.728813559,-11,-10
39148,right,L2,581,-0.388888889,0.2881355932203389,1,8
39149,right,L2,141,-0.611111111,-0.796610169,-17,-6
39150,right,L1,460,0.3333333333333335,-0.694915254,-7,-13
39151,right,L2,357,-0.5,0.5593220338983051,4,13
39152,right,L3,304,-0.722222222,0.15254237288135597,-4,9
39153,right,L2,400,-0.166666667,-1,-16,-13
39155,right,L2,376,0.7777777777777779,-0.355932203,2,-12
39156,right,L3,455,-0.833333333,-0.254237288,-11,4
39157,right,L3,87,-0.166666667,0.35593220338983045,4,7
39158,right,L1,145,0,0.11864406779661008,2,2
39159,right,L1,416,-0.333333333,-0.288135593,-7,-1
39160,right,L2,12,0.7222222222222221,0.2881355932203389,11,-2
39161,right,L1,619,0.38888888888888906,-0.661016949,-6,-13
39162,right,L1,177,0.16666666666666674,-0.050847458,1,-2
39163,right,L3,538,0.38888888888888906,0.016949152542372836,4,-3
39164,right,L1,53,-0.555555556,0.4576271186440677,2,12
39165,right,L2,383,0.6111111111111112,0.35593220338983045,11,0
39166,right,L1,370,0.2777777777777777,0.6949152542372881,13,8
39167,right,L3,654,0.3333333333333335,0.2542372881355932,7,1
39168,right,L2,97,0.5555555555555554,0.050847458,6,-4
39169,right,L2,728,-0.777777778,0.38983050847457634,-1,13
39170,right,L3,305,0.7777777777777779,0.11864406779661008,9,-5
39171,right,L3,218,-0.222222222,0.3220338983050848,3,7
39172,right,L1,46,0.5,0.4915254237288136,12,3
39173,right,L2,434,0.2777777777777777,0.22033898305084754,6,1
39174,right,L3,695,0.666666667,0.3220338983050848,11,-1
39175,right,L2,40,0.22222222222222232,-0.220338983,-1,-5
39176,right,L2,377,-0.055555556,0.22033898305084754,3,4
39177,right,L2,453,-0.388888889,0.8305084745762712,9,16
39178,right,L1,356,0,0.728813559,11,11
39179,right,L1,638,0.055555556,0.22033898305084754,4,3
39180,right,L2,663,0,0.2542372881355932,4,4
39181,right,L1,739,0.7777777777777779,0.050847458,8,-6
39182,right,L1,60,0.8888888888888888,0.2542372881355932,12,-4
39183,right,L2,679,-0.444444444,0.5932203389830508,5,13
39184,right,L2,666,-0.833333333,-0.457627119,-14,1
39185,right,L3,410,0.22222222222222232,-0.084745763,1,-3
39186,right,L3,403,0.22222222222222232,-0.423728814,-4,-8
39187,right,L1,690,0.7222222222222221,-0.118644068,5,-8
39188,right,L3,771,-0.388888889,-0.93220339,-17,-10
39189,right,L2,545,-0.611111111,0.35593220338983045,0,11
39190,right,L1,4,0.5,-0.728813559,-6,-15
39191,right,L3,325,-0.611111111,0.016949152542372836,-5,6
39192,right,L3,463,-0.611111111,0.5593220338983051,3,14
39193,right,L1,319,0.16666666666666674,0.15254237288135597,4,1
39194,right,L1,477,0.3333333333333335,0.050847458,4,-2
39195,right,L1,251,0.11111111111111116,-0.491525424,-6,-8
39196,right,L2,469,0.7222222222222221,0.423728814,13,0
39197,right,L2,94,-0.555555556,0.5932203389830508,4,14
39198,right,L2,702,0.5,0.7627118644067796,16,7
39199,right,L3,430,0.2777777777777777,-0.254237288,-1,-6
39200,right,L1,292,0.4444444444444444,0.5932203389830508,13,5
39201,right,L2,726,-0.222222222,-0.966101695,-16,-12
39202,right,L2,525,0.11111111111111116,-0.694915254,-9,-11
39203,right,L1,140,-0.333333333,0.2542372881355932,1,7
39204,right,L2,231,-0.444444444,-0.423728814,-10,-2
39205,right,L3,118,-0.388888889,0.016949152542372836,-3,4
39206,right,L1,301,0.5555555555555554,0.5254237288135593,13,3
39207,right,L1,34,-0.666666667,0.5932203389830508,3,15
39208,right,L1,132,-0.222222222,0.11864406779661008,0,4
39209,right,L1,116,0.11111111111111116,-0.288135593,-3,-5
39210,right,L3,764,0.8888888888888888,-0.220338983,5,-11
39211,right,L3,333,-0.055555556,-0.728813559,-11,-10
39212,right,L3,272,-0.333333333,-0.084745763,-4,2
39213,right,L1,363,-0.777777778,-0.152542373,-9,5
39214,right,L2,560,0.7777777777777779,0.4576271186440677,14,0
39215,right,L3,711,0.055555556,0.6271186440677967,10,9
39216,right,L3,303,0.5555555555555554,0.728813559,16,6
39217,right,L3,619,0.38888888888888906,-0.661016949,-6,-13
39218,right,L2,579,0.3333333333333335,-0.355932203,-2,-8
39219,right,L3,606,0.055555556,-0.661016949,-9,-10
39220,right,L3,257,-0.277777778,0.6949152542372881,8,13
39221,right,L2,467,0.22222222222222232,-0.694915254,-8,-12
39222,right,L2,561,-0.611111111,0.22033898305084754,-2,9
39223,right,L2,534,-0.333333333,0.050847458,-2,4
39224,right,L2,248,0.666666667,-0.016949153,6,-6
39225,right,L3,297,-0.833333333,-0.322033898,-12,3
39226,right,L1,671,0.38888888888888906,-0.796610169,-8,-15
39227,right,L1,349,0.5555555555555554,-0.491525424,-2,-12
39228,right,L3,433,0,-0.288135593,-4,-4
39229,right,L2,458,-0.555555556,-0.016949153,-5,5
39230,right,L1,681,0.16666666666666674,-0.728813559,-9,-12
39231,right,L1,713,0.666666667,0.5254237288135593,14,2
39232,right,L3,45,0.5,-0.050847458,4,-5
39233,right,L1,26,-0.166666667,-0.118644068,-3,0
39234,right,L3,238,0.8333333333333333,-0.118644068,6,-9
39235,right,L2,117,0.8888888888888888,-0.084745763,7,-9
39236,right,L1,147,-0.166666667,0.6949152542372881,9,12
39237,right,L3,656,-0.055555556,-0.389830508,-6,-5
39238,right,L1,206,0.2777777777777777,0.15254237288135597,5,0
39239,right,L2,771,-0.388888889,-0.93220339,-17,-10
39240,right,L3,140,-0.333333333,0.2542372881355932,1,7
39241,right,L1,625,0.22222222222222232,0.7966101694915255,14,10
39242,right,L3,278,0.5555555555555554,0.3220338983050848,10,0
39243,right,L3,412,0.6111111111111112,0.6949152542372881,16,5
39244,right,L1,682,-0.666666667,-0.288135593,-10,2
39245,right,L1,611,0.11111111111111116,-0.627118644,-8,-10
39246,right,L1,242,0.4444444444444444,0.18644067796610164,7,-1
39247,right,L2,18,-0.555555556,-0.559322034,-13,-3
39248,right,L1,434,0.2777777777777777,0.22033898305084754,6,1
39249,right,L2,178,-0.277777778,0.35593220338983045,3,8
39250,right,L2,627,-0.055555556,-0.050847458,-1,0
39251,right,L3,473,0.38888888888888906,0.7627118644067796,15,8
39252,right,L3,240,0.38888888888888906,-0.118644068,2,-5
39253,right,L1,459,-0.611111111,-0.118644068,-7,4
39254,right,L1,496,-0.777777778,0.2542372881355932,-3,11
39255,right,L3,392,0.38888888888888906,0.22033898305084754,7,0
39256,right,L1,278,0.5555555555555554,0.3220338983050848,10,0
39257,right,L3,311,0.7222222222222221,0.4915254237288136,14,1
39258,right,L3,127,-0.055555556,0.4915254237288136,7,8
39259,right,L1,255,0.6111111111111112,-0.457627119,-1,-12
39260,right,L3,500,-0.777777778,-0.288135593,-11,3
39261,right,L3,673,-0.277777778,0.15254237288135597,0,5
39262,right,L1,544,-0.388888889,-0.457627119,-10,-3
39264,right,L3,31,0,0.5254237288135593,8,8
39266,right,L1,451,-0.444444444,0.6610169491525424,6,14
39267,right,L2,494,-0.055555556,0.9661016949152543,14,15
39268,right,L2,639,0.38888888888888906,0.6271186440677967,13,6
39269,right,L2,227,0.7222222222222221,0.15254237288135597,9,-4
39270,right,L3,177,0.16666666666666674,-0.050847458,1,-2
39271,right,L3,12,0.7222222222222221,0.2881355932203389,11,-2
39272,right,L2,69,-0.111111111,0.2542372881355932,3,5
39273,right,L3,482,-0.166666667,0.5593220338983051,7,10
39274,right,L1,781,0.5555555555555554,0.8644067796610169,18,8
39275,right,L2,364,-0.444444444,0.11864406779661008,-2,6
39276,right,L3,137,-0.611111111,-0.254237288,-9,2
39277,right,L1,194,-0.055555556,-0.186440678,-3,-2
39278,right,L1,361,-0.055555556,-0.254237288,-4,-3
39279,right,L1,549,-0.055555556,-0.322033898,-5,-4
39280,right,L1,677,-0.055555556,0.35593220338983045,5,6
39281,right,L3,417,0.666666667,-0.355932203,1,-11
39282,right,L2,732,0.3333333333333335,0.18644067796610164,6,0
39283,right,L3,579,0.3333333333333335,-0.355932203,-2,-8
39284,right,L3,726,-0.222222222,-0.966101695,-16,-12
39285,right,L1,225,-0.222222222,-0.898305085,-15,-11
39286,right,L3,707,0.16666666666666674,0.8305084745762712,14,11
39287,right,L2,391,-0.5,-0.118644068,-6,3
39288,right,L1,244,0.4444444444444444,-0.423728814,-2,-10
39289,right,L1,198,-0.666666667,0.050847458,-5,7
39290,right,L2,157,0.055555556,-0.254237288,-3,-4
39291,right,L1,399,0.4444444444444444,-0.830508475,-8,-16
39292,right,L2,753,0.3333333333333335,0.7966101694915255,15,9
39293,right,L2,19,0.7222222222222221,0.5593220338983051,15,2
39294,right,L2,662,-0.277777778,-0.050847458,-3,2
39295,right,L2,9,-0.5,0.2881355932203389,0,9
39296,right,L2,236,0.11111111111111116,0.11864406779661008,3,1
39297,right,L3,150,0.8333333333333333,0.15254237288135597,10,-5
39298,right,L2,573,-0.444444444,0.4576271186440677,3,11
39299,right,L1,35,-0.111111111,-0.830508475,-13,-11
39300,right,L3,360,0.5,0.6271186440677967,14,5
39301,right,L3,587,-0.444444444,0.728813559,7,15
39302,right,L2,795,-0.722222222,-0.728813559,-17,-4
39303,right,L2,287,0.5,0.423728814,11,2
39304,right,L2,644,0.666666667,0.5932203389830508,15,3
39305,right,L1,317,0.5555555555555554,-0.152542373,3,-7
39306,right,L3,730,-0.777777778,-0.016949153,-7,7
39307,right,L1,311,0.7222222222222221,0.4915254237288136,14,1
39308,right,L3,350,-0.166666667,0.4915254237288136,6,9
39309,right,L1,615,0.7222222222222221,-0.254237288,3,-10
39310,right,L3,504,0.16666666666666674,0.2881355932203389,6,3
39311,right,L1,168,0.055555556,0.5593220338983051,9,8
39312,right,L2,207,-0.166666667,0.9661016949152543,13,16
39313,right,L3,142,0.22222222222222232,-0.627118644,-7,-11
39314,right,L3,260,0.2777777777777777,0.6271186440677967,12,7
39315,right,L2,722,-0.722222222,-0.525423729,-14,-1
39316,right,L1,792,-0.888888889,0.050847458,-7,9
39317,right,L3,67,0.16666666666666674,-0.457627119,-5,-8
39318,right,L3,542,-0.722222222,-0.457627119,-13,0
39319,right,L3,379,-0.388888889,-0.593220339,-12,-5
39320,right,L3,750,-0.444444444,-0.830508475,-16,-8
39321,right,L3,591,-0.388888889,-0.118644068,-5,2
39322,right,L1,385,0.3333333333333335,-0.627118644,-6,-12
39323,right,L3,405,-0.333333333,0.3220338983050848,2,8
39324,right,L1,226,-0.611111111,0.6271186440677967,4,15
39325,right,L1,583,-0.388888889,-0.86440678,-16,-9
39326,right,L1,750,-0.444444444,-0.830508475,-16,-8
39327,right,L1,164,0.11111111111111116,-0.084745763,0,-2
39328,right,L1,62,-0.055555556,-1,-15,-14
39329,right,L2,362,-0.222222222,-0.694915254,-12,-8
39330,right,L1,193,0.5555555555555554,0.11864406779661008,7,-3
39331,right,L1,339,-0.722222222,0.35593220338983045,-1,12
39332,right,L1,480,-0.388888889,-0.661016949,-13,-6
39333,right,L2,623,-0.166666667,0.423728814,5,8
39334,right,L3,391,-0.5,-0.118644068,-6,3
39335,right,L3,616,0.2777777777777777,0.4915254237288136,10,5
39336,right,L1,159,-0.833333333,0.22033898305084754,-4,11
39337,right,L1,700,-0.611111111,0.4915254237288136,2,13
39338,right,L1,697,-0.111111111,-0.762711864,-12,-10
39339,right,L3,188,0.5,0.5593220338983051,13,4
39340,right,L1,92,-0.055555556,0.2881355932203389,4,5
39341,right,L1,618,0.11111111111111116,0.7966101694915255,13,11
39342,right,L2,399,0.4444444444444444,-0.830508475,-8,-16
39343,right,L1,326,-0.222222222,0.5254237288135593,6,10
39344,right,L3,484,-0.388888889,-0.322033898,-8,-1
39345,right,L3,518,0.4444444444444444,0.728813559,15,7
39346,right,L1,360,0.5,0.6271186440677967,14,5
39347,right,L3,727,-0.777777778,0.18644067796610164,-4,10
39348,right,L2,605,-0.388888889,0.4915254237288136,4,11
39349,right,L2,359,-0.277777778,0.7627118644067796,9,14
39350,right,L1,778,-0.5,0.8305084745762712,8,17
39351,right,L2,643,-0.666666667,0.4576271186440677,1,13
39352,right,L2,101,0.7777777777777779,0.18644067796610164,10,-4
39353,right,L2,358,0.2777777777777777,0.5593220338983051,11,6
39354,right,L2,466,-0.111111111,0.4576271186440677,6,8
39355,right,L2,764,0.8888888888888888,-0.220338983,5,-11
39356,right,L3,205,-0.555555556,-0.220338983,-8,2
39357,right,L3,211,0.7222222222222221,-0.050847458,6,-7
39358,right,L2,552,-0.5,-0.050847458,-5,4
39359,right,L2,670,-0.611111111,0.15254237288135597,-3,8
39360,right,L3,543,0.11111111111111116,-0.152542373,-1,-3
39361,right,L3,704,0.7777777777777779,0.2542372881355932,11,-3
39362,right,L2,164,0.11111111111111116,-0.084745763,0,-2
39363,right,L3,235,-0.5,0.35593220338983045,1,10
39364,right,L1,725,0.3333333333333335,-0.830508475,-9,-15
39365,right,L2,382,-0.333333333,-0.220338983,-6,0
39366,right,L2,592,-0.333333333,-0.966101695,-17,-11
39367,right,L2,763,0.5555555555555554,0.4576271186440677,12,2
39368,right,L3,174,-0.5,-0.525423729,-12,-3
39369,right,L2,641,0.8333333333333333,-0.186440678,5,-10
39370,right,L2,542,-0.722222222,-0.457627119,-13,0
39371,right,L2,653,0.666666667,-0.423728814,0,-12
39372,right,L1,58,-0.333333333,0.38983050847457634,3,9
39373,right,L3,292,0.4444444444444444,0.5932203389830508,13,5
39374,right,L1,488,-0.833333333,0.15254237288135597,-5,10
39375,right,L2,84,0.22222222222222232,0.38983050847457634,8,4
39376,right,L1,95,-0.5,-0.728813559,-15,-6
39377,right,L1,208,-0.611111111,-0.728813559,-16,-5
39378,right,L1,24,0.11111111111111116,-0.355932203,-4,-6
39379,right,L2,613,0.8888888888888888,-0.152542373,6,-10
39380,right,L1,52,0.11111111111111116,-0.762711864,-10,-12
39381,right,L1,362,-0.222222222,-0.694915254,-12,-8
39382,right,L1,243,0.055555556,-0.728813559,-10,-11
39383,right,L1,598,-0.222222222,-0.627118644,-11,-7
39384,right,L2,57,-0.722222222,-0.389830508,-12,1
39385,right,L1,475,0.38888888888888906,-0.050847458,3,-4
39386,right,L3,255,0.6111111111111112,-0.457627119,-1,-12
39387,right,L2,568,0.666666667,-0.288135593,2,-10
39388,right,L2,259,0.7222222222222221,-0.186440678,4,-9
39390,right,L1,163,0.9444444444444444,0.22033898305084754,12,-5
39391,right,L2,586,-0.222222222,0.5932203389830508,7,11
39392,right,L1,36,-0.666666667,0.2542372881355932,-2,10
39393,right,L3,190,0.2777777777777777,-0.186440678,0,-5
39394,right,L1,502,-0.555555556,0.2542372881355932,-1,9
39395,right,L2,301,0.5555555555555554,0.5254237288135593,13,3
39396,right,L3,344,0.16666666666666674,-0.525423729,-6,-9
39397,right,L3,277,-0.833333333,-0.118644068,-9,6
39398,right,L2,265,0.6111111111111112,-0.050847458,5,-6
39399,right,L2,713,0.666666667,0.5254237288135593,14,2
39400,right,L2,290,-0.555555556,-0.830508475,-17,-7
39401,right,L3,249,-0.222222222,-0.423728814,-8,-4
39402,right,L3,309,0.666666667,0.38983050847457634,12,0
39403,right,L3,470,-0.5,-0.322033898,-9,0
39404,right,L2,457,0.16666666666666674,0.5593220338983051,10,7
39405,right,L2,392,0.38888888888888906,0.22033898305084754,7,0
39406,right,L1,336,-0.055555556,0.7627118644067796,11,12
39407,right,L1,222,0.3333333333333335,0.8644067796610169,16,10
39408,right,L1,296,-0.111111111,-0.627118644,-10,-8
39409,right,L1,241,-0.277777778,-0.593220339,-11,-6
39410,right,L3,247,0.38888888888888906,-0.525423729,-4,-11
39411,right,L3,583,-0.388888889,-0.86440678,-16,-9
39412,right,L1,586,-0.222222222,0.5932203389830508,7,11
39413,right,L2,731,0.6111111111111112,0.2881355932203389,10,-1
39414,right,L1,570,-0.277777778,0.8305084745762712,10,15
39415,right,L2,370,0.2777777777777777,0.6949152542372881,13,8
39416,right,L1,706,0.7777777777777779,-0.423728814,1,-13
39417,right,L3,715,-0.444444444,0.3220338983050848,1,9
39418,right,L1,511,-0.611111111,-0.389830508,-11,0
39419,right,L1,329,0,0.7966101694915255,12,12
39420,right,L3,187,-0.388888889,0.6949152542372881,7,14
39421,right,L2,433,0,-0.288135593,-4,-4
39422,right,L3,777,-0.666666667,0.6610169491525424,4,16
39423,right,L1,127,-0.055555556,0.4915254237288136,7,8
39424,right,L3,655,-0.722222222,-0.050847458,-7,6
39425,right,L2,187,-0.388888889,0.6949152542372881,7,14
39426,right,L2,751,-0.111111111,0.18644067796610164,2,4
39427,right,L3,336,-0.055555556,0.7627118644067796,11,12
39428,right,L3,665,-0.777777778,-0.084745763,-8,6
39429,right,L1,745,-0.055555556,0.423728814,6,7
39430,right,L3,334,-0.111111111,-0.898305085,-14,-12
39431,right,L1,647,0.38888888888888906,-0.254237288,0,-7
39432,right,L3,76,0.3333333333333335,-0.152542373,1,-5
39433,right,L2,237,0.16666666666666674,0.8983050847457628,15,12
39434,right,L3,364,-0.444444444,0.11864406779661008,-2,6
39435,right,L2,303,0.5555555555555554,0.728813559,16,6
39436,right,L1,721,-0.611111111,0.423728814,1,12
39437,right,L1,521,-0.722222222,-0.322033898,-11,2
39438,right,L2,192,-0.777777778,0.3220338983050848,-2,12
39439,right,L3,411,0.5,-0.661016949,-5,-14
39440,right,L1,20,-0.388888889,-0.389830508,-9,-2
39441,right,L2,435,-0.611111111,-0.593220339,-14,-3
39442,right,L1,482,-0.166666667,0.5593220338983051,7,10
39443,right,L1,795,-0.722222222,-0.728813559,-17,-4
39444,right,L1,189,-0.722222222,0.423728814,0,13
39445,right,L2,22,0.055555556,0.084745763,2,1
39446,right,L3,144,-0.833333333,-0.389830508,-13,2
39447,right,L1,457,0.16666666666666674,0.5593220338983051,10,7
39448,right,L2,566,-0.555555556,-0.288135593,-9,1
39449,right,L1,437,0.3333333333333335,0.38983050847457634,9,3
39450,right,L3,52,0.11111111111111116,-0.762711864,-10,-12
39451,right,L2,120,0.055555556,-0.050847458,0,-1
39452,right,L3,229,-0.555555556,0.050847458,-4,6
39453,right,L2,515,0.8333333333333333,-0.254237288,4,-11
39454,right,L2,147,-0.166666667,0.6949152542372881,9,12
39455,right,L1,346,0.7222222222222221,-0.322033898,2,-11
39456,right,L2,396,0.11111111111111116,0.3220338983050848,6,4
39457,right,L2,267,0.666666667,0.050847458,7,-5
39458,right,L1,676,0.2777777777777777,-0.728813559,-8,-13
39459,right,L2,460,0.3333333333333335,-0.694915254,-7,-13
39460,right,L1,397,0.2777777777777777,-0.661016949,-7,-12
39461,right,L1,195,0.2777777777777777,-0.050847458,2,-3
39462,right,L2,735,-0.166666667,-0.796610169,-13,-10
39463,right,L2,614,0.22222222222222232,-0.288135593,-2,-6
39464,right,L2,247,0.38888888888888906,-0.525423729,-4,-11
39465,right,L2,8,0.4444444444444444,0.8644067796610169,17,9
39466,right,L2,166,0,0.5932203389830508,9,9
39467,right,L1,248,0.666666667,-0.016949153,6,-6
39468,right,L3,535,-0.888888889,-0.152542373,-10,6
39469,right,L3,116,0.11111111111111116,-0.288135593,-3,-5
39470,right,L1,290,-0.555555556,-0.830508475,-17,-7
39471,right,L1,497,-0.722222222,0.016949152542372836,-6,7
39472,right,L2,510,0.16666666666666674,0.35593220338983045,7,4
39473,right,L2,87,-0.166666667,0.35593220338983045,4,7
39474,right,L1,118,-0.388888889,0.016949152542372836,-3,4
39475,right,L2,668,-0.166666667,0.6271186440677967,8,11
39476,right,L1,780,0.6111111111111112,0.8305084745762712,18,7
39477,right,L3,163,0.9444444444444444,0.22033898305084754,12,-5
39478,right,L3,770,-0.555555556,0.11864406779661008,-3,7
39479,right,L2,39,0,0.6610169491525424,10,10
39480,right,L3,571,0,-0.491525424,-7,-7
39481,right,L3,61,0.4444444444444444,-0.152542373,2,-6
39482,right,L3,231,-0.444444444,-0.423728814,-10,-2
39483,right,L3,687,0.6111111111111112,-0.118644068,4,-7
39484,right,L3,441,-0.333333333,-0.559322034,-11,-5
39485,right,L1,709,0.22222222222222232,-0.830508475,-10,-14
39486,right,L1,330,-0.388888889,0.084745763,-2,5
39487,right,L1,445,0.22222222222222232,0.2542372881355932,6,2
39488,right,L1,449,-0.666666667,-0.559322034,-14,-2
39489,right,L3,720,0.5,0.6949152542372881,15,6
39490,right,L2,228,0.7222222222222221,0.016949152542372836,7,-6
39491,right,L1,237,0.16666666666666674,0.8983050847457628,15,12
39492,right,L1,264,0.11111111111111116,-0.220338983,-2,-4
39493,right,L1,428,0.16666666666666674,0.7627118644067796,13,10
39494,right,L3,498,-0.666666667,0.3220338983050848,-1,11
39495,right,L1,107,-0.888888889,-0.084745763,-9,7
39496,right,L2,707,0.16666666666666674,0.8305084745762712,14,11
39497,right,L2,655,-0.722222222,-0.050847458,-7,6
39498,right,L3,420,-0.722222222,-0.118644068,-8,5
39499,right,L3,789,0.2777777777777777,-0.93220339,-11,-16
39500,right,L2,697,-0.111111111,-0.762711864,-12,-10
39501,right,L2,124,-0.166666667,-0.254237288,-5,-2
39503,right,L1,645,0.38888888888888906,0.8983050847457628,17,10
39504,right,L1,217,-0.722222222,0.4915254237288136,1,14
39505,right,L2,589,0.055555556,-0.186440678,-2,-3
39506,right,L3,285,-0.666666667,-0.627118644,-15,-3
39507,right,L3,676,0.2777777777777777,-0.728813559,-8,-13
39508,right,L3,162,0.4444444444444444,-0.084745763,3,-5
39509,right,L2,61,0.4444444444444444,-0.152542373,2,-6
39510,right,L2,326,-0.222222222,0.5254237288135593,6,10
39511,right,L2,416,-0.333333333,-0.288135593,-7,-1
39512,right,L1,688,0.7777777777777779,0.3220338983050848,12,-2
39513,right,L2,760,-0.055555556,0.5593220338983051,8,9
39514,right,L2,699,0.5555555555555554,-0.016949153,5,-5
39515,right,L1,228,0.7222222222222221,0.016949152542372836,7,-6
39516,right,L3,123,0.8888888888888888,0.3220338983050848,13,-3
39517,right,L3,737,-0.055555556,0.6271186440677967,9,10
39518,right,L2,516,-0.777777778,-0.627118644,-16,-2
39519,right,L3,664,-0.166666667,-0.93220339,-15,-12
39520,right,L3,550,0.16666666666666674,0.084745763,3,0
39521,right,L2,417,0.666666667,-0.355932203,1,-11
39522,right,L3,153,-0.888888889,-0.016949153,-8,8
39523,right,L3,499,-0.555555556,0.3220338983050848,0,10
39524,right,L3,496,-0.777777778,0.2542372881355932,-3,11
39525,right,L1,426,0.3333333333333335,-0.016949153,3,-3
39526,right,L1,768,-0.388888889,0.15254237288135597,-1,6
39527,right,L3,34,-0.666666667,0.5932203389830508,3,15
39528,right,L2,90,0.38888888888888906,0.15254237288135597,6,-1
39529,right,L3,322,-0.222222222,0.8644067796610169,11,15
39530,right,L2,522,0.4444444444444444,-0.016949153,4,-4
39531,right,L1,601,-0.111111111,0.5254237288135593,7,9
39532,right,L1,77,-0.277777778,-0.186440678,-5,0
39533,right,L1,775,-0.555555556,0.728813559,6,16
39534,right,L3,7,0.666666667,-0.220338983,3,-9
39535,right,L2,139,-0.111111111,-0.491525424,-8,-6
39536,right,L2,289,0.055555556,0.35593220338983045,6,5
39537,right,L2,243,0.055555556,-0.728813559,-10,-11
39538,right,L3,291,-0.777777778,0.050847458,-6,8
39539,right,L1,102,-0.388888889,0.423728814,3,10
39540,right,L1,204,-0.555555556,-0.084745763,-6,4
39541,right,L1,512,-0.666666667,-0.016949153,-6,6
39542,right,L1,753,0.3333333333333335,0.7966101694915255,15,9
39543,right,L3,330,-0.388888889,0.084745763,-2,5
39544,right,L1,659,0.4444444444444444,-0.220338983,1,-7
39545,right,L2,49,-0.444444444,-0.152542373,-6,2
39546,right,L2,171,-0.666666667,-0.694915254,-16,-4
39547,right,L3,540,0.16666666666666674,-0.322033898,-3,-6
39548,right,L3,373,-0.166666667,-0.728813559,-12,-9
39549,right,L2,635,-0.666666667,-0.220338983,-9,3
39550,right,L2,468,0.2777777777777777,0.35593220338983045,8,3
39551,right,L1,61,0.4444444444444444,-0.152542373,2,-6
39552,right,L1,80,-0.5,0.423728814,2,11
39553,right,L2,62,-0.055555556,-1,-15,-14
39554,right,L2,145,0,0.11864406779661008,2,2
39555,right,L1,760,-0.055555556,0.5593220338983051,8,9
39556,right,L3,343,0.2777777777777777,0.8983050847457628,16,11
39557,right,L3,531,-0.111111111,-0.016949153,-1,1
39558,right,L3,312,-0.5,-0.254237288,-8,1
39559,right,L2,767,-0.111111111,0.9322033898305084,13,15
39560,right,L1,249,-0.222222222,-0.423728814,-8,-4
39561,right,L2,499,-0.555555556,0.3220338983050848,0,10
39562,right,L2,715,-0.444444444,0.3220338983050848,1,9
39564,right,L1,789,0.2777777777777777,-0.93220339,-11,-16
39565,right,L3,170,0.5,0.016949152542372836,5,-4
39566,right,L1,727,-0.777777778,0.18644067796610164,-4,10
39567,right,L2,246,0.38888888888888906,0.4915254237288136,11,4
39568,right,L2,36,-0.666666667,0.2542372881355932,-2,10
39569,right,L2,351,0.055555556,-0.593220339,-8,-9
39570,right,L1,308,0.5555555555555554,0.2542372881355932,9,-1
39571,right,L3,697,-0.111111111,-0.762711864,-12,-10
39572,right,L2,490,0.5555555555555554,0.18644067796610164,8,-2
39573,right,L1,487,-0.166666667,-0.050847458,-2,1
39574,right,L3,796,-0.444444444,0.8644067796610169,9,17
39575,right,L3,459,-0.611111111,-0.118644068,-7,4
39576,right,L2,278,0.5555555555555554,0.3220338983050848,10,0
39577,right,L3,607,-0.111111111,0.5932203389830508,8,10
39578,right,L2,361,-0.055555556,-0.254237288,-4,-3
39579,right,L2,612,0.3333333333333335,-0.898305085,-10,-16
39580,right,L3,710,-0.5,-0.86440678,-17,-8
39581,right,L1,76,0.3333333333333335,-0.152542373,1,-5
39582,right,L2,355,0.7777777777777779,-0.220338983,4,-10
39583,right,L2,51,-0.055555556,-0.661016949,-10,-9
39584,right,L2,777,-0.666666667,0.6610169491525424,4,16
39585,right,L1,585,0.055555556,-0.796610169,-11,-12
39586,right,L1,332,-0.444444444,-0.898305085,-17,-9
39587,right,L2,386,0.6111111111111112,0.6271186440677967,15,4
39588,right,L2,429,0.22222222222222232,0.4576271186440677,9,5
39589,right,L2,41,0.3333333333333335,0.9322033898305084,17,11
39590,right,L3,435,-0.611111111,-0.593220339,-14,-3
39591,right,L3,64,-0.5,-0.796610169,-16,-7
39592,right,L1,703,0.2777777777777777,0.016949152542372836,3,-2
39593,right,L1,711,0.055555556,0.6271186440677967,10,9
39594,right,L3,530,0.2777777777777777,-0.457627119,-4,-9
39595,right,L3,612,0.3333333333333335,-0.898305085,-10,-16
39596,right,L3,273,0.6111111111111112,0.7627118644067796,17,6
39597,right,L2,75,0.666666667,0.4576271186440677,13,1
39598,right,L3,198,-0.666666667,0.050847458,-5,7
39599,right,L2,597,-0.5,0.016949152542372836,-4,5
39600,right,L1,298,0.5,0.15254237288135597,7,-2
39601,right,L2,411,0.5,-0.661016949,-5,-14
39602,right,L2,230,-0.277777778,0.2881355932203389,2,7
39603,right,L3,35,-0.111111111,-0.830508475,-13,-11
39604,right,L2,127,-0.055555556,0.4915254237288136,7,8
39605,right,L3,718,0.5555555555555554,0.7966101694915255,17,7
39606,right,L3,683,-0.222222222,0.18644067796610164,1,5
39607,right,L2,504,0.16666666666666674,0.2881355932203389,6,3
39608,right,L3,15,-0.277777778,-0.118644068,-4,1
39609,right,L3,399,0.4444444444444444,-0.830508475,-8,-16
39610,right,L3,780,0.6111111111111112,0.8305084745762712,18,7
39611,right,L1,22,0.055555556,0.084745763,2,1
39612,right,L3,24,0.11111111111111116,-0.355932203,-4,-6
39613,right,L3,326,-0.222222222,0.5254237288135593,6,10
39614,right,L3,643,-0.666666667,0.4576271186440677,1,13
39615,right,L2,85,-0.444444444,-0.762711864,-15,-7
39616,right,L2,378,0.3333333333333335,0.5932203389830508,12,6
39617,right,L1,68,-0.333333333,0.5254237288135593,5,11
39618,right,L2,408,0.666666667,-0.152542373,4,-8
39619,right,L2,496,-0.777777778,0.2542372881355932,-3,11
39620,right,L1,631,-0.111111111,0.8644067796610169,12,14
39621,right,L1,752,0.16666666666666674,0.22033898305084754,5,2
39622,right,L3,689,0.22222222222222232,0.5932203389830508,11,7
39623,right,L3,577,-0.555555556,-0.491525424,-12,-2
39624,right,L3,171,-0.666666667,-0.694915254,-16,-4
39625,right,L3,29,0.055555556,-0.118644068,-1,-2
39626,right,L2,778,-0.5,0.8305084745762712,8,17
39627,right,L1,403,0.22222222222222232,-0.423728814,-4,-8
39628,right,L2,610,-0.277777778,-0.796610169,-14,-9
39629,right,L2,487,-0.166666667,-0.050847458,-2,1
39630,right,L2,687,0.6111111111111112,-0.118644068,4,-7
39631,right,L3,507,0.5555555555555554,-0.423728814,-1,-11
39632,right,L3,377,-0.055555556,0.22033898305084754,3,4
39633,right,L3,141,-0.611111111,-0.796610169,-17,-6
39634,right,L2,537,-0.055555556,-0.796610169,-12,-11
39635,right,L3,481,-0.444444444,-0.288135593,-8,0
39636,right,L2,405,-0.333333333,0.3220338983050848,2,8
39637,right,L3,480,-0.388888889,-0.661016949,-13,-6
39638,right,L1,582,0.055555556,0.7627118644067796,12,11
39639,right,L2,165,-0.444444444,0.5254237288135593,4,12
39640,right,L2,524,-0.444444444,-0.694915254,-14,-6
39641,right,L2,312,-0.5,-0.254237288,-8,1
39642,right,L2,748,0.4444444444444444,0.6610169491525424,14,6
39643,right,L2,340,0.38888888888888906,0.5593220338983051,12,5
39644,right,L2,6,0.22222222222222232,-0.152542373,0,-4
39645,right,L3,394,0.7777777777777779,-0.288135593,3,-11
39646,right,L2,755,-0.5,0.6271186440677967,5,14
39647,right,L1,30,-0.666666667,0.5254237288135593,2,14
39648,right,L3,335,-0.222222222,0.2542372881355932,2,6
39649,right,L3,633,0.11111111111111116,-0.830508475,-11,-13
39650,right,L2,72,0,-0.966101695,-14,-14
39651,right,L1,297,-0.833333333,-0.322033898,-12,3
39652,right,L2,194,-0.055555556,-0.186440678,-3,-2
39653,right,L3,636,0,0.18644067796610164,3,3
39654,right,L1,142,0.22222222222222232,-0.627118644,-7,-11
39655,right,L3,755,-0.5,0.6271186440677967,5,14
39656,right,L1,214,0.5,0.084745763,6,-3
39657,right,L1,31,0,0.5254237288135593,8,8
39658,right,L1,684,0.6111111111111112,0.5593220338983051,14,3
39659,right,L2,80,-0.5,0.423728814,2,11
39660,right,L1,321,-0.888888889,0.11864406779661008,-6,10
39661,right,L2,647,0.38888888888888906,-0.254237288,0,-7
39662,right,L2,167,-0.055555556,-0.593220339,-9,-8
39664,right,L1,444,-0.444444444,-0.355932203,-9,-1
39665,right,L1,220,-0.222222222,-0.220338983,-5,-1
39666,right,L2,315,0.3333333333333335,-0.220338983,0,-6
39667,right,L2,190,0.2777777777777777,-0.186440678,0,-5
39668,right,L2,372,-0.111111111,-0.084745763,-2,0
39669,right,L3,775,-0.555555556,0.728813559,6,16
39670,right,L1,730,-0.777777778,-0.016949153,-7,7
39671,right,L2,272,-0.333333333,-0.084745763,-4,2
39672,right,L3,787,-0.333333333,0.9322033898305084,11,17
39673,right,L1,536,-0.333333333,0.11864406779661008,-1,5
39674,right,L1,372,-0.111111111,-0.084745763,-2,0
39675,right,L3,793,-0.888888889,-0.220338983,-11,5
39676,right,L1,23,0.3333333333333335,-0.559322034,-5,-11
39677,right,L2,719,-0.166666667,0.8983050847457628,12,15
39678,right,L1,576,0,0.9322033898305084,14,14
39679,right,L1,216,-0.277777778,0.6271186440677967,7,12
39680,right,L3,63,-0.444444444,0.38983050847457634,2,10
39681,right,L1,522,0.4444444444444444,-0.016949153,4,-4
39682,right,L1,279,0.4444444444444444,0.2542372881355932,8,0
39683,right,L3,18,-0.555555556,-0.559322034,-13,-3
39684,right,L2,776,-0.611111111,0.6949152542372881,5,16
39685,right,L1,528,-0.277777778,0.22033898305084754,1,6
39686,right,L1,6,0.22222222222222232,-0.152542373,0,-4
39687,right,L1,27,-0.055555556,-0.86440678,-13,-12
39688,right,L3,39,0,0.6610169491525424,10,10
39689,right,L2,684,0.6111111111111112,0.5593220338983051,14,3
39690,right,L1,508,0.5,0.35593220338983045,10,1
39691,right,L3,672,0.8333333333333333,0.35593220338983045,13,-2
39692,right,L1,766,-0.222222222,-0.152542373,-4,0
39693,right,L2,447,0.11111111111111116,0.050847458,2,0
39694,right,L3,696,0.22222222222222232,0.5254237288135593,10,6
39695,right,L3,60,0.8888888888888888,0.2542372881355932,12,-4
39696,right,L3,271,-0.444444444,0.18644067796610164,-1,7
39697,right,L3,488,-0.833333333,0.15254237288135597,-5,10
39698,right,L3,253,-0.555555556,0.5254237288135593,3,13
39699,right,L1,387,0.055555556,-0.525423729,-7,-8
39700,right,L3,648,-0.166666667,0.22033898305084754,2,5
39701,right,L2,28,-0.555555556,0.18644067796610164,-2,8
39703,right,L3,523,-0.222222222,0.4576271186440677,5,9
39704,right,L1,495,-0.5,0.15254237288135597,-2,7
39705,right,L2,600,-0.333333333,-0.355932203,-8,-2
39706,right,L1,436,-0.055555556,-0.525423729,-8,-7
39707,right,L3,622,0.5555555555555554,0.6610169491525424,15,5
39708,right,L3,186,0.11111111111111116,0.8644067796610169,14,12
39709,right,L3,635,-0.666666667,-0.220338983,-9,3
39710,right,L3,404,0.11111111111111116,0.6610169491525424,11,9
39711,right,L2,47,0.9444444444444444,-0.050847458,8,-9
39712,right,L3,661,0.3333333333333335,0.4576271186440677,10,4
39713,right,L2,181,-0.111111111,-0.152542373,-3,-1
39714,right,L1,240,0.38888888888888906,-0.118644068,2,-5
39715,right,L3,225,-0.222222222,-0.898305085,-15,-11
39716,right,L2,131,0.666666667,0.6610169491525424,16,4
39717,right,L3,444,-0.444444444,-0.355932203,-9,-1
39718,right,L2,354,0.22222222222222232,-0.898305085,-11,-15
39719,right,L2,557,-0.666666667,-0.355932203,-11,1
39720,right,L1,236,0.11111111111111116,0.11864406779661008,3,1
39721,right,L3,204,-0.555555556,-0.084745763,-6,4
39722,right,L1,11,-0.777777778,-0.491525424,-14,0
39723,right,L1,154,0.8888888888888888,-0.016949153,8,-8
39724,right,L3,722,-0.722222222,-0.525423729,-14,-1
39725,right,L2,177,0.16666666666666674,-0.050847458,1,-2
39726,right,L3,713,0.666666667,0.5254237288135593,14,2
39727,right,L3,54,0.38888888888888906,0.084745763,5,-2
39728,right,L1,365,-0.5,0.22033898305084754,-1,8
39729,right,L1,510,0.16666666666666674,0.35593220338983045,7,4
39730,right,L1,787,-0.333333333,0.9322033898305084,11,17
39731,right,L3,734,-0.222222222,-0.016949153,-2,2
39732,right,L2,249,-0.222222222,-0.423728814,-8,-4
39733,right,L2,650,0.2777777777777777,-0.86440678,-10,-15
39734,right,L1,734,-0.222222222,-0.016949153,-2,2
39735,right,L1,518,0.4444444444444444,0.728813559,15,7
39736,right,L1,131,0.666666667,0.6610169491525424,16,4
39737,right,L3,776,-0.611111111,0.6949152542372881,5,16
39738,right,L2,729,0.2777777777777777,0.9661016949152543,17,12
39739,right,L3,434,0.2777777777777777,0.22033898305084754,6,1
39740,right,L3,568,0.666666667,-0.288135593,2,-10
39741,right,L1,393,0.11111111111111116,0.728813559,12,10
39742,right,L2,300,-0.444444444,-0.627118644,-13,-5
39743,right,L2,285,-0.666666667,-0.627118644,-15,-3
39744,right,L3,125,-0.611111111,0.2881355932203389,-1,10
39745,right,L2,622,0.5555555555555554,0.6610169491525424,15,5
39746,right,L1,267,0.666666667,0.050847458,7,-5
39747,right,L3,396,0.11111111111111116,0.3220338983050848,6,4
39748,right,L2,425,-0.333333333,0.6610169491525424,7,13
39749,right,L1,514,0.4444444444444444,-0.355932203,-1,-9
39750,right,L3,650,0.2777777777777777,-0.86440678,-10,-15
39751,right,L2,621,-0.111111111,0.7966101694915255,11,13
39752,right,L3,609,0.22222222222222232,-0.016949153,2,-2
39753,right,L1,408,0.666666667,-0.152542373,4,-8
39754,right,L2,538,0.38888888888888906,0.016949152542372836,4,-3
39755,right,L1,776,-0.611111111,0.6949152542372881,5,16
39757,right,L2,263,0.3333333333333335,0.11864406779661008,5,-1
39758,right,L1,707,0.16666666666666674,0.8305084745762712,14,11
39759,right,L3,670,-0.611111111,0.15254237288135597,-3,8
39760,right,L2,740,-0.222222222,-0.288135593,-6,-2
39761,right,L3,449,-0.666666667,-0.559322034,-14,-2
39762,right,L2,7,0.666666667,-0.220338983,3,-9
39763,right,L1,201,0.8333333333333333,0.2881355932203389,12,-3
39764,right,L1,427,-0.555555556,-0.627118644,-14,-4
39765,right,L2,529,-0.222222222,-0.084745763,-3,1
39766,right,L3,758,-0.611111111,-0.050847458,-6,5
39767,right,L3,109,-0.5,-0.186440678,-7,2
39769,right,L3,77,-0.277777778,-0.186440678,-5,0
39770,right,L3,589,0.055555556,-0.186440678,-2,-3
39771,right,L1,453,-0.388888889,0.8305084745762712,9,16
39772,right,L1,414,-0.5,0.6949152542372881,6,15
39773,right,L1,756,-0.555555556,0.6610169491525424,5,15
39774,right,L1,211,0.7222222222222221,-0.050847458,6,-7
39775,right,L1,596,0.4444444444444444,-0.559322034,-4,-12
39776,right,L1,16,0.22222222222222232,-0.559322034,-6,-10
39777,right,L3,149,-0.666666667,-0.491525424,-13,-1
39778,right,L3,487,-0.166666667,-0.050847458,-2,1
39779,right,L2,277,-0.833333333,-0.118644068,-9,6
39780,right,L1,695,0.666666667,0.3220338983050848,11,-1
39781,right,L1,86,0.5,-0.254237288,1,-8
39782,right,L1,259,0.7222222222222221,-0.186440678,4,-9
39783,right,L1,130,-0.222222222,0.38983050847457634,4,8
39784,right,L3,6,0.22222222222222232,-0.152542373,0,-4
39785,right,L2,506,-0.111111111,-0.423728814,-7,-5
39786,right,L2,608,-0.111111111,0.3220338983050848,4,6
39787,right,L2,518,0.4444444444444444,0.728813559,15,7
39788,right,L2,696,0.22222222222222232,0.5254237288135593,10,6
39789,right,L3,363,-0.777777778,-0.152542373,-9,5
39790,right,L1,548,-0.111111111,-0.559322034,-9,-7
39791,right,L3,432,0.5,0.22033898305084754,8,-1
39793,right,L2,448,0,1,15,15
39794,right,L1,470,-0.5,-0.322033898,-9,0
39795,right,L2,158,-0.388888889,-0.186440678,-6,1
39796,right,L2,53,-0.555555556,0.4576271186440677,2,12
39797,right,L3,440,-0.166666667,0.7627118644067796,10,13
39798,right,L1,277,-0.833333333,-0.118644068,-9,6
39799,right,L1,686,-0.555555556,-0.762711864,-16,-6
39800,right,L2,189,-0.722222222,0.423728814,0,13
39801,right,L3,70,0.38888888888888906,0.6949152542372881,14,7
39802,right,L2,88,-0.777777778,0.11864406779661008,-5,9
39803,right,L3,136,-0.055555556,0.084745763,1,2
39804,right,L3,196,0.11111111111111116,0.2542372881355932,5,3
39805,right,L1,156,0.9444444444444444,0.016949152542372836,9,-8
39806,right,L2,508,0.5,0.35593220338983045,10,1
39807,right,L2,567,0.22222222222222232,0.728813559,13,9
39808,right,L3,618,0.11111111111111116,0.7966101694915255,13,11
39809,right,L3,652,0.6111111111111112,-0.389830508,0,-11
39810,right,L2,385,0.3333333333333335,-0.627118644,-6,-12
39811,right,L1,429,0.22222222222222232,0.4576271186440677,9,5
39812,right,L2,282,0,0.8644067796610169,13,13
39813,right,L2,211,0.7222222222222221,-0.050847458,6,-7
39814,right,L2,631,-0.111111111,0.8644067796610169,12,14
39815,right,L3,243,0.055555556,-0.728813559,-10,-11
39816,right,L2,677,-0.055555556,0.35593220338983045,5,6
39817,right,L2,556,0,0.3220338983050848,5,5
39818,right,L3,42,0.11111111111111116,0.4576271186440677,8,6
39819,right,L2,199,0,-0.423728814,-6,-6
39820,right,L3,495,-0.5,0.15254237288135597,-2,7
39821,right,L1,642,0.5,-0.389830508,-1,-10
39822,right,L2,484,-0.388888889,-0.322033898,-8,-1
39823,right,L1,425,-0.333333333,0.6610169491525424,7,13
39824,right,L2,336,-0.055555556,0.7627118644067796,11,12
39825,right,L2,564,-0.388888889,-0.796610169,-15,-8
39826,right,L1,737,-0.055555556,0.6271186440677967,9,10
39827,right,L3,621,-0.111111111,0.7966101694915255,11,13
39828,right,L1,272,-0.333333333,-0.084745763,-4,2
39829,right,L1,260,0.2777777777777777,0.6271186440677967,12,7
39830,right,L1,772,-0.111111111,0.38983050847457634,5,7
39831,right,L2,787,-0.333333333,0.9322033898305084,11,17
39832,right,L1,656,-0.055555556,-0.389830508,-6,-5
39833,right,L1,8,0.4444444444444444,0.8644067796610169,17,9
39835,right,L2,617,0.16666666666666674,-0.593220339,-7,-10
39836,right,L2,182,-0.777777778,-0.355932203,-12,2
39837,right,L2,528,-0.277777778,0.22033898305084754,1,6
39838,right,L3,215,-0.722222222,0.22033898305084754,-3,10
39839,right,L2,558,0.38888888888888906,-0.728813559,-7,-14
39840,right,L3,181,-0.111111111,-0.152542373,-3,-1
39841,right,L2,706,0.7777777777777779,-0.423728814,1,-13
39842,right,L2,562,0.5555555555555554,-0.084745763,4,-6
39843,right,L2,711,0.055555556,0.6271186440677967,10,9
39844,right,L3,790,0.16666666666666674,-0.93220339,-12,-15
39845,right,L1,463,-0.611111111,0.5593220338983051,3,14
39846,right,L3,602,-0.444444444,-0.084745763,-5,3
39847,right,L1,178,-0.277777778,0.35593220338983045,3,8
39848,right,L2,547,0.055555556,0.6949152542372881,11,10
39849,right,L1,643,-0.666666667,0.4576271186440677,1,13
39850,right,L1,663,0,0.2542372881355932,4,4
39851,right,L1,169,0,-0.627118644,-9,-9
39852,right,L1,790,0.16666666666666674,-0.93220339,-12,-15
39853,right,L3,289,0.055555556,0.35593220338983045,6,5
39854,right,L2,536,-0.333333333,0.11864406779661008,-1,5
39855,right,L2,745,-0.055555556,0.423728814,6,7
39856,right,L2,625,0.22222222222222232,0.7966101694915255,14,10
39857,right,L2,649,0.055555556,0.15254237288135597,3,2
39858,right,L3,546,-0.333333333,0.18644067796610164,0,6
39859,right,L1,291,-0.777777778,0.050847458,-6,8
39860,right,L1,3,-0.666666667,-0.423728814,-12,0
39861,right,L3,476,0.055555556,0.4915254237288136,8,7
39862,right,L3,92,-0.055555556,0.2881355932203389,4,5
39863,right,L1,224,-0.055555556,0.15254237288135597,2,3
39864,right,L2,667,-0.111111111,-0.966101695,-15,-13
39865,right,L2,185,-0.277777778,-0.389830508,-8,-3
39866,right,L1,535,-0.888888889,-0.152542373,-10,6
39867,right,L2,793,-0.888888889,-0.220338983,-11,5
39868,right,L1,323,0.7222222222222221,-0.457627119,0,-13
39869,right,L2,393,0.11111111111111116,0.728813559,12,10
39870,right,L2,685,0.5,-0.322033898,0,-9
39871,right,L3,675,0.7222222222222221,0.6271186440677967,16,3
39872,right,L3,134,0.5555555555555554,-0.627118644,-4,-14
39873,right,L1,622,0.5555555555555554,0.6610169491525424,15,5
39874,right,L2,126,-0.388888889,0.35593220338983045,2,9
39875,right,L1,504,0.16666666666666674,0.2881355932203389,6,3
39876,right,L2,206,0.2777777777777777,0.15254237288135597,5,0
39877,right,L2,477,0.3333333333333335,0.050847458,4,-2
39878,right,L1,577,-0.555555556,-0.491525424,-12,-2
39879,right,L2,530,0.2777777777777777,-0.457627119,-4,-9
39880,right,L3,581,-0.388888889,0.2881355932203389,1,8
39881,right,L1,316,-0.555555556,-0.152542373,-7,3
39882,right,L1,136,-0.055555556,0.084745763,1,2
39883,right,L3,397,0.2777777777777777,-0.661016949,-7,-12
39884,right,L2,103,-0.833333333,0.2881355932203389,-3,12
39885,right,L3,216,-0.277777778,0.6271186440677967,7,12
39886,right,L1,432,0.5,0.22033898305084754,8,-1
39887,right,L2,539,0.6111111111111112,0.4915254237288136,13,2
39888,right,L3,407,0.5555555555555554,-0.355932203,0,-10
39890,right,L3,415,-0.666666667,0.38983050847457634,0,12
39891,right,L2,255,0.6111111111111112,-0.457627119,-1,-12
39892,right,L2,624,-0.166666667,-0.593220339,-10,-7
39893,right,L2,215,-0.722222222,0.22033898305084754,-3,10
39894,right,L3,53,-0.555555556,0.4576271186440677,2,12
39895,right,L1,481,-0.444444444,-0.288135593,-8,0
39896,right,L2,517,-0.722222222,0.084745763,-5,8
39897,right,L3,605,-0.388888889,0.4915254237288136,4,11
39898,right,L3,617,0.16666666666666674,-0.593220339,-7,-10
39899,right,L2,692,0.4444444444444444,0.7966101694915255,16,8
39900,right,L1,266,0.055555556,-0.86440678,-12,-13
39901,right,L3,10,-0.611111111,-0.525423729,-13,-2
39902,right,L3,3,-0.666666667,-0.423728814,-12,0
39903,right,L1,74,0.055555556,-0.322033898,-4,-5
39904,right,L3,332,-0.444444444,-0.898305085,-17,-9
39905,right,L2,584,-0.5,0.7627118644067796,7,16
39906,right,L1,65,0.11111111111111116,0.9322033898305084,15,13
39907,right,L2,81,-0.666666667,-0.084745763,-7,5
39908,right,L2,475,0.38888888888888906,-0.050847458,3,-4
39909,right,L2,695,0.666666667,0.3220338983050848,11,-1
39910,right,L3,11,-0.777777778,-0.491525424,-14,0
39911,right,L2,402,-0.333333333,0.8644067796610169,10,16
39912,right,L3,766,-0.222222222,-0.152542373,-4,0
39913,right,L3,301,0.5555555555555554,0.5254237288135593,13,3
39914,right,L3,284,-0.055555556,0.8305084745762712,12,13
39915,right,L2,350,-0.166666667,0.4915254237288136,6,9
39916,right,L2,311,0.7222222222222221,0.4915254237288136,14,1
39917,right,L1,190,0.2777777777777777,-0.186440678,0,-5
39918,right,L1,412,0.6111111111111112,0.6949152542372881,16,5
39919,right,L2,11,-0.777777778,-0.491525424,-14,0
39920,right,L3,791,0.11111111111111116,-0.966101695,-13,-15
39921,right,L2,664,-0.166666667,-0.93220339,-15,-12
39922,right,L2,724,-0.444444444,0.050847458,-3,5
39923,right,L2,498,-0.666666667,0.3220338983050848,-1,11
39924,right,L2,443,0.666666667,0.11864406779661008,8,-4
39925,right,L1,770,-0.555555556,0.11864406779661008,-3,7
39926,right,L3,596,0.4444444444444444,-0.559322034,-4,-12
39927,right,L1,303,0.5555555555555554,0.728813559,16,6
39929,right,L3,409,-0.055555556,-0.118644068,-2,-1
39930,right,L1,137,-0.611111111,-0.254237288,-9,2
39931,right,L3,548,-0.111111111,-0.559322034,-9,-7
39932,right,L3,182,-0.777777778,-0.355932203,-12,2
39933,right,L2,114,-0.277777778,-0.457627119,-9,-4
39934,right,L2,546,-0.333333333,0.18644067796610164,0,6
39935,right,L3,553,0.3333333333333335,0.5254237288135593,11,5
39936,right,L3,536,-0.333333333,0.11864406779661008,-1,5
39937,right,L2,394,0.7777777777777779,-0.288135593,3,-11
39938,right,L2,240,0.38888888888888906,-0.118644068,2,-5
39939,right,L1,45,0.5,-0.050847458,4,-5
39940,right,L2,559,0.666666667,0.728813559,17,5
39941,right,L2,444,-0.444444444,-0.355932203,-9,-1
39942,right,L3,512,-0.666666667,-0.016949153,-6,6
39943,right,L3,202,0.055555556,0.8983050847457628,14,13
39944,right,L3,545,-0.611111111,0.35593220338983045,0,11
39945,right,L2,495,-0.5,0.15254237288135597,-2,7
39946,right,L3,217,-0.722222222,0.4915254237288136,1,14
39947,right,L2,330,-0.388888889,0.084745763,-2,5
39948,right,L3,266,0.055555556,-0.86440678,-12,-13
39949,right,L2,601,-0.111111111,0.5254237288135593,7,9
39950,right,L2,550,0.16666666666666674,0.084745763,3,0
39951,right,L2,170,0.5,0.016949152542372836,5,-4
39952,right,L2,384,0.666666667,-0.084745763,5,-7
39953,right,L1,678,-0.388888889,-0.254237288,-7,0
39955,right,L2,789,0.2777777777777777,-0.93220339,-11,-16
39956,right,L2,86,0.5,-0.254237288,1,-8
39957,right,L1,722,-0.722222222,-0.525423729,-14,-1
39958,right,L2,233,-0.5,-0.457627119,-11,-2
39959,right,L2,654,0.3333333333333335,0.2542372881355932,7,1
39960,right,L1,744,0.38888888888888906,0.8305084745762712,16,9
39961,right,L1,257,-0.277777778,0.6949152542372881,8,13
39962,right,L3,90,0.38888888888888906,0.15254237288135597,6,-1
39963,right,L3,460,0.3333333333333335,-0.694915254,-7,-13
39964,right,L2,683,-0.222222222,0.18644067796610164,1,5
39965,right,L1,712,0.7777777777777779,0.38983050847457634,13,-1
39966,right,L2,794,-0.555555556,-0.898305085,-18,-8
39967,right,L2,752,0.16666666666666674,0.22033898305084754,5,2
39968,right,L3,107,-0.888888889,-0.084745763,-9,7
39969,right,L3,143,0.4444444444444444,0.5254237288135593,12,4
39970,right,L2,252,-0.388888889,0.7627118644067796,8,15
39971,right,L1,526,0,-0.355932203,-5,-5
39972,right,L1,150,0.8333333333333333,0.15254237288135597,10,-5
39973,right,L3,48,0.4444444444444444,-0.762711864,-7,-15
39974,right,L1,43,0.5555555555555554,0.5932203389830508,14,4
39975,right,L3,282,0,0.8644067796610169,13,13
39976,right,L2,676,0.2777777777777777,-0.728813559,-8,-13
39977,right,L3,585,0.055555556,-0.796610169,-11,-12
39978,right,L1,357,-0.5,0.5593220338983051,4,13
39979,right,L1,464,-0.444444444,-0.016949153,-4,4
39980,right,L3,381,0.8333333333333333,-0.322033898,3,-12
39981,right,L2,465,-0.333333333,-0.016949153,-3,3
39982,right,L3,296,-0.111111111,-0.627118644,-10,-8
39983,right,L2,791,0.11111111111111116,-0.966101695,-13,-15
39984,right,L1,636,0,0.18644067796610164,3,3
39985,right,L1,313,-0.833333333,0.084745763,-6,9
39987,right,L3,595,-0.777777778,-0.423728814,-13,1
39988,right,L2,154,0.8888888888888888,-0.016949153,8,-8
39989,right,L1,390,0.6111111111111112,-0.322033898,1,-10
39990,right,L1,551,0.38888888888888906,-0.322033898,-1,-8
39991,right,L1,9,-0.5,0.2881355932203389,0,9
39992,right,L3,250,0.055555556,0.016949152542372836,1,0
39993,right,L3,438,-0.277777778,0.8983050847457628,11,16
39994,right,L3,306,-0.388888889,0.22033898305084754,0,7
39995,right,L1,235,-0.5,0.35593220338983045,1,10
39996,right,L3,23,0.3333333333333335,-0.559322034,-5,-11
39998,right,L3,49,-0.444444444,-0.152542373,-6,2
39999,right,L3,760,-0.055555556,0.5593220338983051,8,9
40000,right,L3,286,0,-0.830508475,-12,-12
40001,right,L3,788,-0.388888889,0.8983050847457628,10,17
40002,right,L1,315,0.3333333333333335,-0.220338983,0,-6
40003,right,L3,357,-0.5,0.5593220338983051,4,13
40004,right,L3,62,-0.055555556,-1,-15,-14
40005,right,L3,740,-0.222222222,-0.288135593,-6,-2
40006,right,L1,673,-0.277777778,0.15254237288135597,0,5
40007,right,L1,151,0.3333333333333335,-0.491525424,-4,-10
40008,right,L2,686,-0.555555556,-0.762711864,-16,-6
40009,right,L3,111,-0.222222222,-0.830508475,-14,-10
40010,right,L3,519,0.5,-0.186440678,2,-7
40011,right,L3,657,0.16666666666666674,-0.86440678,-11,-14
40012,right,L2,615,0.7222222222222221,-0.254237288,3,-10
40013,right,L1,83,-0.277777778,-0.728813559,-13,-8
40014,right,L3,145,0,0.11864406779661008,2,2
40015,right,L1,196,0.11111111111111116,0.2542372881355932,5,3
40016,right,L1,499,-0.555555556,0.3220338983050848,0,10
40017,right,L2,671,0.38888888888888906,-0.796610169,-8,-15
40018,right,L3,486,-0.055555556,0.016949152542372836,0,1
40019,right,L3,724,-0.444444444,0.050847458,-3,5
40020,right,L3,83,-0.277777778,-0.728813559,-13,-8
40021,right,L3,316,-0.555555556,-0.152542373,-7,3
40022,right,L1,420,-0.722222222,-0.118644068,-8,5
40023,right,L2,445,0.22222222222222232,0.2542372881355932,6,2
40024,right,L2,535,-0.888888889,-0.152542373,-10,6
40025,right,L3,256,-0.555555556,-0.694915254,-15,-5
40026,right,L1,452,-0.166666667,-0.322033898,-6,-3
40027,right,L3,356,0,0.728813559,11,11
40028,right,L1,465,-0.333333333,-0.016949153,-3,3
40029,right,L3,662,-0.277777778,-0.050847458,-3,2
40030,right,L2,700,-0.611111111,0.4915254237288136,2,13
40032,right,L1,358,0.2777777777777777,0.5593220338983051,11,6
40033,right,L1,18,-0.555555556,-0.559322034,-13,-3
40034,right,L1,714,-0.555555556,0.38983050847457634,1,11
40035,right,L1,529,-0.222222222,-0.084745763,-3,1
40036,right,L1,288,0.11111111111111116,1,16,14
40037,right,L2,3,-0.666666667,-0.423728814,-12,0
40038,right,L1,19,0.7222222222222221,0.5593220338983051,15,2
40039,right,L1,447,0.11111111111111116,0.050847458,2,0
40040,right,L2,335,-0.222222222,0.2542372881355932,2,6
40042,right,L2,349,0.5555555555555554,-0.491525424,-2,-12
40043,right,L2,565,0,-0.898305085,-13,-13
40044,right,L1,344,0.16666666666666674,-0.525423729,-6,-9
40045,right,L3,251,0.11111111111111116,-0.491525424,-6,-8
40046,right,L3,604,0.6111111111111112,-0.593220339,-3,-14
40047,right,L3,308,0.5555555555555554,0.2542372881355932,9,-1
40048,right,L3,575,-0.722222222,0.2881355932203389,-2,11
40049,right,L1,556,0,0.3220338983050848,5,5
40050,right,L2,636,0,0.18644067796610164,3,3
40051,right,L1,103,-0.833333333,0.2881355932203389,-3,12
40052,right,L1,10,-0.611111111,-0.525423729,-13,-2
40053,right,L3,717,-0.222222222,-0.762711864,-13,-9
40054,right,L2,121,0.8888888888888888,0.11864406779661008,10,-6
40055,right,L3,348,-0.333333333,0.4576271186440677,4,10
40056,right,L1,614,0.22222222222222232,-0.288135593,-2,-6
40058,right,L2,500,-0.777777778,-0.288135593,-11,3
40059,right,L2,98,0.11111111111111116,-0.423728814,-5,-7
40060,right,L1,574,0.6111111111111112,0.15254237288135597,8,-3
40061,right,L3,132,-0.222222222,0.11864406779661008,0,4
40062,right,L1,627,-0.055555556,-0.050847458,-1,0
40063,right,L2,463,-0.611111111,0.5593220338983051,3,14
40064,right,L2,438,-0.277777778,0.8983050847457628,11,16
40065,right,L3,505,-0.666666667,-0.762711864,-17,-5
40066,right,L2,176,0.16666666666666674,0.423728814,8,5
40067,right,L2,689,0.22222222222222232,0.5932203389830508,11,7
40068,right,L3,58,-0.333333333,0.38983050847457634,3,9
40069,right,L2,373,-0.166666667,-0.728813559,-12,-9
40070,right,L3,121,0.8888888888888888,0.11864406779661008,10,-6
40071,right,L3,72,0,-0.966101695,-14,-14
40072,right,L2,750,-0.444444444,-0.830508475,-16,-8
40073,right,L2,200,0.5555555555555554,0.38983050847457634,11,1
40074,right,L2,106,0.7222222222222221,0.35593220338983045,12,-1
40075,right,L2,388,-0.388888889,0.6271186440677967,6,13
40076,right,L3,437,0.3333333333333335,0.38983050847457634,9,3
40077,right,L2,451,-0.444444444,0.6610169491525424,6,14
40078,right,L3,355,0.7777777777777779,-0.220338983,4,-10
40079,right,L3,615,0.7222222222222221,-0.254237288,3,-10
40080,right,L1,578,-0.5,-0.389830508,-10,-1
40081,right,L2,365,-0.5,0.22033898305084754,-1,8
40082,right,L1,530,0.2777777777777777,-0.457627119,-4,-9
40083,right,L3,573,-0.444444444,0.4576271186440677,3,11
40084,right,L3,244,0.4444444444444444,-0.423728814,-2,-10
40085,right,L2,595,-0.777777778,-0.423728814,-13,1
40086,right,L2,63,-0.444444444,0.38983050847457634,2,10
40087,right,L1,450,-0.277777778,-0.322033898,-7,-2
40088,right,L1,588,-0.111111111,0.11864406779661008,1,3
40089,right,L3,514,0.4444444444444444,-0.355932203,-1,-9
40090,right,L3,385,0.3333333333333335,-0.627118644,-6,-12
40091,right,L3,509,0.4444444444444444,0.3220338983050848,9,1
40092,right,L1,47,0.9444444444444444,-0.050847458,8,-9
40093,right,L1,680,0.055555556,0.8305084745762712,13,12
40094,right,L3,620,-0.833333333,0.016949152542372836,-7,8
40095,right,L1,252,-0.388888889,0.7627118644067796,8,15
40096,right,L2,509,0.4444444444444444,0.3220338983050848,9,1
40097,right,L1,710,-0.5,-0.86440678,-17,-8
40098,right,L1,566,-0.555555556,-0.288135593,-9,1
40099,right,L1,701,0,-0.152542373,-2,-2
40100,right,L1,271,-0.444444444,0.18644067796610164,-1,7
40101,right,L2,269,-0.277777778,-0.661016949,-12,-7
40102,right,L1,343,0.2777777777777777,0.8983050847457628,16,11
40103,right,L3,705,-0.166666667,0.016949152542372836,-1,2
40104,right,L2,761,0.4444444444444444,-0.627118644,-5,-13
40105,right,L3,624,-0.166666667,-0.593220339,-10,-7
40106,right,L1,749,0.16666666666666674,0.016949152542372836,2,-1
40107,right,L1,742,0.38888888888888906,0.35593220338983045,9,2
40108,right,L1,250,0.055555556,0.016949152542372836,1,0
40109,right,L1,71,0.16666666666666674,-0.118644068,0,-3
40110,right,L2,486,-0.055555556,0.016949152542372836,0,1
40111,right,L3,294,-0.111111111,-0.694915254,-11,-9
40112,right,L2,730,-0.777777778,-0.016949153,-7,7
40113,right,L1,454,-0.555555556,-0.423728814,-11,-1
40114,right,L3,513,0.38888888888888906,-0.457627119,-3,-10
40115,right,L3,524,-0.444444444,-0.694915254,-14,-6
40116,right,L3,534,-0.333333333,0.050847458,-2,4
40117,right,L1,581,-0.388888889,0.2881355932203389,1,8
40118,right,L1,396,0.11111111111111116,0.3220338983050848,6,4
40119,right,L3,169,0,-0.627118644,-9,-9
40120,right,L3,426,0.3333333333333335,-0.016949153,3,-3
40121,right,L3,258,0.38888888888888906,-0.593220339,-5,-12
40122,right,L1,479,0.22222222222222232,0.3220338983050848,7,3
40123,right,L1,599,0.055555556,0.2881355932203389,5,4
40124,right,L2,119,0.22222222222222232,0.18644067796610164,5,1
40125,right,L1,359,-0.277777778,0.7627118644067796,9,14
40126,right,L3,51,-0.055555556,-0.661016949,-10,-9
40127,right,L3,20,-0.388888889,-0.389830508,-9,-2
40128,right,L2,345,-0.333333333,-0.423728814,-9,-3
40129,right,L1,268,-0.777777778,-0.220338983,-10,4
40130,right,L3,328,-0.611111111,-0.322033898,-10,1
40131,right,L3,164,0.11111111111111116,-0.084745763,0,-2
40132,right,L1,665,-0.777777778,-0.084745763,-8,6
40133,right,L1,377,-0.055555556,0.22033898305084754,3,4
40134,right,L1,543,0.11111111111111116,-0.152542373,-1,-3
40135,right,L2,280,0.666666667,-0.491525424,-1,-13
40136,right,L1,624,-0.166666667,-0.593220339,-10,-7
40137,right,L3,690,0.7222222222222221,-0.118644068,5,-8
40138,right,L3,369,-0.611111111,-0.186440678,-8,3
40139,right,L1,617,0.16666666666666674,-0.593220339,-7,-10
40140,right,L3,688,0.7777777777777779,0.3220338983050848,12,-2
40141,right,L2,341,-0.722222222,-0.593220339,-15,-2
40142,right,L2,235,-0.5,0.35593220338983045,1,10
40143,right,L3,659,0.4444444444444444,-0.220338983,1,-7
40144,right,L2,129,-0.055555556,-0.457627119,-7,-6
40145,right,L1,409,-0.055555556,-0.118644068,-2,-1
40146,right,L1,285,-0.666666667,-0.627118644,-15,-3
40147,right,L2,395,0,-0.762711864,-11,-11
40148,right,L2,629,-0.444444444,0.7966101694915255,8,16
40149,right,L1,736,0.8333333333333333,0.016949152542372836,8,-7
40150,right,L2,264,0.11111111111111116,-0.220338983,-2,-4
40151,right,L2,459,-0.611111111,-0.118644068,-7,4
40152,right,L2,297,-0.833333333,-0.322033898,-12,3
40153,right,L2,414,-0.5,0.6949152542372881,6,15
40154,right,L1,50,0.16666666666666674,0.6949152542372881,12,9
40155,right,L1,179,0.5555555555555554,-0.559322034,-3,-13
40156,right,L1,446,-0.222222222,-0.491525424,-9,-5
40157,right,L1,517,-0.722222222,0.084745763,-5,8
40158,right,L2,260,0.2777777777777777,0.6271186440677967,12,7
40159,right,L2,122,0.5,0.2881355932203389,9,0
40160,right,L2,576,0,0.9322033898305084,14,14
40161,right,L1,777,-0.666666667,0.6610169491525424,4,16
40162,right,L2,431,0.22222222222222232,-0.355932203,-3,-7
40163,right,L1,458,-0.555555556,-0.016949153,-5,5
40164,right,L1,49,-0.444444444,-0.152542373,-6,2
40165,right,L3,331,-0.166666667,-0.525423729,-9,-6
40166,right,L3,173,-0.277777778,-0.86440678,-15,-10
40167,right,L3,462,0.11111111111111116,0.5932203389830508,10,8
40168,right,L2,682,-0.666666667,-0.288135593,-10,2
40169,right,L3,56,-0.166666667,-0.457627119,-8,-5
40170,right,L1,545,-0.611111111,0.35593220338983045,0,11
40171,right,L2,747,0,0.050847458,1,1
40172,right,L3,452,-0.166666667,-0.322033898,-6,-3
40173,right,L2,540,0.16666666666666674,-0.322033898,-3,-6
40174,right,L2,29,0.055555556,-0.118644068,-1,-2
40176,right,L2,574,0.6111111111111112,0.15254237288135597,8,-3
40177,right,L3,611,0.11111111111111116,-0.627118644,-8,-10
40178,right,L1,276,-0.277777778,0.084745763,-1,4
40179,right,L2,180,-0.277777778,-0.93220339,-16,-11
40180,right,L1,56,-0.166666667,-0.457627119,-8,-5
40181,right,L2,73,-0.222222222,0.050847458,-1,3
40182,right,L3,233,-0.5,-0.457627119,-11,-2
40183,right,L1,672,0.8333333333333333,0.35593220338983045,13,-2
40184,right,L3,219,-0.666666667,-0.152542373,-8,4
40185,right,L1,253,-0.555555556,0.5254237288135593,3,13
40186,right,L3,167,-0.055555556,-0.593220339,-9,-8
40187,right,L3,222,0.3333333333333335,0.8644067796610169,16,10
40188,right,L1,620,-0.833333333,0.016949152542372836,-7,8
40189,right,L2,768,-0.388888889,0.15254237288135597,-1,6
40190,right,L3,138,-0.055555556,0.8983050847457628,13,14
40191,right,L1,658,-0.111111111,0.6610169491525424,9,11
40192,right,L1,472,-0.166666667,0.8305084745762712,11,14
40193,right,L3,85,-0.444444444,-0.762711864,-15,-7
40194,right,L3,36,-0.666666667,0.2542372881355932,-2,10
40195,right,L3,388,-0.388888889,0.6271186440677967,6,13
40196,right,L3,89,-0.166666667,-0.661016949,-11,-8
40197,right,L2,645,0.38888888888888906,0.8983050847457628,17,10
40198,right,L3,159,-0.833333333,0.22033898305084754,-4,11
40199,right,L1,751,-0.111111111,0.18644067796610164,2,4
40200,right,L3,94,-0.555555556,0.5932203389830508,4,14
40201,right,L2,281,1,0.050847458,10,-8
40202,right,L2,470,-0.5,-0.322033898,-9,0
40203,right,L2,598,-0.222222222,-0.627118644,-11,-7
40204,right,L1,176,0.16666666666666674,0.423728814,8,5
40205,right,L3,774,0.8888888888888888,0.18644067796610164,11,-5
40206,right,L2,658,-0.111111111,0.6610169491525424,9,11
40207,right,L1,66,-0.277777778,0.4915254237288136,5,10
40208,right,L3,794,-0.555555556,-0.898305085,-18,-8
40209,right,L2,783,0.4444444444444444,0.9322033898305084,18,10
40210,right,L3,28,-0.555555556,0.18644067796610164,-2,8
40211,right,L1,571,0,-0.491525424,-7,-7
40212,right,L1,108,0.3333333333333335,-0.423728814,-3,-9
40213,right,L1,546,-0.333333333,0.18644067796610164,0,6
40215,right,L1,215,-0.722222222,0.22033898305084754,-3,10
40216,right,L3,78,-0.222222222,0.6610169491525424,8,12
40217,right,L2,168,0.055555556,0.5593220338983051,9,8
40218,right,L3,22,0.055555556,0.084745763,2,1
40219,right,L2,554,0.9444444444444444,-0.118644068,7,-10
40220,right,L2,489,0.3333333333333335,0.3220338983050848,8,2
40221,right,L1,685,0.5,-0.322033898,0,-9
40222,right,L3,185,-0.277777778,-0.389830508,-8,-3
40223,right,L2,160,0.22222222222222232,0.6610169491525424,12,8
40224,right,L3,401,0.16666666666666674,-0.661016949,-8,-11
40225,right,L2,25,0.9444444444444444,0.084745763,10,-7
40226,right,L2,276,-0.277777778,0.084745763,-1,4
40227,right,L2,531,-0.111111111,-0.016949153,-1,1
40228,right,L3,128,-0.333333333,-0.762711864,-14,-8
40229,right,L3,368,0.4444444444444444,-0.694915254,-6,-14
40232,right,L1,67,0.16666666666666674,-0.457627119,-5,-8
40233,right,L1,63,-0.444444444,0.38983050847457634,2,10
40234,right,L3,154,0.8888888888888888,-0.016949153,8,-8
40235,right,L1,284,-0.055555556,0.8305084745762712,12,13
40236,right,L1,374,-0.277777778,0.423728814,4,9
40237,right,L3,347,0.5,-0.457627119,-2,-11
40238,right,L3,502,-0.555555556,0.2542372881355932,-1,9
40240,right,L1,759,-0.777777778,0.4576271186440677,0,14
40241,right,L1,793,-0.888888889,-0.220338983,-11,5
40242,right,L1,114,-0.277777778,-0.457627119,-9,-4
40243,right,L2,688,0.7777777777777779,0.3220338983050848,12,-2
40244,right,L2,511,-0.611111111,-0.389830508,-11,0
40245,right,L3,603,0.2777777777777777,-0.796610169,-9,-14
40246,right,L1,424,0.3333333333333335,-0.084745763,2,-4
40247,right,L1,87,-0.166666667,0.35593220338983045,4,7
40248,right,L1,519,0.5,-0.186440678,2,-7
40249,right,L2,412,0.6111111111111112,0.6949152542372881,16,5
40250,right,L1,724,-0.444444444,0.050847458,-3,5
40251,right,L2,717,-0.222222222,-0.762711864,-13,-9
40252,right,L1,182,-0.777777778,-0.355932203,-12,2
40253,right,L3,220,-0.222222222,-0.220338983,-5,-1
40254,right,L2,672,0.8333333333333333,0.35593220338983045,13,-2
40255,right,L1,200,0.5555555555555554,0.38983050847457634,11,1
40256,right,L2,441,-0.333333333,-0.559322034,-11,-5
40257,right,L1,167,-0.055555556,-0.593220339,-9,-8
40258,right,L1,364,-0.444444444,0.11864406779661008,-2,6
40259,right,L2,202,0.055555556,0.8983050847457628,14,13
40260,right,L2,718,0.5555555555555554,0.7966101694915255,17,7
40261,right,L2,308,0.5555555555555554,0.2542372881355932,9,-1
40262,right,L3,712,0.7777777777777779,0.38983050847457634,13,-1
40263,right,L2,642,0.5,-0.389830508,-1,-10
40264,right,L3,474,0.2777777777777777,-0.593220339,-6,-11
40265,right,L1,328,-0.611111111,-0.322033898,-10,1
40266,right,L3,533,0,-0.559322034,-8,-8
40267,right,L3,406,-0.166666667,-0.86440678,-14,-11
40268,right,L1,185,-0.277777778,-0.389830508,-8,-3
40269,right,L1,379,-0.388888889,-0.593220339,-12,-5
40270,right,L1,633,0.11111111111111116,-0.830508475,-11,-13
40271,right,L2,390,0.6111111111111112,-0.322033898,1,-10
40272,right,L2,669,-0.444444444,-0.559322034,-12,-4
40273,right,L3,264,0.11111111111111116,-0.220338983,-2,-4
40274,right,L2,10,-0.611111111,-0.525423729,-13,-2
40275,right,L2,492,0.7777777777777779,-0.084745763,6,-8
40276,right,L2,762,0,0.4576271186440677,7,7
40277,right,L2,527,0.4444444444444444,-0.288135593,0,-8
40278,right,L2,284,-0.055555556,0.8305084745762712,12,13
40279,right,L3,207,-0.166666667,0.9661016949152543,13,16
40280,right,L3,318,-0.5,-0.661016949,-14,-5
40281,right,L2,701,0,-0.152542373,-2,-2
40282,right,L2,197,0,-0.694915254,-10,-10
40283,right,L2,675,0.7222222222222221,0.6271186440677967,16,3
40284,right,L2,569,-0.666666667,0.18644067796610164,-3,9
40285,right,L1,205,-0.555555556,-0.220338983,-8,2
40286,right,L3,351,0.055555556,-0.593220339,-8,-9
40287,right,L3,795,-0.722222222,-0.728813559,-17,-4
40288,right,L2,16,0.22222222222222232,-0.559322034,-6,-10
40289,right,L1,275,0.8333333333333333,-0.050847458,7,-8
40290,right,L2,690,0.7222222222222221,-0.118644068,5,-8
40291,right,L2,298,0.5,0.15254237288135597,7,-2
40292,right,L1,433,0,-0.288135593,-4,-4
40293,right,L3,594,-0.777777778,-0.559322034,-15,-1
40294,right,L3,668,-0.166666667,0.6271186440677967,8,11
40295,right,L1,609,0.22222222222222232,-0.016949153,2,-2
40296,right,L3,68,-0.333333333,0.5254237288135593,5,11
40297,right,L1,398,0.3333333333333335,0.728813559,14,8
40298,right,L2,54,0.38888888888888906,0.084745763,5,-2
40299,right,L1,773,-0.611111111,-0.661016949,-15,-4
40300,right,L3,522,0.4444444444444444,-0.016949153,4,-4
40301,right,L1,520,0.22222222222222232,-0.762711864,-9,-13
40302,right,L1,733,0.5,-0.593220339,-4,-13
40303,right,L3,693,0.2777777777777777,0.8305084745762712,15,10
40304,right,L3,731,0.6111111111111112,0.2881355932203389,10,-1
40305,right,L3,436,-0.055555556,-0.525423729,-8,-7
40306,right,L3,345,-0.333333333,-0.423728814,-9,-3
40307,right,L2,616,0.2777777777777777,0.4915254237288136,10,5
40308,right,L2,239,0.666666667,0.18644067796610164,9,-3
40309,right,L3,414,-0.5,0.6949152542372881,6,15
40310,right,L3,491,-0.833333333,-0.050847458,-8,7
40311,right,L2,432,0.5,0.22033898305084754,8,-1
40312,right,L1,324,-0.333333333,0.7966101694915255,9,15
40313,right,L1,486,-0.055555556,0.016949152542372836,0,1
40314,right,L1,774,0.8888888888888888,0.18644067796610164,11,-5
40315,right,L2,437,0.3333333333333335,0.38983050847457634,9,3
40316,right,L2,420,-0.722222222,-0.118644068,-8,5
40317,right,L1,51,-0.055555556,-0.661016949,-10,-9
40318,right,L3,467,0.22222222222222232,-0.694915254,-8,-12
40319,right,L2,782,0.5,0.8983050847457628,18,9
40320,right,L2,152,-0.388888889,-0.525423729,-11,-4
40321,right,L1,719,-0.166666667,0.8983050847457628,12,15
40322,right,L2,223,0.22222222222222232,0.8644067796610169,15,11
40323,right,L1,146,-0.111111111,-0.220338983,-4,-2
40324,right,L1,369,-0.611111111,-0.186440678,-8,3
40325,right,L1,702,0.5,0.7627118644067796,16,7
40326,right,L1,568,0.666666667,-0.288135593,2,-10
40327,right,L2,68,-0.333333333,0.5254237288135593,5,11
40328,right,L2,415,-0.666666667,0.38983050847457634,0,12
40329,right,L1,392,0.38888888888888906,0.22033898305084754,7,0
40330,right,L1,353,-0.222222222,0.7966101694915255,10,14
40331,right,L2,338,0.11111111111111116,-0.016949153,1,-1
40332,right,L1,558,0.38888888888888906,-0.728813559,-7,-14
40333,right,L2,44,-0.555555556,-0.355932203,-10,0
40334,right,L2,413,0.16666666666666674,-0.254237288,-2,-5
40335,right,L3,230,-0.277777778,0.2881355932203389,2,7
40336,right,L3,210,0.666666667,0.2542372881355932,10,-2
40337,right,L2,720,0.5,0.6949152542372881,15,6
40338,right,L3,431,0.22222222222222232,-0.355932203,-3,-7
40339,right,L2,736,0.8333333333333333,0.016949152542372836,8,-7
40340,right,L1,660,-0.222222222,0.9322033898305084,12,16
40341,right,L1,509,0.4444444444444444,0.3220338983050848,9,1
40342,right,L3,71,0.16666666666666674,-0.118644068,0,-3
40343,right,L1,552,-0.5,-0.050847458,-5,4
40344,right,L2,149,-0.666666667,-0.491525424,-13,-1
40345,right,L3,201,0.8333333333333333,0.2881355932203389,12,-3
40346,right,L3,569,-0.666666667,0.18644067796610164,-3,9
40347,right,L1,783,0.4444444444444444,0.9322033898305084,18,10
40348,right,L2,319,0.16666666666666674,0.15254237288135597,4,1
40349,right,L3,563,-0.611111111,-0.457627119,-12,-1
40350,right,L2,634,0.2777777777777777,-0.525423729,-5,-10
40351,right,L3,168,0.055555556,0.5593220338983051,9,8
40352,right,L3,728,-0.777777778,0.38983050847457634,-1,13
40353,right,L2,360,0.5,0.6271186440677967,14,5
40354,right,L2,42,0.11111111111111116,0.4576271186440677,8,6
40355,right,L3,99,-0.5,0.4915254237288136,3,12
40356,right,L2,549,-0.055555556,-0.322033898,-5,-4
40357,right,L3,492,0.7777777777777779,-0.084745763,6,-8
40358,right,L3,200,0.5555555555555554,0.38983050847457634,11,1
40359,right,L2,754,0.055555556,-0.457627119,-6,-7
40360,right,L2,219,-0.666666667,-0.152542373,-8,4
40361,right,L2,532,0.8333333333333333,0.22033898305084754,11,-4
40362,right,L3,447,0.11111111111111116,0.050847458,2,0
40363,right,L2,134,0.5555555555555554,-0.627118644,-4,-14
40364,right,L1,39,0,0.6610169491525424,10,10
40365,right,L2,348,-0.333333333,0.4576271186440677,4,10
40366,right,L2,27,-0.055555556,-0.86440678,-13,-12
40367,right,L2,135,0.3333333333333335,-0.762711864,-8,-14
40368,right,L1,732,0.3333333333333335,0.18644067796610164,6,0
40369,right,L2,712,0.7777777777777779,0.38983050847457634,13,-1
40370,right,L3,757,0,-0.220338983,-3,-3
40371,right,L3,598,-0.222222222,-0.627118644,-11,-7
40372,right,L1,172,-0.111111111,0.728813559,10,12
40373,right,L2,253,-0.555555556,0.5254237288135593,3,13
40374,right,L3,102,-0.388888889,0.423728814,3,10
40375,right,L2,1,0.6111111111111112,0.423728814,12,1
40376,right,L3,584,-0.5,0.7627118644067796,7,16
40377,right,L3,701,0,-0.152542373,-2,-2
40378,right,L2,450,-0.277777778,-0.322033898,-7,-2
40379,right,L3,419,0.2777777777777777,-0.389830508,-3,-8
40380,right,L3,16,0.22222222222222232,-0.559322034,-6,-10
40381,right,L1,230,-0.277777778,0.2881355932203389,2,7
40382,right,L2,99,-0.5,0.4915254237288136,3,12
40383,right,L3,370,0.2777777777777777,0.6949152542372881,13,8
40384,right,L2,279,0.4444444444444444,0.2542372881355932,8,0
40385,right,L2,307,-0.611111111,-0.86440678,-18,-7
40386,right,L3,773,-0.611111111,-0.661016949,-15,-4
40387,right,L2,266,0.055555556,-0.86440678,-12,-13
40388,right,L2,461,-0.833333333,-0.186440678,-10,5
40389,right,L3,679,-0.444444444,0.5932203389830508,5,13
40390,right,L3,157,0.055555556,-0.254237288,-3,-4
40391,right,L1,406,-0.166666667,-0.86440678,-14,-11
40392,right,L1,505,-0.666666667,-0.762711864,-17,-5
40394,right,L1,70,0.38888888888888906,0.6949152542372881,14,7
40395,right,L3,101,0.7777777777777779,0.18644067796610164,10,-4
40396,right,L1,325,-0.611111111,0.016949152542372836,-5,6
40397,right,L3,270,-0.111111111,-0.288135593,-5,-3
40398,right,L1,98,0.11111111111111116,-0.423728814,-5,-7
40399,right,L1,666,-0.833333333,-0.457627119,-14,1
40400,right,L1,33,-0.333333333,0.5932203389830508,6,12
40401,right,L2,60,0.8888888888888888,0.2542372881355932,12,-4
40402,right,L1,270,-0.111111111,-0.288135593,-5,-3
40403,right,L2,630,-0.444444444,0.2542372881355932,0,8
40404,right,L2,271,-0.444444444,0.18644067796610164,-1,7
40405,right,L2,76,0.3333333333333335,-0.152542373,1,-5
40406,right,L3,427,-0.555555556,-0.627118644,-14,-4
40408,right,L2,56,-0.166666667,-0.457627119,-8,-5
40409,right,L2,66,-0.277777778,0.4915254237288136,5,10
40410,right,L3,274,-0.666666667,0.11864406779661008,-4,8
40411,right,L2,226,-0.611111111,0.6271186440677967,4,15
40412,right,L3,38,0,-0.084745763,-1,-1
40413,right,L2,519,0.5,-0.186440678,2,-7
40414,right,L2,520,0.22222222222222232,-0.762711864,-9,-13
40415,right,L2,96,-0.111111111,-0.355932203,-6,-4
40416,right,L1,592,-0.333333333,-0.966101695,-17,-11
40417,right,L1,233,-0.5,-0.457627119,-11,-2
40418,right,L3,416,-0.333333333,-0.288135593,-7,-1
40419,right,L1,590,-0.166666667,0.2881355932203389,3,6
40420,right,L2,20,-0.388888889,-0.389830508,-9,-2
40421,right,L2,334,-0.111111111,-0.898305085,-14,-12
40422,right,L3,313,-0.833333333,0.084745763,-6,9
40423,right,L3,130,-0.222222222,0.38983050847457634,4,8
40424,right,L2,221,0.7222222222222221,0.084745763,8,-5
40425,right,L2,367,0.6111111111111112,-0.525423729,-2,-13
40426,right,L3,762,0,0.4576271186440677,7,7
40427,right,L3,647,0.38888888888888906,-0.254237288,0,-7
40428,right,L3,232,0.38888888888888906,0.423728814,10,3
40429,right,L3,366,0.5555555555555554,-0.694915254,-5,-15
40430,right,L1,113,0.22222222222222232,0.11864406779661008,4,0
40431,right,L1,597,-0.5,0.016949152542372836,-4,5
40432,right,L1,366,0.5555555555555554,-0.694915254,-5,-15
40433,right,L1,448,0,1,15,15
40434,right,L3,252,-0.388888889,0.7627118644067796,8,15
40435,right,L3,735,-0.166666667,-0.796610169,-13,-10
40436,right,L2,723,0.16666666666666674,-0.389830508,-4,-7
40437,right,L1,567,0.22222222222222232,0.728813559,13,9
40438,right,L1,263,0.3333333333333335,0.11864406779661008,5,-1
40439,right,L3,472,-0.166666667,0.8305084745762712,11,14
40440,right,L3,239,0.666666667,0.18644067796610164,9,-3
40441,right,L1,158,-0.388888889,-0.186440678,-6,1
40442,right,L2,262,-0.166666667,-0.389830508,-7,-4
40443,right,L2,582,0.055555556,0.7627118644067796,12,11
40444,right,L1,754,0.055555556,-0.457627119,-6,-7
40445,right,L3,319,0.16666666666666674,0.15254237288135597,4,1
40446,right,L1,203,-0.388888889,-0.050847458,-4,3
40447,right,L2,52,0.11111111111111116,-0.762711864,-10,-12
40449,right,L1,651,0.38888888888888906,-0.186440678,1,-6
40450,right,L3,631,-0.111111111,0.8644067796610169,12,14
40451,right,L3,761,0.4444444444444444,-0.627118644,-5,-13
40452,right,L1,575,-0.722222222,0.2881355932203389,-2,11
40453,right,L1,579,0.3333333333333335,-0.355932203,-2,-8
40454,right,L2,4,0.5,-0.728813559,-6,-15
40455,right,L2,58,-0.333333333,0.38983050847457634,3,9
40456,right,L1,600,-0.333333333,-0.355932203,-8,-2
40458,right,L1,539,0.6111111111111112,0.4915254237288136,13,2
40459,right,L2,580,0.16666666666666674,-0.796610169,-10,-13
40460,right,L1,109,-0.5,-0.186440678,-7,2
40461,right,L3,281,1,0.050847458,10,-8
40462,right,L2,102,-0.388888889,0.423728814,3,10
40463,right,L3,743,-0.722222222,-0.661016949,-16,-3
40464,right,L3,133,0.3333333333333335,0.6610169491525424,13,7
40465,right,L1,391,-0.5,-0.118644068,-6,3
40466,right,L3,667,-0.111111111,-0.966101695,-15,-13
40467,right,L1,418,0.16666666666666674,0.4915254237288136,9,6
40468,right,L3,310,-0.222222222,0.728813559,9,13
40470,right,L3,781,0.5555555555555554,0.8644067796610169,18,8
40471,right,L2,26,-0.166666667,-0.118644068,-3,0
40472,right,L3,714,-0.555555556,0.38983050847457634,1,11
40473,right,L1,12,0.7222222222222221,0.2881355932203389,11,-2
40474,right,L1,716,-0.444444444,-0.220338983,-7,1
40475,right,L2,704,0.7777777777777779,0.2542372881355932,11,-3
40476,right,L1,626,0.5555555555555554,-0.288135593,1,-9
40477,right,L2,305,0.7777777777777779,0.11864406779661008,9,-5
40478,right,L2,35,-0.111111111,-0.830508475,-13,-11
40479,right,L2,116,0.11111111111111116,-0.288135593,-3,-5
40480,right,L2,424,0.3333333333333335,-0.084745763,2,-4
40481,right,L2,716,-0.444444444,-0.220338983,-7,1
40482,right,L1,382,-0.333333333,-0.220338983,-6,0
40483,right,L1,246,0.38888888888888906,0.4915254237288136,11,4
40484,right,L3,716,-0.444444444,-0.220338983,-7,1
40485,right,L3,175,0.6111111111111112,-0.254237288,2,-9
40486,right,L1,443,0.666666667,0.11864406779661008,8,-4
40487,right,L2,738,0.2777777777777777,0.423728814,9,4
40488,right,L3,395,0,-0.762711864,-11,-11
40489,right,L3,742,0.38888888888888906,0.35593220338983045,9,2
40490,right,L2,587,-0.444444444,0.728813559,7,15
40491,right,L2,314,0.9444444444444444,0.15254237288135597,11,-6
40492,right,L2,343,0.2777777777777777,0.8983050847457628,16,11
40493,right,L2,727,-0.777777778,0.18644067796610164,-4,10
40494,right,L3,27,-0.055555556,-0.86440678,-13,-12
40495,right,L3,57,-0.722222222,-0.389830508,-12,1
40496,right,L1,540,0.16666666666666674,-0.322033898,-3,-6
40497,right,L3,586,-0.222222222,0.5932203389830508,7,11
40498,right,L2,637,-0.388888889,-0.728813559,-14,-7
40499,right,L3,338,0.11111111111111116,-0.016949153,1,-1
40500,right,L1,503,-0.388888889,0.5593220338983051,5,12
40501,right,L2,112,0.6111111111111112,0.016949152542372836,6,-5
40502,right,L3,73,-0.222222222,0.050847458,-1,3
40503,right,L2,309,0.666666667,0.38983050847457634,12,0
40504,right,L3,86,0.5,-0.254237288,1,-8
40505,right,L2,191,0.055555556,-0.389830508,-5,-6
40506,right,L1,655,-0.722222222,-0.050847458,-7,6
40507,right,L2,108,0.3333333333333335,-0.423728814,-3,-9
40508,right,L1,119,0.22222222222222232,0.18644067796610164,5,1
40509,right,L2,521,-0.722222222,-0.322033898,-11,2
40510,right,L2,183,0.5,-0.525423729,-3,-12
40511,right,L1,603,0.2777777777777777,-0.796610169,-9,-14
40512,right,L3,199,0,-0.423728814,-6,-6
40513,right,L2,79,-0.277777778,0.016949152542372836,-2,3
40514,right,L2,472,-0.166666667,0.8305084745762712,11,14
40515,right,L3,389,0.666666667,-0.559322034,-2,-14
40516,right,L1,287,0.5,0.423728814,11,2
40517,right,L1,239,0.666666667,0.18644067796610164,9,-3
40518,right,L1,493,0.2777777777777777,0.7627118644067796,14,9
40519,right,L1,527,0.4444444444444444,-0.288135593,0,-8
40520,right,L3,98,0.11111111111111116,-0.423728814,-5,-7
40521,right,L3,324,-0.333333333,0.7966101694915255,9,15
40522,right,L2,659,0.4444444444444444,-0.220338983,1,-7
40523,right,L1,44,-0.555555556,-0.355932203,-10,0
40524,right,L1,762,0,0.4576271186440677,7,7
40525,right,L2,746,0.2777777777777777,0.084745763,4,-1
40526,right,L1,258,0.38888888888888906,-0.593220339,-5,-12
40527,right,L1,738,0.2777777777777777,0.423728814,9,4
40528,right,L1,138,-0.055555556,0.8983050847457628,13,14
40529,right,L3,193,0.5555555555555554,0.11864406779661008,7,-3
40530,right,L2,772,-0.111111111,0.38983050847457634,5,7
40531,right,L1,534,-0.333333333,0.050847458,-2,4
40532,right,L2,104,0.055555556,-0.93220339,-13,-14
40533,right,L3,352,0.22222222222222232,0.9322033898305084,16,12
40534,right,L2,257,-0.277777778,0.6949152542372881,8,13
40535,right,L2,220,-0.222222222,-0.220338983,-5,-1
40536,right,L1,84,0.22222222222222232,0.38983050847457634,8,4
40537,right,L3,261,0.055555556,0.423728814,7,6
40538,right,L2,651,0.38888888888888906,-0.186440678,1,-6
40539,right,L2,633,0.11111111111111116,-0.830508475,-11,-13
40540,right,L3,353,-0.222222222,0.7966101694915255,10,14
40541,right,L3,736,0.8333333333333333,0.016949152542372836,8,-7
40542,right,L1,562,0.5555555555555554,-0.084745763,4,-6
40543,right,L3,649,0.055555556,0.15254237288135597,3,2
40544,right,L1,692,0.4444444444444444,0.7966101694915255,16,8
40545,right,L3,178,-0.277777778,0.35593220338983045,3,8
40547,right,L1,345,-0.333333333,-0.423728814,-9,-3
40548,right,L2,24,0.11111111111111116,-0.355932203,-4,-6
40549,right,L3,254,-0.333333333,-0.830508475,-15,-9
40550,right,L3,429,0.22222222222222232,0.4576271186440677,9,5
40551,right,L3,358,0.2777777777777777,0.5593220338983051,11,6
40552,right,L3,342,-0.277777778,-0.525423729,-10,-5
40553,right,L2,293,-0.5,-0.593220339,-13,-4
40554,right,L3,528,-0.277777778,0.22033898305084754,1,6
40555,right,L3,532,0.8333333333333333,0.22033898305084754,11,-4
40556,right,L2,317,0.5555555555555554,-0.152542373,3,-7
40557,right,L3,551,0.38888888888888906,-0.322033898,-1,-8
40558,right,L3,152,-0.388888889,-0.525423729,-11,-4
40559,right,L1,134,0.5555555555555554,-0.627118644,-4,-14
40560,right,L2,471,-0.333333333,-0.898305085,-16,-10
40561,right,L2,342,-0.277777778,-0.525423729,-10,-5
40562,right,L2,100,-0.222222222,-0.355932203,-7,-3
40563,right,L1,13,0.11111111111111116,-0.898305085,-12,-14
40564,right,L2,548,-0.111111111,-0.559322034,-9,-7
40565,right,L2,224,-0.055555556,0.15254237288135597,2,3
40566,right,L1,82,0.7222222222222221,0.22033898305084754,10,-3
40567,right,L3,110,0.7777777777777779,-0.016949153,7,-7
40568,right,L3,361,-0.055555556,-0.254237288,-4,-3
40569,right,L3,566,-0.555555556,-0.288135593,-9,1
40570,right,L3,640,0.11111111111111116,-0.559322034,-7,-9
40571,right,L3,203,-0.388888889,-0.050847458,-4,3
40572,right,L3,246,0.38888888888888906,0.4915254237288136,11,4
40573,right,L2,161,-0.444444444,-0.491525424,-11,-3
40574,right,L1,635,-0.666666667,-0.220338983,-9,3
40575,right,L1,342,-0.277777778,-0.525423729,-10,-5
40576,right,L2,163,0.9444444444444444,0.22033898305084754,12,-5
40577,right,L2,652,0.6111111111111112,-0.389830508,0,-11
40578,right,L1,604,0.6111111111111112,-0.593220339,-3,-14
40579,right,L3,263,0.3333333333333335,0.11864406779661008,5,-1
40580,right,L2,502,-0.555555556,0.2542372881355932,-1,9
40581,right,L2,296,-0.111111111,-0.627118644,-10,-8
40582,right,L2,2,0.8888888888888888,0.050847458,9,-7
40583,right,L1,265,0.6111111111111112,-0.050847458,5,-6
40584,right,L2,225,-0.222222222,-0.898305085,-15,-11
40585,right,L2,242,0.4444444444444444,0.18644067796610164,7,-1
40586,right,L3,458,-0.555555556,-0.016949153,-5,5
40587,right,L1,218,-0.222222222,0.3220338983050848,3,7
40588,right,L1,694,-0.5,0.084745763,-3,6
40589,right,L3,195,0.2777777777777777,-0.050847458,2,-3
40590,right,L1,669,-0.444444444,-0.559322034,-12,-4
40591,right,L1,723,0.16666666666666674,-0.389830508,-4,-7
40592,right,L3,746,0.2777777777777777,0.084745763,4,-1
40593,right,L2,115,0.4444444444444444,0.050847458,5,-3
40594,right,L2,770,-0.555555556,0.11864406779661008,-3,7
40595,right,L3,26,-0.166666667,-0.118644068,-3,0
40596,right,L1,587,-0.444444444,0.728813559,7,15
40597,right,L2,222,0.3333333333333335,0.8644067796610169,16,10
40598,right,L2,310,-0.222222222,0.728813559,9,13
40599,right,L3,372,-0.111111111,-0.084745763,-2,0
40600,right,L3,103,-0.833333333,0.2881355932203389,-3,12
40601,right,L3,21,0.16666666666666674,0.6271186440677967,11,8
40602,right,L2,479,0.22222222222222232,0.3220338983050848,7,3
40603,right,L1,72,0,-0.966101695,-14,-14
40604,right,L1,229,-0.555555556,0.050847458,-4,6
40605,right,L2,733,0.5,-0.593220339,-4,-13
40606,right,L3,300,-0.444444444,-0.627118644,-13,-5
40607,right,L1,400,-0.166666667,-1,-16,-13
40608,right,L2,214,0.5,0.084745763,6,-3
40609,right,L1,128,-0.333333333,-0.762711864,-14,-8
40610,right,L1,104,0.055555556,-0.93220339,-13,-14
40611,right,L3,378,0.3333333333333335,0.5932203389830508,12,6
40612,right,L3,653,0.666666667,-0.423728814,0,-12
40613,right,L3,349,0.5555555555555554,-0.491525424,-2,-12
40614,right,L2,606,0.055555556,-0.661016949,-9,-10
40615,right,L2,270,-0.111111111,-0.288135593,-5,-3
40616,right,L2,513,0.38888888888888906,-0.457627119,-3,-10
40617,right,L2,318,-0.5,-0.661016949,-14,-5
40618,right,L1,25,0.9444444444444444,0.084745763,10,-7
40619,right,L2,363,-0.777777778,-0.152542373,-9,5
40620,right,L1,254,-0.333333333,-0.830508475,-15,-9
40621,right,L1,743,-0.722222222,-0.661016949,-16,-3
40622,right,L1,373,-0.166666667,-0.728813559,-12,-9
40623,right,L1,85,-0.444444444,-0.762711864,-15,-7
40624,right,L1,640,0.11111111111111116,-0.559322034,-7,-9
40625,right,L3,126,-0.388888889,0.35593220338983045,2,9
40626,right,L3,30,-0.666666667,0.5254237288135593,2,14
40627,right,L1,584,-0.5,0.7627118644067796,7,16
40628,right,L3,81,-0.666666667,-0.084745763,-7,5
40629,right,L1,165,-0.444444444,0.5254237288135593,4,12
40630,right,L3,483,-0.277777778,-0.254237288,-6,-1
40631,right,L3,501,-0.111111111,0.050847458,0,2
40632,right,L3,450,-0.277777778,-0.322033898,-7,-2
40633,right,L1,383,0.6111111111111112,0.35593220338983045,11,0
40634,right,L2,89,-0.166666667,-0.661016949,-11,-8
40635,right,L1,354,0.22222222222222232,-0.898305085,-11,-15
40636,right,L3,525,0.11111111111111116,-0.694915254,-9,-11
40637,right,L3,694,-0.5,0.084745763,-3,6
40638,right,L1,610,-0.277777778,-0.796610169,-14,-9
40639,right,L1,524,-0.444444444,-0.694915254,-14,-6
40640,right,L1,256,-0.555555556,-0.694915254,-15,-5
40641,right,L1,269,-0.277777778,-0.661016949,-12,-7
40642,right,L1,197,0,-0.694915254,-10,-10
40643,right,L3,183,0.5,-0.525423729,-3,-12
40644,right,L2,775,-0.555555556,0.728813559,6,16
40645,right,L1,613,0.8888888888888888,-0.152542373,6,-10
40646,right,L3,597,-0.5,0.016949152542372836,-4,5
40647,right,L1,48,0.4444444444444444,-0.762711864,-7,-15
40648,right,L2,741,0.22222222222222232,-0.491525424,-5,-9
40649,right,L2,324,-0.333333333,0.7966101694915255,9,15
40650,right,L2,543,0.11111111111111116,-0.152542373,-1,-3
40651,right,L2,175,0.6111111111111112,-0.254237288,2,-9
40652,right,L3,259,0.7222222222222221,-0.186440678,4,-9
40653,right,L3,66,-0.277777778,0.4915254237288136,5,10
40654,right,L2,454,-0.555555556,-0.423728814,-11,-1
40656,right,L1,327,-0.611111111,0.084745763,-4,7
40657,right,L1,407,0.5555555555555554,-0.355932203,0,-10
40658,right,L1,591,-0.388888889,-0.118644068,-5,2
40659,right,L1,415,-0.666666667,0.38983050847457634,0,12
40660,right,L1,741,0.22222222222222232,-0.491525424,-5,-9
40661,right,L1,281,1,0.050847458,10,-8
40662,right,L3,778,-0.5,0.8305084745762712,8,17
40663,right,L3,1,0.6111111111111112,0.423728814,12,1
40664,right,L2,48,0.4444444444444444,-0.762711864,-7,-15
40665,right,L2,217,-0.722222222,0.4915254237288136,1,14
40666,right,L2,244,0.4444444444444444,-0.423728814,-2,-10
40667,right,L1,704,0.7777777777777779,0.2542372881355932,11,-3
40668,right,L3,645,0.38888888888888906,0.8983050847457628,17,10
40669,right,L1,112,0.6111111111111112,0.016949152542372836,6,-5
40670,right,L2,585,0.055555556,-0.796610169,-11,-12
40671,right,L2,734,-0.222222222,-0.016949153,-2,2
40672,right,L1,628,0,-0.016949153,0,0
40673,right,L3,354,0.22222222222222232,-0.898305085,-11,-15
40674,right,L1,310,-0.222222222,0.728813559,9,13
40675,right,L1,435,-0.611111111,-0.593220339,-14,-3
40676,right,L3,317,0.5555555555555554,-0.152542373,3,-7
40677,right,L2,607,-0.111111111,0.5932203389830508,8,10
40678,right,L2,195,0.2777777777777777,-0.050847458,2,-3
40679,right,L2,759,-0.777777778,0.4576271186440677,0,14
40680,right,L1,607,-0.111111111,0.5932203389830508,8,10
40681,right,L1,5,0.11111111111111116,0.5254237288135593,9,7
40682,right,L1,679,-0.444444444,0.5932203389830508,5,13
40683,right,L2,739,0.7777777777777779,0.050847458,8,-6
40684,right,L3,732,0.3333333333333335,0.18644067796610164,6,0
40685,right,L1,294,-0.111111111,-0.694915254,-11,-9
40686,right,L3,299,0.4444444444444444,0.38983050847457634,10,2
40687,right,L1,729,0.2777777777777777,0.9661016949152543,17,12
40688,right,L2,193,0.5555555555555554,0.11864406779661008,7,-3
40689,right,L2,306,-0.388888889,0.22033898305084754,0,7
40690,right,L3,226,-0.611111111,0.6271186440677967,4,15
40691,right,L2,250,0.055555556,0.016949152542372836,1,0
40692,right,L3,453,-0.388888889,0.8305084745762712,9,16
40693,right,L2,426,0.3333333333333335,-0.016949153,3,-3
40694,right,L2,397,0.2777777777777777,-0.661016949,-7,-12
40695,right,L2,369,-0.611111111,-0.186440678,-8,3
40696,right,L2,273,0.6111111111111112,0.7627118644067796,17,6
40697,right,L2,184,0.6111111111111112,-0.186440678,3,-8
40698,right,L1,476,0.055555556,0.4915254237288136,8,7
40699,right,L2,82,0.7222222222222221,0.22033898305084754,10,-3
40700,right,L3,644,0.666666667,0.5932203389830508,15,3
40701,right,L3,375,0.6111111111111112,0.22033898305084754,9,-2
40702,right,L2,92,-0.055555556,0.2881355932203389,4,5
40703,right,L2,410,0.22222222222222232,-0.084745763,1,-3
40704,right,L2,476,0.055555556,0.4915254237288136,8,7
40705,right,L1,410,0.22222222222222232,-0.084745763,1,-3
40706,right,L2,218,-0.222222222,0.3220338983050848,3,7
40707,right,L1,769,-0.5,-0.93220339,-18,-9
40708,right,L2,332,-0.444444444,-0.898305085,-17,-9
40709,right,L2,618,0.11111111111111116,0.7966101694915255,13,11
40710,right,L3,745,-0.055555556,0.423728814,6,7
40711,right,L1,302,-0.277777778,0.5593220338983051,6,11
40712,right,L2,13,0.11111111111111116,-0.898305085,-12,-14
40713,right,L2,302,-0.277777778,0.5593220338983051,6,11
40714,right,L2,316,-0.555555556,-0.152542373,-7,3
40715,right,L3,184,0.6111111111111112,-0.186440678,3,-8
40716,right,L2,31,0,0.5254237288135593,8,8
40717,right,L3,601,-0.111111111,0.5254237288135593,7,9
40718,right,L2,661,0.3333333333333335,0.4576271186440677,10,4
40719,right,L2,313,-0.833333333,0.084745763,-6,9
40720,right,L3,425,-0.333333333,0.6610169491525424,7,13
40721,right,L3,681,0.16666666666666674,-0.728813559,-9,-12
40722,right,L2,626,0.5555555555555554,-0.288135593,1,-9
40723,right,L1,110,0.7777777777777779,-0.016949153,7,-7
40724,right,L1,99,-0.5,0.4915254237288136,3,12
40725,right,L1,152,-0.388888889,-0.525423729,-11,-4
40726,right,L3,80,-0.5,0.423728814,2,11
40727,right,L3,520,0.22222222222222232,-0.762711864,-9,-13
40728,right,L2,744,0.38888888888888906,0.8305084745762712,16,9
40729,right,L1,91,0.11111111111111116,0.18644067796610164,4,2
40730,right,L2,213,-0.333333333,-0.152542373,-5,1
40731,right,L1,186,0.11111111111111116,0.8644067796610169,14,12
40732,right,L2,553,0.3333333333333335,0.5254237288135593,11,5
40733,right,L1,2,0.8888888888888888,0.050847458,9,-7
40734,right,L1,144,-0.833333333,-0.389830508,-13,2
40735,right,L1,455,-0.833333333,-0.254237288,-11,4
40736,right,L1,430,0.2777777777777777,-0.254237288,-1,-6
40737,right,L2,327,-0.611111111,0.084745763,-4,7
40738,right,L1,337,0.5555555555555554,-0.220338983,2,-8
40739,right,L3,424,0.3333333333333335,-0.084745763,2,-4
40740,right,L3,733,0.5,-0.593220339,-4,-13
40741,right,L1,273,0.6111111111111112,0.7627118644067796,17,6
40742,right,L2,328,-0.611111111,-0.322033898,-10,1
40743,right,L1,210,0.666666667,0.2542372881355932,10,-2
40744,right,L3,47,0.9444444444444444,-0.050847458,8,-9
40745,right,L2,780,0.6111111111111112,0.8305084745762712,18,7
40746,right,L2,781,0.5555555555555554,0.8644067796610169,18,8
40747,right,L3,448,0,1,15,15
40748,right,L3,84,0.22222222222222232,0.38983050847457634,8,4
40749,right,L1,630,-0.444444444,0.2542372881355932,0,8
40750,right,L3,562,0.5555555555555554,-0.084745763,4,-6
40751,right,L2,212,-0.222222222,-0.559322034,-10,-6
40752,right,L1,117,0.8888888888888888,-0.084745763,7,-9
40753,right,L3,521,-0.722222222,-0.322033898,-11,2
40754,right,L2,46,0.5,0.4915254237288136,12,3
40755,right,L1,461,-0.833333333,-0.186440678,-10,5
40756,right,L1,221,0.7222222222222221,0.084745763,8,-5
40757,right,L2,148,0.7222222222222221,-0.389830508,1,-12
40758,right,L1,187,-0.388888889,0.6949152542372881,7,14
40759,right,L2,232,0.38888888888888906,0.423728814,10,3
40760,right,L3,768,-0.388888889,0.15254237288135597,-1,6
40761,right,L2,95,-0.5,-0.728813559,-15,-6
40762,right,L1,181,-0.111111111,-0.152542373,-3,-1
40763,right,L2,118,-0.388888889,0.016949152542372836,-3,4
40764,right,L2,352,0.22222222222222232,0.9322033898305084,16,12
40765,right,L2,32,0,0.38983050847457634,6,6
40766,right,L3,641,0.8333333333333333,-0.186440678,5,-10
40767,right,L1,572,0.8333333333333333,0.084745763,9,-6
40768,right,L3,227,0.7222222222222221,0.15254237288135597,9,-4
40769,right,L2,779,-0.555555556,0.7966101694915255,7,17
40770,right,L2,749,0.16666666666666674,0.016949152542372836,2,-1
40771,right,L3,139,-0.111111111,-0.491525424,-8,-6
40772,right,L3,191,0.055555556,-0.389830508,-5,-6
40773,right,L2,544,-0.388888889,-0.457627119,-10,-3
40774,right,L1,422,0.7777777777777779,-0.152542373,5,-9
40775,right,L2,619,0.38888888888888906,-0.661016949,-6,-13
40776,right,L3,671,0.38888888888888906,-0.796610169,-8,-15
40777,right,L2,23,0.3333333333333335,-0.559322034,-5,-11
40778,right,L2,346,0.7222222222222221,-0.322033898,2,-11
40779,right,L3,114,-0.277777778,-0.457627119,-9,-4
40780,right,L2,401,0.16666666666666674,-0.661016949,-8,-11
40781,right,L2,790,0.16666666666666674,-0.93220339,-12,-15
40782,right,L3,91,0.11111111111111116,0.18644067796610164,4,2
40783,right,L1,439,0.2777777777777777,-0.322033898,-2,-7
40784,right,L1,758,-0.611111111,-0.050847458,-6,5
40785,right,L2,646,-0.722222222,0.5593220338983051,2,15
40786,right,L3,646,-0.722222222,0.5593220338983051,2,15
40787,right,L3,556,0,0.3220338983050848,5,5
40788,right,L1,431,0.22222222222222232,-0.355932203,-3,-7
40789,right,L2,379,-0.388888889,-0.593220339,-12,-5
40790,right,L1,184,0.6111111111111112,-0.186440678,3,-8
40791,right,L3,131,0.666666667,0.6610169491525424,16,4
40792,right,L3,41,0.3333333333333335,0.9322033898305084,17,11
40793,right,L1,42,0.11111111111111116,0.4576271186440677,8,6
40794,right,L3,398,0.3333333333333335,0.728813559,14,8
40795,right,L3,346,0.7222222222222221,-0.322033898,2,-11
40796,right,L3,561,-0.611111111,0.22033898305084754,-2,9
40797,right,L2,680,0.055555556,0.8305084745762712,13,12
40798,right,L1,280,0.666666667,-0.491525424,-1,-13
40799,right,L1,148,0.7222222222222221,-0.389830508,1,-12
40800,right,L2,374,-0.277777778,0.423728814,4,9
40801,right,L3,682,-0.666666667,-0.288135593,-10,2
40802,right,L1,394,0.7777777777777779,-0.288135593,3,-11
40803,right,L1,106,0.7222222222222221,0.35593220338983045,12,-1
40804,right,L3,739,0.7777777777777779,0.050847458,8,-6
40805,right,L2,452,-0.166666667,-0.322033898,-6,-3
40806,right,L1,794,-0.555555556,-0.898305085,-18,-8
40807,right,L2,710,-0.5,-0.86440678,-17,-8
40808,right,L1,312,-0.5,-0.254237288,-8,1
40809,right,L1,542,-0.722222222,-0.457627119,-13,0
40810,right,L1,506,-0.111111111,-0.423728814,-7,-5
40811,right,L1,594,-0.777777778,-0.559322034,-15,-1
40812,right,L1,402,-0.333333333,0.8644067796610169,10,16
40813,right,L1,662,-0.277777778,-0.050847458,-3,2
40814,right,L3,508,0.5,0.35593220338983045,10,1
40815,right,L1,531,-0.111111111,-0.016949153,-1,1
40816,right,L1,38,0,-0.084745763,-1,-1
40818,right,L1,563,-0.611111111,-0.457627119,-12,-1
40819,right,L2,403,0.22222222222222232,-0.423728814,-4,-8
40820,right,L1,500,-0.777777778,-0.288135593,-11,3
40821,right,L2,216,-0.277777778,0.6271186440677967,7,12
40822,right,L2,588,-0.111111111,0.11864406779661008,1,3
40823,right,L2,593,-0.333333333,-0.491525424,-10,-4
40824,right,L2,146,-0.111111111,-0.220338983,-4,-2
40825,right,L2,323,0.7222222222222221,-0.457627119,0,-13
40826,right,L3,769,-0.5,-0.93220339,-18,-9
40827,right,L1,388,-0.388888889,0.6271186440677967,6,13
40828,right,L2,758,-0.611111111,-0.050847458,-6,5
40829,right,L3,393,0.11111111111111116,0.728813559,12,10
40830,right,L3,165,-0.444444444,0.5254237288135593,4,12
40831,right,L1,670,-0.611111111,0.15254237288135597,-3,8
40832,right,L1,740,-0.222222222,-0.288135593,-6,-2
40833,right,L2,110,0.7777777777777779,-0.016949153,7,-7
40834,right,L3,451,-0.444444444,0.6610169491525424,6,14
40835,right,L1,467,0.22222222222222232,-0.694915254,-8,-12
40836,right,L1,589,0.055555556,-0.186440678,-2,-3
40837,right,L1,55,0.38888888888888906,-0.389830508,-2,-9
40838,right,L2,660,-0.222222222,0.9322033898305084,12,16
40839,right,L1,340,0.38888888888888906,0.5593220338983051,12,5
40840,right,L3,280,0.666666667,-0.491525424,-1,-13
40841,right,L2,321,-0.888888889,0.11864406779661008,-6,10
40842,right,L1,641,0.8333333333333333,-0.186440678,5,-10
40843,right,L1,629,-0.444444444,0.7966101694915255,8,16
40844,right,L2,33,-0.333333333,0.5932203389830508,6,12
40845,right,L2,474,0.2777777777777777,-0.593220339,-6,-11
40846,right,L3,634,0.2777777777777777,-0.525423729,-5,-10
40847,right,L3,269,-0.277777778,-0.661016949,-12,-7
40848,right,L2,21,0.16666666666666674,0.6271186440677967,11,8
40849,right,L2,268,-0.777777778,-0.220338983,-10,4
40850,right,L1,192,-0.777777778,0.3220338983050848,-2,12
40851,right,L1,395,0,-0.762711864,-11,-11
40852,right,L3,108,0.3333333333333335,-0.423728814,-3,-9
40853,right,L1,171,-0.666666667,-0.694915254,-16,-4
40854,right,L2,481,-0.444444444,-0.288135593,-8,0
40855,right,L1,555,0.38888888888888906,0.2881355932203389,8,1
40856,right,L1,306,-0.388888889,0.22033898305084754,0,7
40857,right,L1,384,0.666666667,-0.084745763,5,-7
40858,right,L1,616,0.2777777777777777,0.4915254237288136,10,5
40859,right,L1,247,0.38888888888888906,-0.525423729,-4,-11
40860,right,L1,111,-0.222222222,-0.830508475,-14,-10
40861,right,L1,532,0.8333333333333333,0.22033898305084754,11,-4
40862,right,L1,331,-0.166666667,-0.525423729,-9,-6
40863,right,L3,570,-0.277777778,0.8305084745762712,10,15
40864,right,L3,691,1,0.11864406779661008,11,-7
40865,right,L1,554,0.9444444444444444,-0.118644068,7,-10
40866,right,L3,626,0.5555555555555554,-0.288135593,1,-9
40867,right,L2,143,0.4444444444444444,0.5254237288135593,12,4
40868,right,L3,464,-0.444444444,-0.016949153,-4,4
40870,right,L3,698,-0.722222222,-0.254237288,-10,3
40871,right,L2,238,0.8333333333333333,-0.118644068,6,-9
40872,right,L3,176,0.16666666666666674,0.423728814,8,5
40873,right,L1,37,-0.166666667,0.15254237288135597,1,4
40874,right,L2,478,0.7777777777777779,0.5254237288135593,15,1
40875,right,L3,572,0.8333333333333333,0.084745763,9,-6
40876,right,L3,456,-0.055555556,0.6949152542372881,10,11
40877,right,L3,275,0.8333333333333333,-0.050847458,7,-8
40878,right,L2,140,-0.333333333,0.2542372881355932,1,7
40879,right,L3,208,-0.611111111,-0.728813559,-16,-5
40880,right,L3,44,-0.555555556,-0.355932203,-10,0
40881,right,L1,411,0.5,-0.661016949,-5,-14
40882,right,L2,514,0.4444444444444444,-0.355932203,-1,-9
40883,right,L1,595,-0.777777778,-0.423728814,-13,1
40884,right,L3,213,-0.333333333,-0.152542373,-5,1
40885,right,L3,4,0.5,-0.728813559,-6,-15
40886,right,L3,642,0.5,-0.389830508,-1,-10
40887,right,L2,113,0.22222222222222232,0.11864406779661008,4,0
40888,right,L3,751,-0.111111111,0.18644067796610164,2,4
40889,right,L2,501,-0.111111111,0.050847458,0,2
40890,right,L3,402,-0.333333333,0.8644067796610169,10,16
40891,right,L2,320,0.16666666666666674,-0.186440678,-1,-4
40892,right,L1,289,0.055555556,0.35593220338983045,6,5
40893,right,L1,69,-0.111111111,0.2542372881355932,3,5
40894,right,L1,94,-0.555555556,0.5932203389830508,4,14
40895,right,L1,15,-0.277777778,-0.118644068,-4,1
40896,right,L1,161,-0.444444444,-0.491525424,-11,-3
40897,right,L2,796,-0.444444444,0.8644067796610169,9,17
40899,right,L1,21,0.16666666666666674,0.6271186440677967,11,8
40900,right,L1,212,-0.222222222,-0.559322034,-10,-6
40901,right,L2,241,-0.277777778,-0.593220339,-11,-6
40902,right,L1,637,-0.388888889,-0.728813559,-14,-7
40903,right,L3,692,0.4444444444444444,0.7966101694915255,16,8
40904,right,L3,511,-0.611111111,-0.389830508,-11,0
40905,right,L1,122,0.5,0.2881355932203389,9,0
40906,right,L1,786,0.22222222222222232,1,17,13
40907,right,L1,683,-0.222222222,0.18644067796610164,1,5
40908,right,L2,428,0.16666666666666674,0.7627118644067796,13,10
40909,right,L1,667,-0.111111111,-0.966101695,-15,-13
40910,right,L1,404,0.11111111111111116,0.6610169491525424,11,9
40911,right,L1,765,0.2777777777777777,0.2881355932203389,7,2
40912,right,L3,124,-0.166666667,-0.254237288,-5,-2
40913,right,L1,471,-0.333333333,-0.898305085,-16,-10
40914,right,L1,423,-0.333333333,-0.627118644,-12,-6
40915,right,L3,341,-0.722222222,-0.593220339,-15,-2
40916,right,L2,77,-0.277777778,-0.186440678,-5,0
40917,right,L1,367,0.6111111111111112,-0.525423729,-2,-13
40918,right,L2,480,-0.388888889,-0.661016949,-13,-6
40919,right,L2,169,0,-0.627118644,-9,-9
40920,right,L3,367,0.6111111111111112,-0.525423729,-2,-13
40921,right,L3,390,0.6111111111111112,-0.322033898,1,-10
40922,right,L1,705,-0.166666667,0.016949152542372836,-1,2
40923,right,L1,262,-0.166666667,-0.389830508,-7,-4
40924,right,L3,307,-0.611111111,-0.86440678,-18,-7
40925,right,L1,621,-0.111111111,0.7966101694915255,11,13
40926,right,L1,133,0.3333333333333335,0.6610169491525424,13,7
40927,right,L1,97,0.5555555555555554,0.050847458,6,-4
40928,right,L1,120,0.055555556,-0.050847458,0,-1
40929,right,L2,188,0.5,0.5593220338983051,13,4
40930,right,L3,651,0.38888888888888906,-0.186440678,1,-6
40931,right,L2,275,0.8333333333333333,-0.050847458,7,-8
40932,right,L3,376,0.7777777777777779,-0.355932203,2,-12
40933,right,L2,331,-0.166666667,-0.525423729,-9,-6
40934,right,L1,380,0.055555556,0.9661016949152543,15,14
40935,right,L3,387,0.055555556,-0.525423729,-7,-8
40936,right,L3,400,-0.166666667,-1,-16,-13
40937,right,L1,207,-0.166666667,0.9661016949152543,13,16
40938,right,L3,549,-0.055555556,-0.322033898,-5,-4
40939,right,L1,304,-0.722222222,0.15254237288135597,-4,9
40940,right,L3,105,-0.333333333,0.728813559,8,14
40941,right,L2,632,-0.333333333,-0.694915254,-13,-7
40942,right,L1,173,-0.277777778,-0.86440678,-15,-10
40943,right,L3,119,0.22222222222222232,0.18644067796610164,5,1
40944,right,L2,756,-0.555555556,0.6610169491525424,5,15
40945,right,L1,141,-0.611111111,-0.796610169,-17,-6
40946,right,L2,596,0.4444444444444444,-0.559322034,-4,-12
40947,right,L1,318,-0.5,-0.661016949,-14,-5
40948,right,L2,356,0,0.728813559,11,11
40949,right,L3,792,-0.888888889,0.050847458,-7,9
40950,right,L2,151,0.3333333333333335,-0.491525424,-4,-10
40951,right,L3,490,0.5555555555555554,0.18644067796610164,8,-2
40952,right,L2,418,0.16666666666666674,0.4915254237288136,9,6
40953,right,L1,322,-0.222222222,0.8644067796610169,11,15
40954,right,L3,515,0.8333333333333333,-0.254237288,4,-11
40955,right,L2,123,0.8888888888888888,0.3220338983050848,13,-3
40956,right,L3,725,0.3333333333333335,-0.830508475,-9,-15
40957,right,L3,96,-0.111111111,-0.355932203,-6,-4
40958,right,L1,7,0.666666667,-0.220338983,3,-9
40959,right,L1,170,0.5,0.016949152542372836,5,-4
40960,right,L1,355,0.7777777777777779,-0.220338983,4,-10
40961,right,L3,59,0.22222222222222232,0.050847458,3,-1
40962,right,L1,73,-0.222222222,0.050847458,-1,3
40963,right,L1,166,0,0.5932203389830508,9,9
40964,right,L1,413,0.16666666666666674,-0.254237288,-2,-5
40965,right,L3,106,0.7222222222222221,0.35593220338983045,12,-1
40966,right,L3,565,0,-0.898305085,-13,-13
40967,right,L3,753,0.3333333333333335,0.7966101694915255,15,9
40968,right,L1,735,-0.166666667,-0.796610169,-13,-10
40969,right,L2,174,-0.5,-0.525423729,-12,-3
40970,right,L2,375,0.6111111111111112,0.22033898305084754,9,-2
40971,right,L1,494,-0.055555556,0.9661016949152543,14,15
40972,right,L3,578,-0.5,-0.389830508,-10,-1
40973,right,L1,668,-0.166666667,0.6271186440677967,8,11
40974,right,L2,292,0.4444444444444444,0.5932203389830508,13,5
40975,right,L3,442,0.5,0.8305084745762712,17,8
40976,right,L2,322,-0.222222222,0.8644067796610169,11,15
40977,right,L2,497,-0.722222222,0.016949152542372836,-6,7
40978,right,L3,268,-0.777777778,-0.220338983,-10,4
40979,right,L1,492,0.7777777777777779,-0.084745763,6,-8
40980,right,L2,430,0.2777777777777777,-0.254237288,-1,-6
40981,right,L2,409,-0.055555556,-0.118644068,-2,-1
40982,right,L3,555,0.38888888888888906,0.2881355932203389,8,1
40983,right,L1,483,-0.277777778,-0.254237288,-6,-1
40984,right,L3,262,-0.166666667,-0.389830508,-7,-4
40985,right,L2,665,-0.777777778,-0.084745763,-8,6
40986,right,L2,105,-0.333333333,0.728813559,8,14
40987,right,L2,109,-0.5,-0.186440678,-7,2
40988,right,L1,478,0.7777777777777779,0.5254237288135593,15,1
40989,right,L3,365,-0.5,0.22033898305084754,-1,8
40990,right,L1,223,0.22222222222222232,0.8644067796610169,15,11
40991,right,L3,754,0.055555556,-0.457627119,-6,-7
40992,right,L1,788,-0.388888889,0.8983050847457628,10,17
40993,right,L3,629,-0.444444444,0.7966101694915255,8,16
40994,right,L1,89,-0.166666667,-0.661016949,-11,-8
40995,right,L2,50,0.16666666666666674,0.6949152542372881,12,9
40996,right,L2,371,-0.722222222,-0.186440678,-9,4
40997,right,L2,648,-0.166666667,0.22033898305084754,2,5
40998,right,L2,570,-0.277777778,0.8305084745762712,10,15
40999,right,L1,763,0.5555555555555554,0.4576271186440677,12,2
41000,right,L1,639,0.38888888888888906,0.6271186440677967,13,6
41001,right,L2,142,0.22222222222222232,-0.627118644,-7,-11
41002,right,L1,300,-0.444444444,-0.627118644,-13,-5
41003,right,L3,559,0.666666667,0.728813559,17,5
41004,right,L2,737,-0.055555556,0.6271186440677967,9,10
41005,right,L1,553,0.3333333333333335,0.5254237288135593,11,5
41006,right,L3,493,0.2777777777777777,0.7627118644067796,14,9
41007,right,L1,644,0.666666667,0.5932203389830508,15,3
41008,right,L3,738,0.2777777777777777,0.423728814,9,4
41009,right,L3,374,-0.277777778,0.423728814,4,9
41010,right,L3,680,0.055555556,0.8305084745762712,13,12
41011,right,L2,304,-0.722222222,0.15254237288135597,-4,9
41012,right,L3,189,-0.722222222,0.423728814,0,13
41013,right,L2,436,-0.055555556,-0.525423729,-8,-7
41014,right,L1,96,-0.111111111,-0.355932203,-6,-4
41015,right,L2,523,-0.222222222,0.4576271186440677,5,9
41016,right,L1,523,-0.222222222,0.4576271186440677,5,9
41017,right,L3,537,-0.055555556,-0.796610169,-12,-11
41018,right,L1,41,0.3333333333333335,0.9322033898305084,17,11
41019,right,L1,101,0.7777777777777779,0.18644067796610164,10,-4
41020,right,L2,294,-0.111111111,-0.694915254,-11,-9
41021,right,L3,674,0.4444444444444444,-0.491525424,-3,-11
41022,right,L2,765,0.2777777777777777,0.2881355932203389,7,2
41023,right,L2,698,-0.722222222,-0.254237288,-10,3
41024,right,L3,298,0.5,0.15254237288135597,7,-2
41025,right,L1,796,-0.444444444,0.8644067796610169,9,17
41026,right,L3,466,-0.111111111,0.4576271186440677,6,8
41027,right,L1,333,-0.055555556,-0.728813559,-11,-10
41028,right,L2,91,0.11111111111111116,0.18644067796610164,4,2
41029,right,L1,557,-0.666666667,-0.355932203,-11,1
41030,right,L1,764,0.8888888888888888,-0.220338983,5,-11
41031,right,L2,5,0.11111111111111116,0.5254237288135593,9,7
41032,right,L2,404,0.11111111111111116,0.6610169491525424,11,9
41033,right,L1,352,0.22222222222222232,0.9322033898305084,16,12
41034,right,L3,719,-0.166666667,0.8983050847457628,12,15
41035,right,L3,759,-0.777777778,0.4576271186440677,0,14
41036,right,L1,417,0.666666667,-0.355932203,1,-11
41037,right,L3,192,-0.777777778,0.3220338983050848,-2,12
41038,right,L3,245,0.5,-0.118644068,3,-6
41039,right,L2,258,0.38888888888888906,-0.593220339,-5,-12
41040,right,L2,714,-0.555555556,0.38983050847457634,1,11
41041,right,L3,236,0.11111111111111116,0.11864406779661008,3,1
41042,right,L1,309,0.666666667,0.38983050847457634,12,0
41043,right,L3,446,-0.222222222,-0.491525424,-9,-5
41044,right,L3,576,0,0.9322033898305084,14,14
41045,right,L2,709,0.22222222222222232,-0.830508475,-10,-14
41046,right,L3,37,-0.166666667,0.15254237288135597,1,4
41047,right,L1,405,-0.333333333,0.3220338983050848,2,8
41048,right,L3,749,0.16666666666666674,0.016949152542372836,2,-1
41049,right,L1,40,0.22222222222222232,-0.220338983,-1,-5
41050,right,L1,468,0.2777777777777777,0.35593220338983045,8,3
41051,right,L1,541,0.4444444444444444,0.4576271186440677,11,3
41052,right,L2,136,-0.055555556,0.084745763,1,2
41053,right,L3,723,0.16666666666666674,-0.389830508,-4,-7
41054,right,L2,150,0.8333333333333333,0.15254237288135597,10,-5
41055,right,L1,157,0.055555556,-0.254237288,-3,-4
41056,right,L3,428,0.16666666666666674,0.7627118644067796,13,10
41057,right,L3,156,0.9444444444444444,0.016949152542372836,9,-8
41058,right,L2,67,0.16666666666666674,-0.457627119,-5,-8
41059,right,L2,132,-0.222222222,0.11864406779661008,0,4
41060,right,L1,657,0.16666666666666674,-0.86440678,-11,-14
41061,right,L1,547,0.055555556,0.6949152542372881,11,10
41062,right,L1,791,0.11111111111111116,-0.966101695,-13,-15
41063,right,L2,406,-0.166666667,-0.86440678,-14,-11
41064,right,L2,620,-0.833333333,0.016949152542372836,-7,8
41065,right,L3,384,0.666666667,-0.084745763,5,-7
41066,right,L1,335,-0.222222222,0.2542372881355932,2,6
41067,right,L1,731,0.6111111111111112,0.2881355932203389,10,-1
41068,right,L3,744,0.38888888888888906,0.8305084745762712,16,9
41070,right,L2,93,0.6111111111111112,0.084745763,7,-4
41071,right,L2,291,-0.777777778,0.050847458,-6,8
41072,right,L3,17,-0.166666667,-0.186440678,-4,-1
41073,right,L3,100,-0.222222222,-0.355932203,-7,-3
41074,right,L2,380,0.055555556,0.9661016949152543,15,14
41075,right,L2,210,0.666666667,0.2542372881355932,10,-2
41076,right,L1,466,-0.111111111,0.4576271186440677,6,8
41077,right,L3,747,0,0.050847458,1,1
41078,right,L1,149,-0.666666667,-0.491525424,-13,-1
41079,right,L1,513,0.38888888888888906,-0.457627119,-3,-10
41080,right,L2,256,-0.555555556,-0.694915254,-15,-5
41081,right,L2,427,-0.555555556,-0.627118644,-14,-4
41082,right,L1,564,-0.388888889,-0.796610169,-15,-8
41083,right,L2,604,0.6111111111111112,-0.593220339,-3,-14
41084,right,L2,422,0.7777777777777779,-0.152542373,5,-9
41085,right,L1,698,-0.722222222,-0.254237288,-10,3
41086,right,L2,657,0.16666666666666674,-0.86440678,-11,-14
41087,right,L3,709,0.22222222222222232,-0.830508475,-10,-14
41088,right,L2,757,0,-0.220338983,-3,-3
41089,right,L3,327,-0.611111111,0.084745763,-4,7
41090,right,L3,558,0.38888888888888906,-0.728813559,-7,-14
41091,right,L3,684,0.6111111111111112,0.5593220338983051,14,3
41093,right,L1,689,0.22222222222222232,0.5932203389830508,11,7
41094,right,L2,179,0.5555555555555554,-0.559322034,-3,-13
41095,right,L3,74,0.055555556,-0.322033898,-4,-5
41096,right,L1,338,0.11111111111111116,-0.016949153,1,-1
41097,right,L3,497,-0.722222222,0.016949152542372836,-6,7
41098,right,L3,686,-0.555555556,-0.762711864,-16,-6
41099,right,L2,640,0.11111111111111116,-0.559322034,-7,-9
41100,right,L3,209,0.3333333333333335,-0.288135593,-1,-7
41101,right,L3,248,0.666666667,-0.016949153,6,-6
41102,right,L3,669,-0.444444444,-0.559322034,-12,-4
41103,right,L2,694,-0.5,0.084745763,-3,6
41104,right,L3,371,-0.722222222,-0.186440678,-9,4
41105,right,L2,325,-0.611111111,0.016949152542372836,-5,6
41106,right,L1,282,0,0.8644067796610169,13,13
41108,right,L2,234,-0.166666667,0.084745763,0,3
41109,right,L2,594,-0.777777778,-0.559322034,-15,-1
41111,right,L2,419,0.2777777777777777,-0.389830508,-3,-8
41112,right,L3,97,0.5555555555555554,0.050847458,6,-4
41113,right,L2,681,0.16666666666666674,-0.728813559,-9,-12
41114,right,L1,78,-0.222222222,0.6610169491525424,8,12
41115,right,L1,761,0.4444444444444444,-0.627118644,-5,-13
41116,right,L1,183,0.5,-0.525423729,-3,-12
41117,right,L1,507,0.5555555555555554,-0.423728814,-1,-11
41118,right,L1,608,-0.111111111,0.3220338983050848,4,6
41119,right,L3,564,-0.388888889,-0.796610169,-15,-8
41120,right,L3,506,-0.111111111,-0.423728814,-7,-5
41121,right,L1,162,0.4444444444444444,-0.084745763,3,-5
41122,right,L3,678,-0.388888889,-0.254237288,-7,0
41123,right,L3,9,-0.5,0.2881355932203389,0,9
41124,right,L1,143,0.4444444444444444,0.5254237288135593,12,4
41125,right,L1,533,0,-0.559322034,-8,-8
41126,right,L2,533,0,-0.559322034,-8,-8
41127,right,L1,438,-0.277777778,0.8983050847457628,11,16
41128,right,L2,70,0.38888888888888906,0.6949152542372881,14,7
41129,right,L3,479,0.22222222222222232,0.3220338983050848,7,3
41130,right,L1,100,-0.222222222,-0.355932203,-7,-3
41131,right,L1,81,-0.666666667,-0.084745763,-7,5
41132,right,L2,703,0.2777777777777777,0.016949152542372836,3,-2
41133,right,L1,501,-0.111111111,0.050847458,0,2
41134,right,L3,677,-0.055555556,0.35593220338983045,5,6
41135,right,L2,773,-0.611111111,-0.661016949,-15,-4
41136,right,L1,129,-0.055555556,-0.457627119,-7,-6
41137,right,L1,28,-0.555555556,0.18644067796610164,-2,8
41138,right,L1,538,0.38888888888888906,0.016949152542372836,4,-3
41139,right,L2,743,-0.722222222,-0.661016949,-16,-3
41140,right,L1,661,0.3333333333333335,0.4576271186440677,10,4
41141,right,L2,186,0.11111111111111116,0.8644067796610169,14,12
41142,right,L2,162,0.4444444444444444,-0.084745763,3,-5
41143,right,L1,371,-0.722222222,-0.186440678,-9,4
41144,right,L1,649,0.055555556,0.15254237288135597,3,2
41145,right,L2,144,-0.833333333,-0.389830508,-13,2
41146,right,L2,473,0.38888888888888906,0.7627118644067796,15,8
41147,right,L1,489,0.3333333333333335,0.3220338983050848,8,2
41148,right,L3,179,0.5555555555555554,-0.559322034,-3,-13
41149,right,L1,79,-0.277777778,0.016949152542372836,-2,3
41150,right,L1,632,-0.333333333,-0.694915254,-13,-7
41151,right,L1,1,0.6111111111111112,0.423728814,12,1
41152,right,L2,590,-0.166666667,0.2881355932203389,3,6
41153,right,L3,337,0.5555555555555554,-0.220338983,2,-8
41154,right,L1,696,0.22222222222222232,0.5254237288135593,10,6
41155,right,L3,529,-0.222222222,-0.084745763,-3,1
41156,right,L1,191,0.055555556,-0.389830508,-5,-6
41157,right,L2,389,0.666666667,-0.559322034,-2,-14
41158,right,L3,323,0.7222222222222221,-0.457627119,0,-13
41159,right,L3,445,0.22222222222222232,0.2542372881355932,6,2
41160,right,L1,515,0.8333333333333333,-0.254237288,4,-11
41161,right,L1,305,0.7777777777777779,0.11864406779661008,9,-5
41162,right,L1,29,0.055555556,-0.118644068,-1,-2
41163,right,L1,375,0.6111111111111112,0.22033898305084754,9,-2
41164,right,L3,663,0,0.2542372881355932,4,4
41165,right,L3,600,-0.333333333,-0.355932203,-8,-2
41166,right,L1,593,-0.333333333,-0.491525424,-10,-4
41167,right,L3,666,-0.833333333,-0.457627119,-14,1
41168,right,L3,95,-0.5,-0.728813559,-15,-6
41169,right,L2,30,-0.666666667,0.5254237288135593,2,14
41170,right,L3,418,0.16666666666666674,0.4915254237288136,9,6
41171,right,L2,299,0.4444444444444444,0.38983050847457634,10,2
41172,right,L1,341,-0.722222222,-0.593220339,-15,-2
41173,right,L1,720,0.5,0.6949152542372881,15,6
41174,right,L2,603,0.2777777777777777,-0.796610169,-9,-14
41175,right,L2,138,-0.055555556,0.8983050847457628,13,14
41176,right,L3,526,0,-0.355932203,-5,-5
41177,right,L1,174,-0.5,-0.525423729,-12,-3
41178,right,L2,455,-0.833333333,-0.254237288,-11,4
41179,right,L2,725,0.3333333333333335,-0.830508475,-9,-15
41180,right,L2,599,0.055555556,0.2881355932203389,5,4
41181,right,L2,774,0.8888888888888888,0.18644067796610164,11,-5
41182,right,L2,205,-0.555555556,-0.220338983,-8,2
41183,right,L1,155,0.8333333333333333,0.423728814,14,-1
41184,right,L1,605,-0.388888889,0.4915254237288136,4,11
41185,right,L3,465,-0.333333333,-0.016949153,-3,3
41186,right,L3,772,-0.111111111,0.38983050847457634,5,7
41187,right,L1,347,0.5,-0.457627119,-2,-11
41188,right,L1,537,-0.055555556,-0.796610169,-12,-11
41189,right,L2,674,0.4444444444444444,-0.491525424,-3,-11
41190,right,L1,348,-0.333333333,0.4576271186440677,4,10
41191,right,L2,229,-0.555555556,0.050847458,-4,6
41192,right,L1,693,0.2777777777777777,0.8305084745762712,15,10
41193,right,L3,359,-0.277777778,0.7627118644067796,9,14
41194,right,L1,498,-0.666666667,0.3220338983050848,-1,11
41195,right,L1,419,0.2777777777777777,-0.389830508,-3,-8
41196,right,L2,133,0.3333333333333335,0.6610169491525424,13,7
41197,right,L2,107,-0.888888889,-0.084745763,-9,7
41198,right,L1,378,0.3333333333333335,0.5932203389830508,12,6
41199,right,L2,78,-0.222222222,0.6610169491525424,8,12
41200,right,L1,747,0,0.050847458,1,1
41201,right,L1,126,-0.388888889,0.35593220338983045,2,9
41202,right,L2,83,-0.277777778,-0.728813559,-13,-8
41203,right,L1,213,-0.333333333,-0.152542373,-5,1
41204,right,L1,687,0.6111111111111112,-0.118644068,4,-7
41205,right,L1,283,0.4444444444444444,0.11864406779661008,6,-2
41206,right,L1,293,-0.5,-0.593220339,-13,-4
41207,right,L1,573,-0.444444444,0.4576271186440677,3,11
41208,right,L3,19,0.7222222222222221,0.5593220338983051,15,2
41209,right,L3,135,0.3333333333333335,-0.762711864,-8,-14
41210,right,L2,456,-0.055555556,0.6949152542372881,10,11
41211,right,L2,172,-0.111111111,0.728813559,10,12
41212,right,L1,456,-0.055555556,0.6949152542372881,10,11
41213,right,L2,366,0.5555555555555554,-0.694915254,-5,-15
41214,right,L2,353,-0.222222222,0.7966101694915255,10,14
41215,right,L3,625,0.22222222222222232,0.7966101694915255,14,10
41216,right,L2,442,0.5,0.8305084745762712,17,8
41217,right,L1,199,0,-0.423728814,-6,-6
41218,right,L1,124,-0.166666667,-0.254237288,-5,-2
41219,right,L3,315,0.3333333333333335,-0.220338983,0,-6
41220,right,L1,57,-0.722222222,-0.389830508,-12,1
41221,right,L2,482,-0.166666667,0.5593220338983051,7,10
41222,right,L3,608,-0.111111111,0.3220338983050848,4,6
41223,right,L3,293,-0.5,-0.593220339,-13,-4
41224,right,L1,560,0.7777777777777779,0.4576271186440677,14,0
41225,right,L3,25,0.9444444444444444,0.084745763,10,-7
41226,right,L3,471,-0.333333333,-0.898305085,-16,-10
41227,right,L2,446,-0.222222222,-0.491525424,-9,-5
41228,right,L1,653,0.666666667,-0.423728814,0,-12
41229,right,L1,88,-0.777777778,0.11864406779661008,-5,9
41230,right,L1,602,-0.444444444,-0.084745763,-5,3
41231,right,L2,691,1,0.11864406779661008,11,-7
41232,right,L1,484,-0.388888889,-0.322033898,-8,-1
41233,right,L2,449,-0.666666667,-0.559322034,-14,-2
41234,right,L1,232,0.38888888888888906,0.423728814,10,3
41235,right,L2,721,-0.611111111,0.423728814,1,12
41236,right,L2,137,-0.611111111,-0.254237288,-9,2
41237,right,L3,541,0.4444444444444444,0.4576271186440677,11,3
41238,right,L1,784,0.38888888888888906,0.9661016949152543,18,11
41239,right,L2,203,-0.388888889,-0.050847458,-4,3
41240,right,L2,59,0.22222222222222232,0.050847458,3,-1
41241,right,L3,544,-0.388888889,-0.457627119,-10,-3
41242,right,L1,699,0.5555555555555554,-0.016949153,5,-5
41243,right,L1,238,0.8333333333333333,-0.118644068,6,-9
41244,right,L1,59,0.22222222222222232,0.050847458,3,-1
41245,right,L3,557,-0.666666667,-0.355932203,-11,1
41246,right,L3,223,0.22222222222222232,0.8644067796610169,15,11
41247,right,L3,630,-0.444444444,0.2542372881355932,0,8
41249,right,L2,347,0.5,-0.457627119,-2,-11
41250,right,L2,541,0.4444444444444444,0.4576271186440677,11,3
41251,right,L3,302,-0.277777778,0.5593220338983051,6,11
41252,right,L1,320,0.16666666666666674,-0.186440678,-1,-4
41253,right,L1,93,0.6111111111111112,0.084745763,7,-4
41254,right,L2,283,0.4444444444444444,0.11864406779661008,6,-2
41255,right,L3,485,0.2777777777777777,-0.118644068,1,-4
41256,right,L3,158,-0.388888889,-0.186440678,-6,1
41257,right,L1,559,0.666666667,0.728813559,17,5
41258,right,L2,693,0.2777777777777777,0.8305084745762712,15,10
41259,right,L2,156,0.9444444444444444,0.016949152542372836,9,-8
41260,right,L1,485,0.2777777777777777,-0.118644068,1,-4
41261,right,L2,45,0.5,-0.050847458,4,-5
41262,right,L1,462,0.11111111111111116,0.5932203389830508,10,8
41263,right,L2,251,0.11111111111111116,-0.491525424,-6,-8
41264,right,L1,386,0.6111111111111112,0.6271186440677967,15,4
41265,right,L2,766,-0.222222222,-0.152542373,-4,0
41266,right,L1,634,0.2777777777777777,-0.525423729,-5,-10
41267,right,L1,652,0.6111111111111112,-0.389830508,0,-11
41268,right,L2,483,-0.277777778,-0.254237288,-6,-1
41269,right,L2,611,0.11111111111111116,-0.627118644,-8,-10
41270,right,L1,569,-0.666666667,0.18644067796610164,-3,9
41271,right,L2,130,-0.222222222,0.38983050847457634,4,8
41272,right,L2,201,0.8333333333333333,0.2881355932203389,12,-3
41273,right,L3,320,0.16666666666666674,-0.186440678,-1,-4
41274,right,L1,261,0.055555556,0.423728814,7,6
41275,right,L2,464,-0.444444444,-0.016949153,-4,4
41276,right,L2,563,-0.611111111,-0.457627119,-12,-1
41277,right,L2,439,0.2777777777777777,-0.322033898,-2,-7
41278,right,L2,286,0,-0.830508475,-12,-12
41279,right,L1,491,-0.833333333,-0.050847458,-8,7
41280,right,L1,75,0.666666667,0.4576271186440677,13,1
41281,right,L1,771,-0.388888889,-0.93220339,-17,-10
41282,right,L2,628,0,-0.016949153,0,0
41283,right,L3,560,0.7777777777777779,0.4576271186440677,14,0
41284,right,L1,474,0.2777777777777777,-0.593220339,-6,-11
41285,right,L2,708,0.38888888888888906,-0.86440678,-9,-16
41286,right,L2,503,-0.388888889,0.5593220338983051,5,12
41287,right,L1,180,-0.277777778,-0.93220339,-16,-11
41288,right,L2,398,0.3333333333333335,0.728813559,14,8
41289,right,L1,717,-0.222222222,-0.762711864,-13,-9
41290,right,L1,286,0,-0.830508475,-12,-12
41291,right,L1,334,-0.111111111,-0.898305085,-14,-12
41292,right,L1,219,-0.666666667,-0.152542373,-8,4
41293,right,L1,757,0,-0.220338983,-3,-3
41294,right,L1,14,-0.055555556,-0.93220339,-14,-13
41295,right,L1,726,-0.222222222,-0.966101695,-16,-12
41296,right,L1,525,0.11111111111111116,-0.694915254,-9,-11
41297,right,L1,612,0.3333333333333335,-0.898305085,-10,-16
41298,right,L3,702,0.5,0.7627118644067796,16,7
41299,right,L1,767,-0.111111111,0.9322033898305084,13,15
41300,right,L2,421,0.11111111111111116,0.38983050847457634,7,5
41301,right,L3,658,-0.111111111,0.6610169491525424,9,11
41302,right,L1,715,-0.444444444,0.3220338983050848,1,9
41303,right,L1,227,0.7222222222222221,0.15254237288135597,9,-4
41304,right,L3,756,-0.555555556,0.6610169491525424,5,15
41305,right,L3,386,0.6111111111111112,0.6271186440677967,15,4
41306,right,L1,125,-0.611111111,0.2881355932203389,-1,10
41307,right,L2,74,0.055555556,-0.322033898,-4,-5
41308,right,L3,33,-0.333333333,0.5932203389830508,6,12
41309,right,L3,457,0.16666666666666674,0.5593220338983051,10,7
41310,right,L2,571,0,-0.491525424,-7,-7
41311,right,L3,623,-0.166666667,0.423728814,5,8
41312,right,L2,788,-0.388888889,0.8983050847457628,10,17
41313,right,L1,368,0.4444444444444444,-0.694915254,-6,-14
41314,right,L1,17,-0.166666667,-0.186440678,-4,-1
41315,right,L1,32,0,0.38983050847457634,6,6
41316,right,L2,381,0.8333333333333333,-0.322033898,3,-12
41317,right,L2,387,0.055555556,-0.525423729,-7,-8
41318,right,L1,350,-0.166666667,0.4915254237288136,6,9
41319,right,L1,421,0.11111111111111116,0.38983050847457634,7,5
41320,right,L2,337,0.5555555555555554,-0.220338983,2,-8
41321,right,L1,550,0.16666666666666674,0.084745763,3,0
41322,right,L3,339,-0.722222222,0.35593220338983045,-1,12
41323,right,L3,638,0.055555556,0.22033898305084754,4,3
41324,right,L1,691,1,0.11864406779661008,11,-7
41325,right,L2,155,0.8333333333333333,0.423728814,14,-1
41326,right,L2,792,-0.888888889,0.050847458,-7,9
41327,right,L3,660,-0.222222222,0.9322033898305084,12,16
41328,right,L2,440,-0.166666667,0.7627118644067796,10,13
41329,right,L3,314,0.9444444444444444,0.15254237288135597,11,-6
41330,right,L1,160,0.22222222222222232,0.6610169491525424,12,8
41331,right,L3,503,-0.388888889,0.5593220338983051,5,12
41332,right,L1,295,0.16666666666666674,0.9661016949152543,16,13
41333,right,L3,151,0.3333333333333335,-0.491525424,-4,-10
41334,right,L1,54,0.38888888888888906,0.084745763,5,-2
41335,right,L3,475,0.38888888888888906,-0.050847458,3,-4
41337,right,L1,299,0.4444444444444444,0.38983050847457634,10,2
41338,right,L1,202,0.055555556,0.8983050847457628,14,13
41339,right,L2,423,-0.333333333,-0.627118644,-12,-6
41340,right,L1,675,0.7222222222222221,0.6271186440677967,16,3
41341,right,L2,15,-0.277777778,-0.118644068,-4,1
41342,right,L1,748,0.4444444444444444,0.6610169491525424,14,6
41343,right,L2,125,-0.611111111,0.2881355932203389,-1,10
41344,right,L3,155,0.8333333333333333,0.423728814,14,-1
41345,right,L1,123,0.8888888888888888,0.3220338983050848,13,-3
41346,right,L2,261,0.055555556,0.423728814,7,6
41347,right,L3,516,-0.777777778,-0.627118644,-16,-2
41348,right,L3,32,0,0.38983050847457634,6,6
41349,right,L2,17,-0.166666667,-0.186440678,-4,-1
41350,right,L1,314,0.9444444444444444,0.15254237288135597,11,-6
41351,right,L1,473,0.38888888888888906,0.7627118644067796,15,8
41352,right,L2,505,-0.666666667,-0.762711864,-17,-5
41353,right,L2,14,-0.055555556,-0.93220339,-14,-13
41354,right,L3,237,0.16666666666666674,0.8983050847457628,15,12
41355,right,L3,700,-0.611111111,0.4915254237288136,2,13
41356,right,L3,685,0.5,-0.322033898,0,-9
41357,right,L2,368,0.4444444444444444,-0.694915254,-6,-14
41358,right,L3,552,-0.5,-0.050847458,-5,4
41359,right,L3,510,0.16666666666666674,0.35593220338983045,7,4
41360,right,L2,71,0.16666666666666674,-0.118644068,0,-3
41361,right,L2,493,0.2777777777777777,0.7627118644067796,14,9
41362,right,L2,196,0.11111111111111116,0.2542372881355932,5,3
41363,right,L2,602,-0.444444444,-0.084745763,-5,3
41364,right,L3,627,-0.055555556,-0.050847458,-1,0
41365,right,L1,648,-0.166666667,0.22033898305084754,2,5
41366,right,L2,512,-0.666666667,-0.016949153,-6,6
41367,right,L1,234,-0.166666667,0.084745763,0,3
41368,right,L2,245,0.5,-0.118644068,3,-6
41369,right,L2,488,-0.833333333,0.15254237288135597,-5,10
41370,right,L2,742,0.38888888888888906,0.35593220338983045,9,2
41371,right,L3,129,-0.055555556,-0.457627119,-7,-6
41372,right,L3,610,-0.277777778,-0.796610169,-14,-9
41373,right,L2,407,0.5555555555555554,-0.355932203,0,-10
41374,right,L2,64,-0.5,-0.796610169,-16,-7
41375,right,L2,526,0,-0.355932203,-5,-5
41376,right,L1,674,0.4444444444444444,-0.491525424,-3,-11
41377,right,L3,423,-0.333333333,-0.627118644,-12,-6
41378,right,L2,656,-0.055555556,-0.389830508,-6,-5
41379,right,L2,159,-0.833333333,0.22033898305084754,-4,11
41380,right,L1,245,0.5,-0.118644068,3,-6
41381,right,L2,339,-0.722222222,0.35593220338983045,-1,12
41382,right,L3,582,0.055555556,0.7627118644067796,12,11
41383,right,L2,583,-0.388888889,-0.86440678,-16,-9
41384,right,L3,279,0.4444444444444444,0.2542372881355932,8,0
41385,right,L2,37,-0.166666667,0.15254237288135597,1,4
41386,right,L2,462,0.11111111111111116,0.5932203389830508,10,8
41387,right,L3,5,0.11111111111111116,0.5254237288135593,9,7
41388,right,L1,708,0.38888888888888906,-0.86440678,-9,-16
41389,right,L3,69,-0.111111111,0.2542372881355932,3,5
41390,right,L3,221,0.7222222222222221,0.084745763,8,-5
41391,right,L3,767,-0.111111111,0.9322033898305084,13,15
41392,right,L3,180,-0.277777778,-0.93220339,-16,-11
41393,right,L1,650,0.2777777777777777,-0.86440678,-10,-15
41394,right,L1,139,-0.111111111,-0.491525424,-8,-6
41395,right,L3,79,-0.277777778,0.016949152542372836,-2,3
41396,right,L2,577,-0.555555556,-0.491525424,-12,-2
41397,right,L3,120,0.055555556,-0.050847458,0,-1
41398,right,L3,276,-0.277777778,0.084745763,-1,4
41399,right,L3,408,0.666666667,-0.152542373,4,-8
41400,right,L3,527,0.4444444444444444,-0.288135593,0,-8
41402,right,L2,38,0,-0.084745763,-1,-1
41403,right,L1,755,-0.5,0.6271186440677967,5,14
41404,right,L1,90,0.38888888888888906,0.15254237288135597,6,-1
41405,right,L2,198,-0.666666667,0.050847458,-5,7
41406,right,L2,204,-0.555555556,-0.084745763,-6,4
41407,right,L3,461,-0.833333333,-0.186440678,-10,5
41408,right,L1,746,0.2777777777777777,0.084745763,4,-1
41409,right,L3,708,0.38888888888888906,-0.86440678,-9,-16
41410,right,L2,208,-0.611111111,-0.728813559,-16,-5
41411,right,L3,241,-0.277777778,-0.593220339,-11,-6
41412,right,L2,638,0.055555556,0.22033898305084754,4,3
41414,right,L2,111,-0.222222222,-0.830508475,-14,-10
41415,right,L1,307,-0.611111111,-0.86440678,-18,-7
41416,right,L1,351,0.055555556,-0.593220339,-8,-9
41417,right,L3,765,0.2777777777777777,0.2881355932203389,7,2
41418,right,L3,146,-0.111111111,-0.220338983,-4,-2
41419,right,L1,623,-0.166666667,0.423728814,5,8
41420,right,L2,551,0.38888888888888906,-0.322033898,-1,-8
41421,right,L2,344,0.16666666666666674,-0.525423729,-6,-9
41422,right,L1,401,0.16666666666666674,-0.661016949,-8,-11
41423,right,L1,606,0.055555556,-0.661016949,-9,-10
41425,right,L1,565,0,-0.898305085,-13,-13
41426,right,L1,580,0.16666666666666674,-0.796610169,-10,-13
41427,right,L2,769,-0.5,-0.93220339,-18,-9
41428,right,L3,43,0.5555555555555554,0.5932203389830508,14,4
41429,right,L1,441,-0.333333333,-0.559322034,-11,-5
41430,right,L3,637,-0.388888889,-0.728813559,-14,-7
41431,right,L3,721,-0.611111111,0.423728814,1,12
41432,right,L3,172,-0.111111111,0.728813559,10,12
41433,right,L3,2,0.8888888888888888,0.050847458,9,-7
41434,right,L1,490,0.5555555555555554,0.18644067796610164,8,-2
41435,right,L3,55,0.38888888888888906,-0.389830508,-2,-9
41436,right,L3,362,-0.222222222,-0.694915254,-12,-8
41437,right,L2,578,-0.5,-0.389830508,-10,-1
41438,right,L1,785,0.3333333333333335,1,18,12
41439,right,L2,575,-0.722222222,0.2881355932203389,-2,11
41440,right,L3,166,0,0.5932203389830508,9,9
41441,right,L1,153,-0.888888889,-0.016949153,-8,8
41442,right,L2,572,0.8333333333333333,0.084745763,9,-6
41443,right,L1,718,0.5555555555555554,0.7966101694915255,17,7
41444,right,L3,329,0,0.7966101694915255,12,12
41445,right,L3,82,0.7222222222222221,0.22033898305084754,10,-3
41446,right,L1,209,0.3333333333333335,-0.288135593,-1,-7
41447,right,L2,507,0.5555555555555554,-0.423728814,-1,-11
41448,right,L2,609,0.22222222222222232,-0.016949153,2,-2
41449,right,L3,147,-0.166666667,0.6949152542372881,9,12
41450,right,L2,705,-0.166666667,0.016949152542372836,-1,2
41451,right,L3,14,-0.055555556,-0.93220339,-14,-13
41452,right,L3,267,0.666666667,0.050847458,7,-5
41453,right,L1,389,0.666666667,-0.559322034,-2,-14
41454,right,L1,381,0.8333333333333333,-0.322033898,3,-12
41455,right,L2,784,0.38888888888888906,0.9661016949152543,18,11
41456,right,L3,212,-0.222222222,-0.559322034,-10,-6
41457,right,L3,741,0.22222222222222232,-0.491525424,-5,-9
41458,right,L1,105,-0.333333333,0.728813559,8,14
41459,right,L3,632,-0.333333333,-0.694915254,-13,-7
41460,right,L3,439,0.2777777777777777,-0.322033898,-2,-7
41461,right,L2,55,0.38888888888888906,-0.389830508,-2,-9
41462,right,L3,454,-0.555555556,-0.423728814,-11,-1
41463,right,L2,485,0.2777777777777777,-0.118644068,1,-4
41464,right,L3,287,0.5,0.423728814,11,2
41465,right,L1,442,0.5,0.8305084745762712,17,8
